backbone,minimum_mw,start_date,period_s,n_records,n_events,n_stations,n_graph_components,largest_component_records,solver_max_relative_normal_residual
bindi2014_rhyp,4.5,2015-01-01,1.0,13430,634,539,2,12016,2.618772044240934e-10
bindi2014_rhyp,4.5,2015-01-01,2.0,13430,634,539,2,12016,2.631992584357391e-10
bindi2014_rhyp,4.5,2015-01-01,3.0,13430,634,539,2,12016,2.748873663861218e-10
bindi2014_rhyp,5.0,2015-01-01,1.0,5411,213,371,2,4875,1.1656877395905163e-10
bindi2014_rhyp,5.0,2015-01-01,2.0,5411,213,371,2,4875,1.2173219334346728e-10
bindi2014_rhyp,5.0,2015-01-01,3.0,5411,213,371,2,4875,1.3508951021194023e-10
kotha2020_rjb,4.5,all,1.0,1616,72,193,2,1211,5.976926982822973e-11
kotha2020_rjb,4.5,all,2.0,1616,72,193,2,1211,4.8450299096410533e-11
kotha2020_rjb,4.5,all,3.0,1616,72,193,2,1211,4.3382611456210675e-11
