period_s,probability_level,n_station_values,official_vs400_sa_g_q05,official_vs400_sa_g_q50,official_vs400_sa_g_q95,surface_reference_factor_q05,surface_reference_factor_q50,surface_reference_factor_q95,ergodic_surface_sa_g_q05,ergodic_surface_sa_g_q50,ergodic_surface_sa_g_q95,oof_multiplier_q05,oof_multiplier_q50,oof_multiplier_q95,adjusted_surface_sa_g_q05,adjusted_surface_sa_g_q50,adjusted_surface_sa_g_q95,nonergodic_delta_pct_q05,nonergodic_delta_pct_q50,nonergodic_delta_pct_q95,hazard_scenario,hazard_product,source_type
0.1,50y_10pct,1084,0.4664871439278449,0.6962409181524781,1.156590272927044,0.8283674905217387,1.0171777122896741,1.2559631316702793,0.5038511424783192,0.708444397432973,1.1705915188577873,0.5224796568068482,1.0038509573074066,1.6597046595482785,0.34910447398240363,0.7370986062794298,1.3256905866375956,-47.75203431931518,0.38509573074066994,65.97046595482784,active_shallow_crustal,active_shallow,Crustal
0.1,50y_2pct,1084,0.8102662886918571,1.2022484742496165,1.8174525449567387,0.8283674905217387,1.0171777122896741,1.2559631316702793,0.8791593171001855,1.2138042345946234,1.8797684101868708,0.5224796568068482,1.0038509573074066,1.6597046595482785,0.5997748621951279,1.2624101091621869,2.197926768825399,-47.75203431931518,0.38509573074066994,65.97046595482784,active_shallow_crustal,active_shallow,Crustal
0.1,50y_39pct,1084,0.231142688889682,0.35091055559237866,0.6317192313379186,0.8283674905217387,1.0171777122896741,1.2559631316702793,0.24598780895554723,0.3605919217398906,0.6450264679630722,0.5224796568068482,1.0038509573074066,1.6597046595482785,0.17793864170410884,0.36844595236970323,0.7034445436735453,-47.75203431931518,0.38509573074066994,65.97046595482784,active_shallow_crustal,active_shallow,Crustal
0.1,50y_5pct,1084,0.6036663692494378,0.8982798917061382,1.4179406321220798,0.8283674905217387,1.0171777122896741,1.2559631316702793,0.6548806920410138,0.9107040544584728,1.4462190741946712,0.5224796568068482,1.0038509573074066,1.6597046595482785,0.449473092918139,0.9501823570323416,1.674149906734834,-47.75203431931518,0.38509573074066994,65.97046595482784,active_shallow_crustal,active_shallow,Crustal
0.2,50y_10pct,1084,0.5183123033859677,0.7499417232184283,1.2656654922934942,0.6573685602073961,1.0386744022090715,1.6615401985714815,0.47214648657719055,0.7978696779743232,1.414208878543467,0.5157039826690443,1.0042400929573447,1.9741878138219406,0.3524383815758009,0.8329611000130406,1.7100794511829325,-48.429601733095566,0.4240092957344843,97.41878138219406,active_shallow_crustal,active_shallow,Crustal
0.2,50y_2pct,1084,0.9550806034680549,1.3265049736658288,2.052642390622689,0.6573685602073961,1.0386744022090715,1.6615401985714815,0.8666173725373432,1.427780498868807,2.478793639259587,0.5157039826690443,1.0042400929573447,1.9741878138219406,0.6238275012138886,1.4772166003187055,3.0291149870020706,-48.429601733095566,0.4240092957344843,97.41878138219406,active_shallow_crustal,active_shallow,Crustal
0.2,50y_39pct,1084,0.2494879698979774,0.3658451153044108,0.6725577592755937,0.6573685602073961,1.0386744022090715,1.6615401985714815,0.2202511131950991,0.39143658864112973,0.733901333886104,0.5157039826690443,1.0042400929573447,1.9741878138219406,0.17411069823151037,0.40649076101671394,0.8432224043355447,-48.429601733095566,0.4240092957344843,97.41878138219406,active_shallow_crustal,active_shallow,Crustal
0.2,50y_5pct,1084,0.6863056905263265,0.9804632570755559,1.5831592847710478,0.6573685602073961,1.0386744022090715,1.6615401985714815,0.6265478610865117,1.0489104830976925,1.8167565012751774,0.5157039826690443,1.0042400929573447,1.9741878138219406,0.4600351803186092,1.0960270486766022,2.24622808317363,-48.429601733095566,0.4240092957344843,97.41878138219406,active_shallow_crustal,active_shallow,Crustal
0.3,50y_10pct,1084,0.42778179602616595,0.6181449832511612,1.0813110491350257,0.5915551015043203,1.0486325701047718,1.8878194747599428,0.35851466972434265,0.6752994761707815,1.3132067267491834,0.5352712866796878,1.003963999730158,1.9405126278270226,0.302977589124534,0.7234313420934317,1.5457979391529317,-46.47287133203121,0.396399973015793,94.05126278270225,active_shallow_crustal,active_shallow,Crustal
0.3,50y_2pct,1084,0.8109796821544565,1.1318319711624256,1.8820947520305098,0.5915551015043203,1.0486325701047718,1.8878194747599428,0.6656883219021025,1.268576600010142,2.417783224643136,0.5352712866796878,1.003963999730158,1.9405126278270226,0.5601176384802506,1.3219582859132828,2.7500504203625975,-46.47287133203121,0.396399973015793,94.05126278270225,active_shallow_crustal,active_shallow,Crustal
0.3,50y_39pct,1084,0.19658074367903414,0.29393982654627215,0.5475225331790158,0.5915551015043203,1.0486325701047718,1.8878194747599428,0.16648519095627354,0.3213026871875502,0.6534119595029645,0.5352712866796878,1.003963999730158,1.9405126278270226,0.14183974462089372,0.34014940198793375,0.7488970235086208,-46.47287133203121,0.396399973015793,94.05126278270225,active_shallow_crustal,active_shallow,Crustal
0.3,50y_5pct,1084,0.5771115365593755,0.8186737570934008,1.3847903718395167,0.5915551015043203,1.0486325701047718,1.8878194747599428,0.47927800725676206,0.9036871684150802,1.7675027890617516,0.5352712866796878,1.003963999730158,1.9405126278270226,0.4060329083734169,0.9641414315892279,1.9934799317028271,-46.47287133203121,0.396399973015793,94.05126278270225,active_shallow_crustal,active_shallow,Crustal
0.5,50y_10pct,1084,0.274200593474836,0.41507946138589635,0.8082462563668525,0.5543457071740083,1.0548127825142712,2.0422516901327312,0.21663878736981435,0.47450406485058605,1.0367016638811675,0.6124744229945329,0.9926201491066147,1.8750909697145492,0.18806945611248943,0.49141770253840095,1.2757389536671593,-38.75255770054671,-0.7379850893385276,87.50909697145492,active_shallow_crustal,active_shallow,Crustal
0.5,50y_2pct,1084,0.5401557361586271,0.813368275608898,1.5985128968608018,0.5543457071740083,1.0548127825142712,2.0422516901327312,0.42770756873006444,0.9441664423536166,2.1024750794147087,0.6124744229945329,0.9926201491066147,1.8750909697145492,0.3745571963969017,0.9563135432205614,2.4859927030346416,-38.75255770054671,-0.7379850893385276,87.50909697145492,active_shallow_crustal,active_shallow,Crustal
0.5,50y_39pct,1084,0.12431695839047993,0.19330551207598928,0.3771917015494588,0.5543457071740083,1.0548127825142712,2.0422516901327312,0.09845906345918,0.2141737455447542,0.48192504860810964,0.6124744229945329,0.9926201491066147,1.8750909697145492,0.08737082366666396,0.22734344358255248,0.5649615220441766,-38.75255770054671,-0.7379850893385276,87.50909697145492,active_shallow_crustal,active_shallow,Crustal
0.5,50y_5pct,1084,0.37341977127765347,0.5706649569424829,1.116963234131941,0.5543457071740083,1.0548127825142712,2.0422516901327312,0.3020757053741365,0.6508022956781345,1.4457632713212596,0.6124744229945329,0.9926201491066147,1.8750909697145492,0.25801614176196164,0.6707389471177505,1.7649784315258112,-38.75255770054671,-0.7379850893385276,87.50909697145492,active_shallow_crustal,active_shallow,Crustal
1.0,50y_10pct,1084,0.09365680940994123,0.16463522201771247,0.39850478501832926,0.5972018466995248,1.0477318491505891,1.866236701300993,0.07544278927014246,0.18721870785186767,0.48506413197900394,0.5907653254903206,0.9676777842013207,1.6656496142822148,0.059979017280331205,0.18828687913277958,0.5563755394359627,-40.92346745096794,-3.232221579867928,66.56496142822148,active_shallow_crustal,active_shallow,Crustal
1.0,50y_2pct,1084,0.19433169838833853,0.351295039590482,0.9316802322913521,0.5972018466995248,1.0477318491505891,1.866236701300993,0.1545956183557178,0.40358718149744566,1.1152341979310352,0.5907653254903206,0.9676777842013207,1.6656496142822148,0.1278327195159681,0.3969317722748382,1.2198709597142066,-40.92346745096794,-3.232221579867928,66.56496142822148,active_shallow_crustal,active_shallow,Crustal
1.0,50y_39pct,1084,0.04120272213243054,0.07566050588121326,0.15453234794756615,0.5972018466995248,1.0477318491505891,1.866236701300993,0.033792605526053586,0.08252607814085866,0.20173275464089252,0.5907653254903206,0.9676777842013207,1.6656496142822148,0.027028202291681454,0.08566667540845081,0.22824967177140637,-40.92346745096794,-3.232221579867928,66.56496142822148,active_shallow_crustal,active_shallow,Crustal
1.0,50y_5pct,1084,0.1307179057068418,0.23284052148287132,0.604651736321781,0.5972018466995248,1.0477318491505891,1.866236701300993,0.10428055637462175,0.2618280831268355,0.7232954435385213,0.5907653254903206,0.9676777842013207,1.6656496142822148,0.08298515377339144,0.2655883810146833,0.8160773790992689,-40.92346745096794,-3.232221579867928,66.56496142822148,active_shallow_crustal,active_shallow,Crustal
2.0,50y_10pct,1084,0.03284805463639469,0.0612828080945073,0.16553542749052938,0.6977645383950569,1.033086631566941,1.5458359917451303,0.027647361067337256,0.0662633126892054,0.1957901936680506,0.6062647562351805,0.9554587655267127,1.4953895628597218,0.02310422573172485,0.0628764042751017,0.20426468036045012,-39.37352437648195,-4.454123447328729,49.53895628597218,active_shallow_crustal,active_shallow,Crustal
2.0,50y_2pct,1084,0.06466164184507452,0.13500741843544942,0.4034266594606719,0.6977645383950569,1.033086631566941,1.5458359917451303,0.05720649601033264,0.14252035745236724,0.4804049981419776,0.6062647562351805,0.9554587655267127,1.4953895628597218,0.048971855532001514,0.13705290103511925,0.4691382962018171,-39.37352437648195,-4.454123447328729,49.53895628597218,active_shallow_crustal,active_shallow,Crustal
2.0,50y_39pct,1084,0.01299272177552987,0.028557759275593605,0.06516925198717195,0.6977645383950569,1.033086631566941,1.5458359917451303,0.011421434577452776,0.030373402573931785,0.07711426308451537,0.6062647562351805,0.9554587655267127,1.4953895628597218,0.009300616434718202,0.028814372291645414,0.08123786450015064,-39.37352437648195,-4.454123447328729,49.53895628597218,active_shallow_crustal,active_shallow,Crustal
2.0,50y_5pct,1084,0.04327821325325162,0.08688938628379722,0.25438563627742383,0.6977645383950569,1.033086631566941,1.5458359917451303,0.03780090044061506,0.092341217921079,0.30000163664691204,0.6062647562351805,0.9554587655267127,1.4953895628597218,0.03199491496706926,0.0882199580428103,0.3025820430407439,-39.37352437648195,-4.454123447328729,49.53895628597218,active_shallow_crustal,active_shallow,Crustal
3.0,50y_10pct,1084,0.017530149949269123,0.032899624234575514,0.09213769788867757,0.760306970403065,1.025096399347686,1.3932925446608997,0.015676902065061574,0.034477045200562925,0.10491188685413447,0.6424126620733928,0.944049700087536,1.516608113867407,0.013474408641279597,0.033270445730717246,0.11524488963362971,-35.75873379266073,-5.595029991246403,51.6608113867407,active_shallow_crustal,active_shallow,Crustal
3.0,50y_2pct,1084,0.034220661999765464,0.06960977499961761,0.21046763675669056,0.760306970403065,1.025096399347686,1.3932925446608997,0.03155442537371645,0.07292289083583797,0.24032711668224777,0.6424126620733928,0.944049700087536,1.516608113867407,0.027264475167830274,0.06959341865527828,0.2511251505860937,-35.75873379266073,-5.595029991246403,51.6608113867407,active_shallow_crustal,active_shallow,Crustal
3.0,50y_39pct,1084,0.007934802710405694,0.015297599078176544,0.03574929359159345,0.760306970403065,1.025096399347686,1.3932925446608997,0.007399727984656027,0.016022239057178964,0.040825818290780004,0.6424126620733928,0.944049700087536,1.516608113867407,0.005914405409881634,0.015429623418837034,0.04371418904977058,-35.75873379266073,-5.595029991246403,51.6608113867407,active_shallow_crustal,active_shallow,Crustal
3.0,50y_5pct,1084,0.02346771476498091,0.046190319833990204,0.13826986279718353,0.760306970403065,1.025096399347686,1.3932925446608997,0.021354896059549353,0.04819367513766104,0.15237384299858717,0.6424126620733928,0.944049700087536,1.516608113867407,0.018398147239509045,0.046289916307857365,0.16617761241914134,-35.75873379266073,-5.595029991246403,51.6608113867407,active_shallow_crustal,active_shallow,Crustal
5.0,50y_10pct,1084,0.0077033183605002735,0.013763512514467224,0.03594733675618076,0.8227707108953237,1.017801636011092,1.2663109588713264,0.007405581157931253,0.014086613421901375,0.039207434930272664,0.6992786621822162,0.948051487966604,1.4577725948412181,0.006668334840546212,0.013579115890371262,0.04053287404618538,-30.07213378177838,-5.194851203339596,45.77725948412181,active_shallow_crustal,active_shallow,Crustal
5.0,50y_2pct,1084,0.014599047075198972,0.026297303360474783,0.07442969107697327,0.8227707108953237,1.017801636011092,1.2663109588713264,0.014147802205749299,0.02662379830863807,0.07960755575184601,0.6992786621822162,0.948051487966604,1.4577725948412181,0.013116481783441832,0.02586950265654827,0.08251613509196672,-30.07213378177838,-5.194851203339596,45.77725948412181,active_shallow_crustal,active_shallow,Crustal
5.0,50y_39pct,1084,0.003691421229471838,0.006628656065017106,0.014964274752336424,0.8227707108953237,1.017801636011092,1.2663109588713264,0.0035691363871230945,0.006744996319450776,0.017378133494759605,0.6992786621822162,0.948051487966604,1.4577725948412181,0.0030077171692130273,0.006627449344290701,0.01789287298706735,-30.07213378177838,-5.194851203339596,45.77725948412181,active_shallow_crustal,active_shallow,Crustal
5.0,50y_5pct,1084,0.010000170394579188,0.018454319262949125,0.052772971911916884,0.8227707108953237,1.017801636011092,1.2663109588713264,0.009760570930197221,0.01867882047680753,0.05432355080391264,0.6992786621822162,0.948051487966604,1.4577725948412181,0.008986767646433021,0.018230942830669707,0.056422625246829894,-30.07213378177838,-5.194851203339596,45.77725948412181,active_shallow_crustal,active_shallow,Crustal
0.1,50y_10pct,779,0.14107600454793431,0.8628802904151776,1.9756487689476017,0.8879206585764263,1.0210112028539848,1.2792116342505266,0.14444060153625501,0.8873849733805874,2.0855655438754135,0.4409026866770294,0.9151135530385778,1.7538890231187758,0.07291211759516325,0.8789812102675297,2.4121023252598524,-55.909731332297056,-8.488644696142222,75.38890231187759,subduction_interplate,subduction,Interplate
0.1,50y_2pct,779,0.20724670504198683,1.2373562837462335,2.8458520493746584,0.8879206585764263,1.0210112028539848,1.2792116342505266,0.2105147246730855,1.2861653200488665,3.0020321064568374,0.4409026866770294,0.9151135530385778,1.7538890231187758,0.11080760214691641,1.281033221082618,3.5338020386599163,-55.909731332297056,-8.488644696142222,75.38890231187759,subduction_interplate,subduction,Interplate
0.1,50y_39pct,779,0.08228131624968774,0.5241985795353153,1.2531077381164821,0.8879206585764263,1.0210112028539848,1.2792116342505266,0.08637434969134333,0.5541225877604684,1.3263110434681717,0.4409026866770294,0.9151135530385778,1.7538890231187758,0.044931323381546116,0.5524466191874308,1.4697653737443235,-55.909731332297056,-8.488644696142222,75.38890231187759,subduction_interplate,subduction,Interplate
0.1,50y_5pct,779,0.1688950864974278,1.0174688604161461,2.3592551992780413,0.8879206585764263,1.0210112028539848,1.2792116342505266,0.17219325082788883,1.0600270166758698,2.4827376441414564,0.4409026866770294,0.9151135530385778,1.7538890231187758,0.088956381588046,1.0421940896732196,2.897927672802984,-55.909731332297056,-8.488644696142222,75.38890231187759,subduction_interplate,subduction,Interplate
0.2,50y_10pct,779,0.19845951471705425,1.0198426577883375,2.180096363182126,0.767342221334884,1.0474157230485428,1.7308412315133304,0.20985190412466984,1.0351583028071178,2.7813831126013007,0.4293913116211906,0.923119914119265,1.9719733104910913,0.1190904189704422,1.0631179834012758,2.9951296077347975,-57.06086883788093,-7.688008588073503,97.19733104910911,subduction_interplate,subduction,Interplate
0.2,50y_2pct,779,0.29342562444871595,1.4871296518178991,3.228181183176721,0.767342221334884,1.0474157230485428,1.7308412315133304,0.31426847305386085,1.514981580030072,4.053160279316371,0.4293913116211906,0.923119914119265,1.9719733104910913,0.1725629136787822,1.5490426285423682,4.522242984557934,-57.06086883788093,-7.688008588073503,97.19733104910911,subduction_interplate,subduction,Interplate
0.2,50y_39pct,779,0.11838798162471385,0.6226131247673772,1.368742536951966,0.767342221334884,1.0474157230485428,1.7308412315133304,0.1271204547213629,0.6345972674384317,1.7483697410476686,0.4293913116211906,0.923119914119265,1.9719733104910913,0.07440746628611733,0.6518530030848082,1.8726377651149595,-57.06086883788093,-7.688008588073503,97.19733104910911,subduction_interplate,subduction,Interplate
0.2,50y_5pct,779,0.2403740930898931,1.219685621491539,2.6076442006189677,0.767342221334884,1.0474157230485428,1.7308412315133304,0.2528190601040536,1.2373816458676459,3.275625058480718,0.4293913116211906,0.923119914119265,1.9719733104910913,0.14239681141215116,1.2786371302223551,3.660605381779727,-57.06086883788093,-7.688008588073503,97.19733104910911,subduction_interplate,subduction,Interplate
0.3,50y_10pct,779,0.20447358680079336,0.8833290675205091,1.8342361560777634,0.7179135147020231,1.0596885224038906,1.9868694986835744,0.21249203933977281,0.8946453021657469,2.5711634833996855,0.43236416474266737,0.935557333702718,1.8885068476474087,0.1328240746213157,0.9245565315190019,2.6779448027857464,-56.76358352573327,-6.444266629728201,88.85068476474088,subduction_interplate,subduction,Interplate
0.3,50y_2pct,779,0.3027983562174647,1.2966395252201313,2.674576741292896,0.7179135147020231,1.0596885224038906,1.9868694986835744,0.3098938008394993,1.2933757343086465,3.7607751887002534,0.43236416474266737,0.935557333702718,1.8885068476474087,0.1921517019016136,1.3551915055769495,3.9459515346563028,-56.76358352573327,-6.444266629728201,88.85068476474088,subduction_interplate,subduction,Interplate
0.3,50y_39pct,779,0.12234939556321477,0.5439467096307098,1.1472123508027712,0.7179135147020231,1.0596885224038906,1.9868694986835744,0.12688574741879097,0.5475252262670339,1.6449352270311783,0.43236416474266737,0.935557333702718,1.8885068476474087,0.08050364242588211,0.5766767930059997,1.6461044600175536,-56.76358352573327,-6.444266629728201,88.85068476474088,subduction_interplate,subduction,Interplate
0.3,50y_5pct,779,0.24728740191604678,1.0575752168171597,2.1725395522426103,0.7179135147020231,1.0596885224038906,1.9868694986835744,0.25629846148284546,1.071587180821884,3.0578862185963582,0.43236416474266737,0.935557333702718,1.8885068476474087,0.15987047602715473,1.1029812038163795,3.1787131331948744,-56.76358352573327,-6.444266629728201,88.85068476474088,subduction_interplate,subduction,Interplate
0.5,50y_10pct,779,0.1802639025559187,0.6192937445508915,1.2846590833770957,0.6890714478008718,1.0673182056845165,2.1630491584904834,0.17203351169818754,0.6177014654984203,2.000764729379088,0.4738720949357769,0.952085750776356,1.8516320399585504,0.12736747397828665,0.6580086877405964,2.137460838138274,-52.61279050642231,-4.791424922364396,85.16320399585504,subduction_interplate,subduction,Interplate
0.5,50y_2pct,779,0.2641061932464195,0.9154428882442016,1.8482151397266116,0.6890714478008718,1.0673182056845165,2.1630491584904834,0.2476805391768634,0.9178894202833151,2.94833250582177,0.4738720949357769,0.952085750776356,1.8516320399585504,0.18341775671761684,0.9626634521159861,3.145783985958492,-52.61279050642231,-4.791424922364396,85.16320399585504,subduction_interplate,subduction,Interplate
0.5,50y_39pct,779,0.10866809766841888,0.3799801155338469,0.7913419771277644,0.6890714478008718,1.0673182056845165,2.1630491584904834,0.10692277293084149,0.37801426303952895,1.241577106331824,0.4738720949357769,0.952085750776356,1.8516320399585504,0.08125357684999054,0.3958121138385461,1.3176328021266983,-52.61279050642231,-4.791424922364396,85.16320399585504,subduction_interplate,subduction,Interplate
0.5,50y_5pct,779,0.2158540174269501,0.7423992902775157,1.5270464429749186,0.6890714478008718,1.0673182056845165,2.1630491584904834,0.20522875121601417,0.7406188568726537,2.404689911714954,0.4738720949357769,0.952085750776356,1.8516320399585504,0.14978967234005608,0.7880192046455718,2.5855458637442545,-52.61279050642231,-4.791424922364396,85.16320399585504,subduction_interplate,subduction,Interplate
1.0,50y_10pct,779,0.11934810562220535,0.3061084060306017,0.675582150887408,0.7222312938501689,1.058577379167967,1.9623375684800874,0.11104090719835094,0.30995651522475604,1.034887525012455,0.5619142714918227,0.9895889392552368,1.683845387087877,0.08278562386783468,0.3265031647161593,1.128759673973428,-43.808572850817725,-1.0411060744763168,68.38453870878769,subduction_interplate,subduction,Interplate
1.0,50y_2pct,779,0.1711497504244569,0.45146059051765897,0.995190620650273,0.7222312938501689,1.058577379167967,1.9623375684800874,0.1576677508658436,0.45880255222415073,1.527441197374036,0.5619142714918227,0.9895889392552368,1.683845387087877,0.12000921605525895,0.4860890354009191,1.6507260788971048,-43.808572850817725,-1.0411060744763168,68.38453870878769,subduction_interplate,subduction,Interplate
1.0,50y_39pct,779,0.07477540750409162,0.18495918585857557,0.40810716197682156,0.7222312938501689,1.058577379167967,1.9623375684800874,0.06922914489030592,0.18774520502822634,0.6307976261801632,0.5619142714918227,0.9895889392552368,1.683845387087877,0.05268775893040122,0.19686847353699088,0.6763229433025111,-43.808572850817725,-1.0411060744763168,68.38453870878769,subduction_interplate,subduction,Interplate
1.0,50y_5pct,779,0.14127586892567798,0.3646533729663035,0.8110963784778695,0.7222312938501689,1.058577379167967,1.9623375684800874,0.13126861378544014,0.3728761452289634,1.2429429539987984,0.5619142714918227,0.9895889392552368,1.683845387087877,0.0984018931061221,0.3941702838998505,1.3385006417118974,-43.808572850817725,-1.0411060744763168,68.38453870878769,subduction_interplate,subduction,Interplate
2.0,50y_10pct,779,0.056271776804515304,0.12651384519688172,0.3091982073388975,0.7967781691727918,1.0405405139679953,1.6009840288678587,0.05261112694467728,0.1346825997250107,0.41387783007165363,0.6568396512729008,1.003321450154535,1.517500612898931,0.0435558759245594,0.14168692093360197,0.43428806214357735,-34.31603487270992,0.33214501545351105,51.750061289893104,subduction_interplate,subduction,Interplate
2.0,50y_2pct,779,0.0807148730708244,0.1854241764516935,0.45451901515808135,0.7967781691727918,1.0405405139679953,1.6009840288678587,0.07575146714877952,0.19798931096247632,0.6059436401343207,0.6568396512729008,1.003321450154535,1.517500612898931,0.06137211496433687,0.207074003038397,0.6384992193710197,-34.31603487270992,0.33214501545351105,51.750061289893104,subduction_interplate,subduction,Interplate
2.0,50y_39pct,779,0.03504957248397771,0.07740361897283986,0.19201170634212497,0.7967781691727918,1.0405405139679953,1.6009840288678587,0.033444135667384016,0.08184697551630335,0.25240420974626554,0.6568396512729008,1.003321450154535,1.517500612898931,0.027780422203365816,0.08812443391315775,0.2699915870125423,-34.31603487270992,0.33214501545351105,51.750061289893104,subduction_interplate,subduction,Interplate
2.0,50y_5pct,779,0.0670279402242356,0.15108115411480985,0.3728630368168537,0.7967781691727918,1.0405405139679953,1.6009840288678587,0.0627413630410734,0.1607540743708653,0.49812985579608077,0.6568396512729008,1.003321450154535,1.517500612898931,0.051062627056640435,0.16897112780663276,0.5186948992134585,-34.31603487270992,0.33214501545351105,51.750061289893104,subduction_interplate,subduction,Interplate
3.0,50y_10pct,779,0.03473014434082995,0.07693976026471833,0.18718594015285536,0.8411429848002414,1.0307235781458481,1.4309834790967564,0.03342099446368235,0.08181066265347134,0.23532203331907317,0.7114151466914383,1.0147853707359267,1.4297273695476849,0.02753246621114874,0.08442364413948772,0.2471770131525028,-28.858485330856166,1.4785370735926673,42.972736954768486,subduction_interplate,subduction,Interplate
3.0,50y_2pct,779,0.04929559023723698,0.11198115564438417,0.27072608892945094,0.8411429848002414,1.0307235781458481,1.4309834790967564,0.04802448418328798,0.11801624926510032,0.34522433465598573,0.7114151466914383,1.0147853707359267,1.4297273695476849,0.03870180864558542,0.12226543373419327,0.3604496989916011,-28.858485330856166,1.4785370735926673,42.972736954768486,subduction_interplate,subduction,Interplate
3.0,50y_39pct,779,0.022150602907210926,0.04796074092580035,0.11420635997002022,0.8411429848002414,1.0307235781458481,1.4309834790967564,0.021187900001533404,0.04991290745674435,0.14650480072880703,0.7114151466914383,1.0147853707359267,1.4297273695476849,0.017456647955353424,0.052055858623511836,0.15274313131309145,-28.858485330856166,1.4785370735926673,42.972736954768486,subduction_interplate,subduction,Interplate
3.0,50y_5pct,779,0.040837594897340075,0.09179935044077234,0.22240328756507038,0.8411429848002414,1.0307235781458481,1.4309834790967564,0.03981901686732673,0.09761537503397005,0.2814680411502903,0.7114151466914383,1.0147853707359267,1.4297273695476849,0.03246664544759772,0.10072174293351265,0.29631213329490214,-28.858485330856166,1.4785370735926673,42.972736954768486,subduction_interplate,subduction,Interplate
5.0,50y_10pct,779,0.01443273594958523,0.030706051505865917,0.07193118241193475,0.8841288423136147,1.0217758494212645,1.2906029632697291,0.01421608499121643,0.03130634106504869,0.08882061954875496,0.7030286117591339,1.0174928307791515,1.3694044002449608,0.012211355391077483,0.03062419485192192,0.09728244010698975,-29.697138824086615,1.7492830779151536,36.94044002449608,subduction_interplate,subduction,Interplate
5.0,50y_2pct,779,0.020461619411317834,0.044074643226789986,0.10271191487409051,0.8841288423136147,1.0217758494212645,1.2906029632697291,0.020072857266913723,0.04494207149144585,0.12519102249346153,0.7030286117591339,1.0174928307791515,1.3694044002449608,0.017407211983331648,0.04428649088483078,0.13862038513253241,-29.697138824086615,1.7492830779151536,36.94044002449608,subduction_interplate,subduction,Interplate
5.0,50y_39pct,779,0.009345959527463508,0.01894151417660465,0.04575484798580555,0.8841288423136147,1.0217758494212645,1.2906029632697291,0.009155391419574367,0.0194505211289883,0.056390066923606284,0.7030286117591339,1.0174928307791515,1.3694044002449608,0.007836569831418115,0.019103246122972702,0.062107848157476025,-29.697138824086615,1.7492830779151536,36.94044002449608,subduction_interplate,subduction,Interplate
5.0,50y_5pct,779,0.017050088460381477,0.0363500277872668,0.08507692943053946,0.8841288423136147,1.0217758494212645,1.2906029632697291,0.01670064603016899,0.03704648857539168,0.10425047065274212,0.7030286117591339,1.0174928307791515,1.3694044002449608,0.01444282080774605,0.0363441604222872,0.11505028154487684,-29.697138824086615,1.7492830779151536,36.94044002449608,subduction_interplate,subduction,Interplate
0.1,50y_10pct,856,0.19083948137233409,1.0171354642003132,2.0968648825031995,0.874366570339108,1.032177283877802,1.277519582926745,0.19039217821521523,1.0351295974397245,2.2364880059171472,0.31203644378444595,0.8729080421790529,2.0875721729362544,0.07875340472672444,0.9503446569122945,3.363008118797398,-68.7963556215554,-12.7091957820947,108.75721729362546,subduction_intraplate,subduction,Intraplate
0.1,50y_2pct,856,0.2762621282497081,1.498257814850127,2.9475656824705685,0.874366570339108,1.032177283877802,1.277519582926745,0.2835879074422198,1.4990139387407373,3.122764911724923,0.31203644378444595,0.8729080421790529,2.0875721729362544,0.11400301985941784,1.3387238538015582,4.89961162769662,-68.7963556215554,-12.7091957820947,108.75721729362546,subduction_intraplate,subduction,Intraplate
0.1,50y_39pct,856,0.11603154492104847,0.6238334191594479,1.3699548265717651,0.874366570339108,1.032177283877802,1.277519582926745,0.1164573544884737,0.6437161363355492,1.471709907651201,0.31203644378444595,0.8729080421790529,2.0875721729362544,0.04858323355727069,0.6056721581104579,2.0649207537312275,-68.7963556215554,-12.7091957820947,108.75721729362546,subduction_intraplate,subduction,Intraplate
0.1,50y_5pct,856,0.22862850718645,1.2214747135872086,2.4423166932642646,0.874366570339108,1.032177283877802,1.277519582926745,0.2290841862124104,1.2328425549415138,2.6227915603669425,0.31203644378444595,0.8729080421790529,2.0875721729362544,0.09426456700576161,1.1283927156464506,4.012411215860572,-68.7963556215554,-12.7091957820947,108.75721729362546,subduction_intraplate,subduction,Intraplate
0.2,50y_10pct,856,0.2609815533337072,1.1906170812662835,2.392890028705011,0.7414790909490662,1.0731075600836397,1.72574474147516,0.2600043236870251,1.2159081975269763,2.9074658823481325,0.3311974262073518,0.8907510092626997,2.2319554249665288,0.12094092710941949,1.0684430989025036,4.385867533691385,-66.88025737926482,-10.924899073730032,123.19554249665285,subduction_intraplate,subduction,Intraplate
0.2,50y_2pct,856,0.38461760642013326,1.7383347014525858,3.2589084957656285,0.7414790909490662,1.0731075600836397,1.72574474147516,0.375667335229732,1.776177017833857,4.175984724960783,0.3311974262073518,0.8907510092626997,2.2319554249665288,0.17826985916370572,1.529098890617682,6.620177972323982,-66.88025737926482,-10.924899073730032,123.19554249665285,subduction_intraplate,subduction,Intraplate
0.2,50y_39pct,856,0.15884772067933495,0.7128974726333662,1.5861948269796518,0.7414790909490662,1.0731075600836397,1.72574474147516,0.15994932576832466,0.7483538695155538,1.8796569247123693,0.3311974262073518,0.8907510092626997,2.2319554249665288,0.07689061631010836,0.6584159073560725,2.7284051519058004,-66.88025737926482,-10.924899073730032,123.19554249665285,subduction_intraplate,subduction,Intraplate
0.2,50y_5pct,856,0.31568366873499104,1.4295059984806229,2.788721938684464,0.7414790909490662,1.0731075600836397,1.72574474147516,0.31032512444591986,1.4564507501106558,3.4530534985156827,0.3311974262073518,0.8907510092626997,2.2319554249665288,0.14773543692600108,1.2632240598035875,5.280817974665673,-66.88025737926482,-10.924899073730032,123.19554249665285,subduction_intraplate,subduction,Intraplate
0.3,50y_10pct,856,0.25231144172576775,1.0155304308810857,2.0323390250493287,0.6877554013850312,1.0923173042974992,1.9795507134421124,0.2501241057218647,1.029020504829774,2.7545010116371977,0.3334370465151513,0.9483932413129816,2.1258172643916384,0.13521392245566993,0.9077303090334652,3.572797588276453,-66.65629534848487,-5.16067586870183,112.58172643916383,subduction_intraplate,subduction,Intraplate
0.3,50y_2pct,856,0.36887354499242864,1.493396317804755,2.7656817057812813,0.6877554013850312,1.0923173042974992,1.9795507134421124,0.35808539763203134,1.5286322389216738,3.904588617904681,0.3334370465151513,0.9483932413129816,2.1258172643916384,0.19770804056911448,1.2880436352925253,5.2062100657348935,-66.65629534848487,-5.16067586870183,112.58172643916383,subduction_intraplate,subduction,Intraplate
0.3,50y_39pct,856,0.15585561838140444,0.6033005664523563,1.3542662377060466,0.6877554013850312,1.0923173042974992,1.9795507134421124,0.15764371268429672,0.6322749385854002,1.7410457672082882,0.3334370465151513,0.9483932413129816,2.1258172643916384,0.08367076747782187,0.5497136343194364,2.1878680082261255,-66.65629534848487,-5.16067586870183,112.58172643916383,subduction_intraplate,subduction,Intraplate
0.3,50y_5pct,856,0.3064679324743924,1.218963152554644,2.3471537171205252,0.6877554013850312,1.0923173042974992,1.9795507134421124,0.2960688435396086,1.2385028332682002,3.2296552620824146,0.3334370465151513,0.9483932413129816,2.1258172643916384,0.16257533714755243,1.0791840309946812,4.283184322445511,-66.65629534848487,-5.16067586870183,112.58172643916383,subduction_intraplate,subduction,Intraplate
0.5,50y_10pct,856,0.21538978652241084,0.693450617693096,1.4130661336949928,0.6566247331941467,1.1043183973624902,2.154097475913528,0.19954286339649538,0.7388925369390263,2.1421007651159063,0.39854465369752134,0.9800708223940318,1.8338194616096506,0.14373765293414983,0.661208842895593,2.4289815598410023,-60.145534630247866,-1.9929177605968185,83.38194616096504,subduction_intraplate,subduction,Intraplate
0.5,50y_2pct,856,0.3118395425553069,1.0471787001677435,2.0053389791620995,0.6566247331941467,1.1043183973624902,2.154097475913528,0.2861043278855615,1.0858040331586576,3.0112283881895388,0.39854465369752134,0.9800708223940318,1.8338194616096506,0.2109700237993768,0.9695886591865653,3.5992980189524606,-60.145534630247866,-1.9929177605968185,83.38194616096504,subduction_intraplate,subduction,Intraplate
0.5,50y_39pct,856,0.1314066475299924,0.41235590135265354,0.9458914359133853,0.6566247331941467,1.1043183973624902,2.154097475913528,0.12755275020308193,0.4410598762115617,1.3262870602289714,0.39854465369752134,0.9800708223940318,1.8338194616096506,0.09244644421963007,0.4042014528715439,1.5132128985092894,-60.145534630247866,-1.9929177605968185,83.38194616096504,subduction_intraplate,subduction,Intraplate
0.5,50y_5pct,856,0.25489861471552466,0.8432111373404781,1.6447854262158843,0.6566247331941467,1.1043183973624902,2.154097475913528,0.2351240183961127,0.8853057155527393,2.501877644532831,0.39854465369752134,0.9800708223940318,1.8338194616096506,0.1720326386284079,0.7920766221257294,2.891546308200995,-60.145534630247866,-1.9929177605968185,83.38194616096504,subduction_intraplate,subduction,Intraplate
1.0,50y_10pct,856,0.13359307204804902,0.3297014780786507,0.7780131339448232,0.6924298438650504,1.0905732943408164,1.95523971557509,0.12213230591525925,0.35700360549919186,1.127778020598302,0.5457458102421959,0.9582853255360855,1.641830227542021,0.11042900723536578,0.3367519493817537,1.3637325560240758,-45.42541897578041,-4.1714674463914525,64.1830227542021,subduction_intraplate,subduction,Intraplate
1.0,50y_2pct,856,0.18968179755574024,0.4894935069570139,1.090449592878302,0.6924298438650504,1.0905732943408164,1.95523971557509,0.1769531362527233,0.5348992851348784,1.64409682368731,0.5457458102421959,0.9582853255360855,1.641830227542021,0.16068820456848393,0.4981248503387147,1.913807078126808,-45.42541897578041,-4.1714674463914525,64.1830227542021,subduction_intraplate,subduction,Intraplate
1.0,50y_39pct,856,0.08348584378967334,0.1964915134118175,0.5050744392835474,0.6924298438650504,1.0905732943408164,1.95523971557509,0.07677877800640834,0.2114378349431434,0.6865800397007623,0.5457458102421959,0.9582853255360855,1.641830227542021,0.06637407839269313,0.20055026618114785,0.8497582872632751,-45.42541897578041,-4.1714674463914525,64.1830227542021,subduction_intraplate,subduction,Intraplate
1.0,50y_5pct,856,0.15750151682786678,0.39974083912447167,0.9126948805147528,0.6924298438650504,1.0905732943408164,1.95523971557509,0.14681865282598924,0.43152889034019465,1.3556473457342908,0.5457458102421959,0.9582853255360855,1.641830227542021,0.1326358684915253,0.40488492554082756,1.6115572790317654,-45.42541897578041,-4.1714674463914525,64.1830227542021,subduction_intraplate,subduction,Intraplate
2.0,50y_10pct,856,0.06139649115651114,0.1378192349069254,0.34183918565463234,0.7736872167628293,1.062397543200901,1.596939208373525,0.055321937095262855,0.15077755762645267,0.4343737818861099,0.6429628785246653,0.9739534762073632,1.4884461614456221,0.052943027845150065,0.1478117758706209,0.4647065591698609,-35.70371214753348,-2.604652379263678,48.84461614456221,subduction_intraplate,subduction,Intraplate
2.0,50y_2pct,856,0.08911859809415039,0.2039570597502715,0.4894942717441736,0.7736872167628293,1.062397543200901,1.596939208373525,0.08143733593019178,0.22559559135782586,0.6417138364886571,0.6429628785246653,0.9739534762073632,1.4884461614456221,0.07575765766177701,0.2213511632673135,0.6642612437892828,-35.70371214753348,-2.604652379263678,48.84461614456221,subduction_intraplate,subduction,Intraplate
2.0,50y_39pct,856,0.03771188173331362,0.08141213870179928,0.2096492176227356,0.7736872167628293,1.062397543200901,1.596939208373525,0.03463890285694624,0.09017684744980639,0.27496315758647527,0.6429628785246653,0.9739534762073632,1.4884461614456221,0.03212510053418319,0.08771937379416035,0.28655315988197155,-35.70371214753348,-2.604652379263678,48.84461614456221,subduction_intraplate,subduction,Intraplate
2.0,50y_5pct,856,0.0733894627625132,0.16547597803531278,0.4044240897758154,0.7736872167628293,1.062397543200901,1.596939208373525,0.06643964533039144,0.1803576426396477,0.5214117281824172,0.6429628785246653,0.9739534762073632,1.4884461614456221,0.06267191969540231,0.17935840904705014,0.5500713533086766,-35.70371214753348,-2.604652379263678,48.84461614456221,subduction_intraplate,subduction,Intraplate
3.0,50y_10pct,856,0.037390395802848066,0.08217324978458496,0.20071443867171768,0.8225188945905784,1.0471690717454822,1.4282296879642367,0.03608996590084852,0.08856086066115888,0.24197039981404866,0.6605261065956191,0.9456574003410696,1.4157575093891546,0.03164544590200488,0.08308829593849557,0.24273991583925714,-33.94738934043809,-5.43425996589304,41.57575093891546,subduction_intraplate,subduction,Intraplate
3.0,50y_2pct,856,0.0540498233341661,0.11952674970555695,0.2885970999270903,0.8225188945905784,1.0471690717454822,1.4282296879642367,0.05211663470946295,0.13007346535070738,0.3543772279308782,0.6605261065956191,0.9456574003410696,1.4157575093891546,0.046013890406729235,0.1205989430335789,0.35322882099286923,-33.94738934043809,-5.43425996589304,41.57575093891546,subduction_intraplate,subduction,Intraplate
3.0,50y_39pct,856,0.02338019864071829,0.04942832159809925,0.1257401355202847,0.8225188945905784,1.0471690717454822,1.4282296879642367,0.022525580712058874,0.05367127268769281,0.15202739367745668,0.6605261065956191,0.9456574003410696,1.4157575093891546,0.019569695428384576,0.05064658684343004,0.15167877892537537,-33.94738934043809,-5.43425996589304,41.57575093891546,subduction_intraplate,subduction,Intraplate
3.0,50y_5pct,856,0.04451568833393667,0.09785313537242586,0.23804451571127755,0.8225188945905784,1.0471690717454822,1.4282296879642367,0.04299450418938934,0.10585275061180285,0.2889556198927981,0.6605261065956191,0.9456574003410696,1.4157575093891546,0.03796192777952928,0.0992664440825316,0.28677920138697255,-33.94738934043809,-5.43425996589304,41.57575093891546,subduction_intraplate,subduction,Intraplate
5.0,50y_10pct,856,0.015726919998164512,0.03167165647800217,0.07339480862475974,0.8701504158809944,1.0333548792973293,1.2888344249265637,0.015378734706241588,0.03292699388264276,0.08979952878019852,0.6192747245591496,0.935689666988476,1.425200355379065,0.013176061616084369,0.03137541168720573,0.09024670268203742,-38.07252754408505,-6.4310333011524055,42.5200355379065,subduction_intraplate,subduction,Intraplate
5.0,50y_2pct,856,0.022667791753554985,0.045736372767458816,0.10444637057506896,0.8701504158809944,1.0333548792973293,1.2888344249265637,0.022025197572309408,0.04786476926357322,0.12701490968282345,0.6192747245591496,0.935689666988476,1.425200355379065,0.01892023515535846,0.0449157234962783,0.1273010901311481,-38.07252754408505,-6.4310333011524055,42.5200355379065,subduction_intraplate,subduction,Intraplate
5.0,50y_39pct,856,0.009902291047401509,0.019691637817195472,0.04727848704705481,0.8701504158809944,1.0333548792973293,1.2888344249265637,0.009712624694183564,0.020448631618445883,0.057860150833294405,0.6192747245591496,0.935689666988476,1.425200355379065,0.00791014755975964,0.01937978824817624,0.05705303411687611,-38.07252754408505,-6.4310333011524055,42.5200355379065,subduction_intraplate,subduction,Intraplate
5.0,50y_5pct,856,0.018651221365094096,0.037712220788954434,0.08645528034547986,0.8701504158809944,1.0333548792973293,1.2888344249265637,0.01817582357866109,0.039288785131043974,0.10553514883826265,0.6192747245591496,0.935689666988476,1.425200355379065,0.015651655957019207,0.037093828010267525,0.10638320096210642,-38.07252754408505,-6.4310333011524055,42.5200355379065,subduction_intraplate,subduction,Intraplate
