period_s,period_code,stratification,stratum,n_records,n_events,n_stations_raw,n_paired_stations,n_graph_components,n_components_retained,largest_component_node_fraction,paired_record_weight,median_stratum_records_per_station,weighted_reference_alignment_shift_log10,weighted_station_term_correlation,station_term_spearman,weighted_rmse_difference_log10,weighted_mean_absolute_difference_log10,weighted_q95_absolute_difference_log10,maximum_absolute_difference_log10,solver_max_iterations,solver_max_condition_estimate,solver_nonconverged_components,solver_max_relative_normal_residual
0.1,P0010,hypocentral_azimuth,000-090 deg,32329,1159,1814,938,1,1,1.0,27711,17.0,0.09206510729829456,0.3964980929440791,0.45680418894854824,0.9016088450096228,0.7367668675593279,1.6259546442661268,2.5489269726490007,588,34.86651320941426,0,5.649064780078916e-10
0.1,P0010,hypocentral_azimuth,090-180 deg,14266,586,1632,448,3,1,0.9386834986474302,8983,16.0,0.131950998137303,0.6964884161608009,0.6574789614505014,0.256772748765583,0.21254850864725183,0.48703406089218976,0.9637282197108746,588,34.63572125688816,0,4.580303821981019e-10
0.1,P0010,hypocentral_azimuth,180-270 deg,82817,1428,1793,1089,2,1,0.9894442719652282,79159,43.0,-0.03964719318786817,0.3393036550703403,0.14359794035136234,0.5057642596673274,0.3826684230968025,1.1209845855513454,2.220145299318528,783,67.1693607438956,0,9.481400343871279e-10
0.1,P0010,hypocentral_azimuth,270-360 deg,93252,1469,1823,1345,3,1,0.991494532199271,90537,32.0,0.0009678246745082719,0.6909477121773631,0.5512581189007141,0.25442124633043395,0.20316879330505613,0.5067282296653431,0.6459938152599785,684,76.77333018628559,0,1.123578605391225e-09
0.1,P0010,fault_distance,0-50 km,4861,418,1111,138,31,3,0.2844996729888816,2321,14.0,0.15730058861140106,0.7439507579234823,0.7586560393069232,0.18733914194267218,0.14918823931542013,0.343967068693511,0.4768158911676904,185,25.884094659486294,0,9.958628030059105e-11
0.1,P0010,fault_distance,50-100 km,28404,1143,1751,680,4,1,0.9533517622667588,23680,22.0,-0.0006161784571995749,0.7576635579161082,0.5917598666697707,0.20735881566381006,0.14588467487313958,0.45815884177413213,0.757266169723742,591,58.24701496234573,0,6.527575302071685e-10
0.1,P0010,fault_distance,100-200 km,112161,1627,1868,1515,1,1,1.0,110095,34.0,-0.011356650898022538,0.979515940757655,0.9611722290795286,0.05721977821061532,0.04300290644196525,0.11708269138120952,0.39547814737049614,590,100.824541888347,0,1.4072597239274876e-09
0.1,P0010,fault_distance,200-300 km,77238,1473,1839,1213,1,1,1.0,74010,40.0,0.004962239404399931,0.9516868372730553,0.9297703416902628,0.10487563695508911,0.08347543444027582,0.20276358790218732,0.6171863313591683,498,39.663907093516066,0,8.7068770397932e-10
0.1,P0010,source_type,Crustal,65354,520,1868,1494,1,1,1.0,62809,27.0,0.04586674341515414,0.8723226576534241,0.8038600951463036,0.13775635081214224,0.10542785236491102,0.28513268685962034,0.5748347926908572,582,47.828626777970044,0,1.088423558965306e-09
0.1,P0010,source_type,Interplate,98417,656,1581,960,1,1,1.0,96414,84.0,-0.036313552289876,0.9830937424310294,0.9651733834346607,0.05269702081216216,0.03924924245578245,0.10423793761103085,0.3937036567119243,583,37.793111723926806,0,1.2476988717967166e-09
0.1,P0010,source_type,Intraplate,58893,561,1834,1379,1,1,1.0,56521,25.0,0.014969513706557533,0.9550358797231248,0.9346123713009274,0.10717776098677917,0.08207662116233248,0.20898731356116407,0.5035525733940924,431,50.21556706088386,0,8.862827065840365e-10
0.2,P0020,hypocentral_azimuth,000-090 deg,32329,1159,1814,938,1,1,1.0,27711,17.0,0.09227396344868961,0.36938957257971544,0.4637399679323967,0.8050927023072901,0.6636060275827191,1.3894509645859987,1.927318112732314,582,54.70010256974414,0,6.476064004234365e-10
0.2,P0020,hypocentral_azimuth,090-180 deg,14266,586,1632,448,3,1,0.9386834986474302,8983,16.0,0.13073799108119236,0.7245753438441533,0.6751380504668945,0.23293802224646826,0.18613628500665177,0.42986586658990994,0.8423921771284337,586,42.252231977642936,0,4.945270742311086e-10
0.2,P0020,hypocentral_azimuth,180-270 deg,82817,1428,1793,1089,2,1,0.9894442719652282,79159,43.0,-0.03475597515196129,0.46422356888587235,0.23159499374850404,0.4235605590394263,0.3197409159045775,1.0117964984198429,1.7122866381829809,776,39.08767542792195,0,1.0591572088654753e-09
0.2,P0020,hypocentral_azimuth,270-360 deg,93252,1469,1823,1345,3,1,0.991494532199271,90537,32.0,-0.008361368627319687,0.7838311772424873,0.6155279524548652,0.2197565182874138,0.17884686541474207,0.40880348633080044,0.6276612264428307,680,74.31472158623227,0,1.2494818536529376e-09
0.2,P0020,fault_distance,0-50 km,4861,418,1111,138,31,3,0.2844996729888816,2321,14.0,0.14612779161186437,0.7312865990315008,0.6675030651454716,0.19760049220035203,0.1574562579114062,0.407060755276971,0.5260756527400935,184,25.930332569427648,0,1.146683851950122e-10
0.2,P0020,fault_distance,50-100 km,28404,1143,1751,680,4,1,0.9533517622667588,23680,22.0,0.018330857589399473,0.8091161402241466,0.6474168412993974,0.18815427452007422,0.1284054676926343,0.45062003110458776,0.8057402956996118,596,69.8590189808622,0,7.212289075176844e-10
0.2,P0020,fault_distance,100-200 km,112161,1627,1868,1515,1,1,1.0,110095,34.0,-0.01125462461662113,0.9865475640255275,0.9700638912596223,0.04843890156592705,0.03578290059726685,0.09773169995652588,0.3928990649560311,589,88.64783449895928,0,1.477538178766496e-09
0.2,P0020,fault_distance,200-300 km,77238,1473,1839,1213,1,1,1.0,74010,40.0,0.002654612392615651,0.9692346177315082,0.9489238952565986,0.08526588402476855,0.06673575958660706,0.1747156369566594,0.4379284418028242,496,40.18535836620515,0,9.126687507121917e-10
0.2,P0020,source_type,Crustal,65354,520,1868,1494,1,1,1.0,62809,27.0,0.0426236608896264,0.9035035588387185,0.8370476352180389,0.1263072863530188,0.09895460096601602,0.2532467110191091,0.4864301649507218,575,50.39403641051859,0,1.1116395615408745e-09
0.2,P0020,source_type,Interplate,98417,656,1581,960,1,1,1.0,96414,84.0,-0.03570269498459749,0.9844142425659821,0.9608500958659891,0.05424622543530314,0.040044032489582555,0.10118755756407523,0.39032407624319515,587,70.04040710309381,0,1.3680378579354066e-09
0.2,P0020,source_type,Intraplate,58893,561,1834,1379,1,1,1.0,56521,25.0,0.018311241329097196,0.9565011615468394,0.9178196297233703,0.1012091955583383,0.07564014734032411,0.20180398463532123,0.5040928403131413,434,55.30229270648521,0,1.0257110283870485e-09
0.3,P0030,hypocentral_azimuth,000-090 deg,32329,1159,1814,938,1,1,1.0,27711,17.0,0.08189778002319993,0.37793721088146615,0.4372221772159695,0.7269968696767407,0.5919112072719481,1.2150834903361667,1.637238756397775,579,54.97650359231257,0,6.869193618791087e-10
0.3,P0030,hypocentral_azimuth,090-180 deg,14266,586,1632,448,3,1,0.9386834986474302,8983,16.0,0.1411769671615998,0.7073522497922683,0.6774759933120793,0.22124636730743238,0.17438586367076905,0.3820734669756444,0.8816400518170705,585,28.828471147808628,0,5.017123984107659e-10
0.3,P0030,hypocentral_azimuth,180-270 deg,82817,1428,1793,1089,2,1,0.9894442719652282,79159,43.0,-0.024260947365008542,0.5094075802679521,0.33076779483497093,0.3600491603986853,0.26060641442973326,0.9118844146554146,1.4200431024714228,782,104.13894064983161,0,1.2467356570420394e-09
0.3,P0030,hypocentral_azimuth,270-360 deg,93252,1469,1823,1345,3,1,0.991494532199271,90537,32.0,-0.017574014150317497,0.819088721045482,0.670769678889635,0.18688581600134427,0.14991368207809727,0.34581170505895115,0.6757046659628753,685,68.80840327904045,0,1.330509148558063e-09
0.3,P0030,fault_distance,0-50 km,4861,418,1111,138,31,3,0.2844996729888816,2321,14.0,0.11889583966146494,0.7209935774977797,0.6949558093924733,0.18736238418075082,0.14837105667713668,0.36042623335964613,0.48797763217299467,185,31.377419145525064,0,1.0968180868116086e-10
0.3,P0030,fault_distance,50-100 km,28404,1143,1751,680,4,1,0.9533517622667588,23680,22.0,0.028968388932665935,0.7909959328376106,0.6410812129020735,0.18203969453365448,0.12336252963763424,0.42998749616954873,0.6617243527963064,583,57.54077646510579,0,8.08128571826845e-10
0.3,P0030,fault_distance,100-200 km,112161,1627,1868,1515,1,1,1.0,110095,34.0,-0.009281387866695238,0.9872397027335786,0.9709053975982431,0.044184664885757126,0.03257194771656084,0.08769263032387078,0.38349369093890895,589,85.27638969698911,0,1.6716134778402026e-09
0.3,P0030,fault_distance,200-300 km,77238,1473,1839,1213,1,1,1.0,74010,40.0,-0.00156017145901605,0.9721499419128933,0.9482048242037753,0.07132147637926269,0.054647357883216154,0.15165981736820813,0.33116358968858967,499,69.81027859777492,0,1.0124996089137827e-09
0.3,P0030,source_type,Crustal,65354,520,1868,1494,1,1,1.0,62809,27.0,0.034547031933823885,0.9035436376867709,0.8435451006615129,0.11848744378751007,0.09323820166634199,0.2383902383403096,0.45138342140017795,574,56.523863696024414,0,1.2285886121445532e-09
0.3,P0030,source_type,Interplate,98417,656,1581,960,1,1,1.0,96414,84.0,-0.029488444878404553,0.9833606779606399,0.9585385156667919,0.051782290473084996,0.03825569549292977,0.09439013461690875,0.3678436227538547,588,77.18653302692982,0,1.3948397407378457e-09
0.3,P0030,source_type,Intraplate,58893,561,1834,1379,1,1,1.0,56521,25.0,0.016846839536579696,0.9424235714800594,0.8897814182419603,0.10559695170852165,0.07568531588827984,0.22910260663668808,0.4855098964579811,433,56.4706845390492,0,1.0483302608643636e-09
0.5,P0050,hypocentral_azimuth,000-090 deg,32329,1159,1814,938,1,1,1.0,27711,17.0,0.0683047259796791,0.46174108446143336,0.46434330294249265,0.5711971972081863,0.44542738793878434,0.9984263162782394,1.536668231784288,586,60.001531721644604,0,7.377265193600666e-10
0.5,P0050,hypocentral_azimuth,090-180 deg,14266,586,1632,448,3,1,0.9386834986474302,8983,16.0,0.1410209136105705,0.6754050258633782,0.6588753477953564,0.2122889593990798,0.16190335913874704,0.3589505242988094,0.9049532381028298,581,40.01053086240383,0,4.686477710481212e-10
0.5,P0050,hypocentral_azimuth,180-270 deg,82817,1428,1793,1089,2,1,0.9894442719652282,79159,43.0,-0.016399521810034397,0.5508553297923273,0.3990008942389603,0.2939685619176274,0.19309351137819006,0.5730667198948596,1.3746911189074078,780,96.5575421514707,0,1.4075172740403577e-09
0.5,P0050,hypocentral_azimuth,270-360 deg,93252,1469,1823,1345,3,1,0.991494532199271,90537,32.0,-0.0240253714086673,0.8522035263402307,0.7189592212404883,0.151517618657035,0.11974608952113108,0.2734740393951422,0.6165184593668677,680,67.4377316094124,0,1.3714338754642705e-09
0.5,P0050,fault_distance,0-50 km,4861,418,1111,138,31,3,0.2844996729888816,2321,14.0,0.10697989101139328,0.738884865429112,0.7242944457509206,0.1488673906457448,0.11672168243147656,0.28963340967051043,0.38794272040097677,186,25.924120387074453,0,1.0452780607260543e-10
0.5,P0050,fault_distance,50-100 km,28404,1143,1751,680,4,1,0.9533517622667588,23680,22.0,0.038992760324780544,0.7679602951110889,0.6465295251121931,0.1640435979444481,0.11317427206618672,0.37298200378290974,0.6178283468579584,587,60.37858621934142,0,8.081876451514253e-10
0.5,P0050,fault_distance,100-200 km,112161,1627,1868,1515,1,1,1.0,110095,34.0,-0.006064425155484856,0.9865398194307061,0.9704510438774924,0.04042325034341831,0.029797991367460985,0.07848348215030351,0.2813855241458101,583,79.1919847256878,0,1.79580218977357e-09
0.5,P0050,fault_distance,200-300 km,77238,1473,1839,1213,1,1,1.0,74010,40.0,-0.010049343657404015,0.9751774940319854,0.9524684338713421,0.05820367136517363,0.043445973193238056,0.12473617920634797,0.4030640046376113,496,70.46251746749563,0,1.1196280165893865e-09
0.5,P0050,source_type,Crustal,65354,520,1868,1494,1,1,1.0,62809,27.0,0.028206863551317796,0.9168131270408371,0.8893179502851248,0.10055911422733387,0.07933615108701107,0.200886126212036,0.35416920577761174,577,57.27757369329498,0,1.3031892363359934e-09
0.5,P0050,source_type,Interplate,98417,656,1581,960,1,1,1.0,96414,84.0,-0.026528493361401274,0.9762758387372668,0.9200341336090857,0.054506717319815774,0.037400169718734624,0.09210306948365249,0.4829197425640067,583,67.42321444154277,0,1.5601253235037682e-09
0.5,P0050,source_type,Intraplate,58893,561,1834,1379,1,1,1.0,56521,25.0,0.015480576591782601,0.9334220426207583,0.8829494312752203,0.09781352099993143,0.06983609082433442,0.22046271253883398,0.4809749171581018,430,29.687945538096717,0,1.1348309118554325e-09
1.0,P0100,hypocentral_azimuth,000-090 deg,32329,1159,1814,938,1,1,1.0,27711,17.0,0.033792808046655194,0.8034549458141211,0.7618724364050926,0.17747088549061038,0.12923354360315176,0.3674024297586463,0.7405194115964325,584,59.55446140300333,0,7.829175717078538e-10
1.0,P0100,hypocentral_azimuth,090-180 deg,14266,586,1632,448,3,1,0.9386834986474302,8983,16.0,0.08271485334813586,0.7539233284340816,0.748274502623279,0.1497887503570571,0.11372445426445066,0.2968474534454823,0.5860228558035631,579,35.50334397459815,0,5.038519798537446e-10
1.0,P0100,hypocentral_azimuth,180-270 deg,82817,1428,1793,1089,2,1,0.9894442719652282,79159,43.0,-0.006335345729221548,0.8420834841310565,0.6564907866626823,0.12487955329820047,0.06455341433680563,0.1971591114493106,0.8825605478516053,782,88.24998157793044,0,1.5430267772233223e-09
1.0,P0100,hypocentral_azimuth,270-360 deg,93252,1469,1823,1345,3,1,0.991494532199271,90537,32.0,-0.02299002532747531,0.9433080228919659,0.8359941318230921,0.0784320501260962,0.05076349466314607,0.1573568859281599,0.6040354128945111,677,87.55613824402265,0,1.5433164560719665e-09
1.0,P0100,fault_distance,0-50 km,4861,418,1111,138,31,3,0.2844996729888816,2321,14.0,0.0707247883334661,0.7943441153263386,0.7297283721737302,0.14392655755256878,0.11048552012492525,0.2662751685981386,0.5003904768295575,185,26.30940949894136,0,1.180801031462889e-10
1.0,P0100,fault_distance,50-100 km,28404,1143,1751,680,4,1,0.9533517622667588,23680,22.0,0.04259602621179467,0.7757045969758919,0.6953035976187105,0.12899675147443568,0.09415332092099293,0.27833519869263723,0.4486650672957465,593,34.55235944810799,0,8.97077282501118e-10
1.0,P0100,fault_distance,100-200 km,112161,1627,1868,1515,1,1,1.0,110095,34.0,-0.00260815938868823,0.9873285696184136,0.9707706779015215,0.03511398670051307,0.025666691303184757,0.06698205342672428,0.2806729710334638,581,74.68548792124933,0,1.8992110880099455e-09
1.0,P0100,fault_distance,200-300 km,77238,1473,1839,1213,1,1,1.0,74010,40.0,-0.01467490824454219,0.9824121447088158,0.9617913324761516,0.043205510567258375,0.031270230794323284,0.08960440827859269,0.273157581290801,494,69.44075707268229,0,1.2910166770972033e-09
1.0,P0100,source_type,Crustal,65354,520,1868,1494,1,1,1.0,62809,27.0,0.02421477471521233,0.9444412804726305,0.92608033605726,0.07425781341170395,0.058324052982200746,0.1502666761862173,0.27339702708124347,577,63.87720290647198,0,1.394277997898854e-09
1.0,P0100,source_type,Interplate,98417,656,1581,960,1,1,1.0,96414,84.0,-0.022157133234159743,0.9841785205369199,0.9635380599371309,0.039165579828036985,0.02959065094341137,0.07161972332106847,0.3488806491866847,589,66.01437356678943,0,1.7737635130313754e-09
1.0,P0100,source_type,Intraplate,58893,561,1834,1379,1,1,1.0,56521,25.0,0.01185222765242315,0.946781858332559,0.9171987954246856,0.07475204736302378,0.05772421673498598,0.15085576693652708,0.36065130903474574,427,29.844441673737652,0,1.1685447426706575e-09
2.0,P0200,hypocentral_azimuth,000-090 deg,32329,1159,1814,938,1,1,1.0,27711,17.0,0.01361006758831594,0.7436964808908351,0.7069887398281638,0.1641756607179689,0.1356192377683624,0.30035485124094785,0.7579737615606493,583,56.43997464294624,0,8.177745234050766e-10
2.0,P0200,hypocentral_azimuth,090-180 deg,14266,586,1632,448,3,1,0.9386834986474302,8983,16.0,0.0738698896611262,0.7049516813845006,0.658102350594802,0.144434907332751,0.1199694117787838,0.2741071544276826,0.3867200033006867,581,30.249453117653005,0,5.063795597238264e-10
2.0,P0200,hypocentral_azimuth,180-270 deg,82817,1428,1793,1089,2,1,0.9894442719652282,79159,43.0,-0.001957053647178447,0.7936522518444861,0.621844732092549,0.14978126303931444,0.09710319635045475,0.3761732205067353,0.828128471336192,785,91.63907350366529,0,1.7089146178568083e-09
2.0,P0200,hypocentral_azimuth,270-360 deg,93252,1469,1823,1345,3,1,0.991494532199271,90537,32.0,-0.022838478647246675,0.9236204502523085,0.7715468532872918,0.07844273665984211,0.048569152195103465,0.1638286703422874,0.715810287697346,670,84.72333848260777,0,1.735948495195005e-09
2.0,P0200,fault_distance,0-50 km,4861,418,1111,138,31,3,0.2844996729888816,2321,14.0,0.032611399247249574,0.7189630381878083,0.7187143969369092,0.14602287497575386,0.11452334977383438,0.2940148149337495,0.47967848170366245,185,30.138527862471843,0,1.0301632426702324e-10
2.0,P0200,fault_distance,50-100 km,28404,1143,1751,680,4,1,0.9533517622667588,23680,22.0,0.03614824268568528,0.7449236335957018,0.6469742899657706,0.11838191826678474,0.093262876485083,0.24558910980824422,0.4063790922366783,594,46.25809564751607,0,8.715021760676619e-10
2.0,P0200,fault_distance,100-200 km,112161,1627,1868,1515,1,1,1.0,110095,34.0,-0.0004941337954339884,0.9821108568827869,0.9576178004481661,0.035198164604302314,0.02627034140068869,0.07334757775674386,0.2088945561185732,589,86.7547404072367,0,1.8717599772913715e-09
2.0,P0200,fault_distance,200-300 km,77238,1473,1839,1213,1,1,1.0,74010,40.0,-0.01570264109592211,0.9744060684162175,0.9428372198029592,0.04553463365733432,0.033617702740604924,0.09072226346529572,0.2902369115608633,498,67.09936965173702,0,1.2888838742808878e-09
2.0,P0200,source_type,Crustal,65354,520,1868,1494,1,1,1.0,62809,27.0,0.02139951548814746,0.942811899282728,0.9210165866700624,0.06565918854514669,0.051337651177340377,0.12879020681607461,0.40318819279185825,575,48.5367267558334,0,1.4704100673111977e-09
2.0,P0200,source_type,Interplate,98417,656,1581,960,1,1,1.0,96414,84.0,-0.020905478266781047,0.9563016706097411,0.8325114420697071,0.05648268780441976,0.032580083869618734,0.07384838791348852,0.5955369220452048,584,57.01520751921772,0,1.7186961600883498e-09
2.0,P0200,source_type,Intraplate,58893,561,1834,1379,1,1,1.0,56521,25.0,0.007863846634904291,0.9326469184102075,0.909921226880705,0.07180898656605189,0.058441560118917574,0.13845474941805627,0.31792414241652933,425,47.28479268294233,0,1.1726292999741919e-09
3.0,P0300,hypocentral_azimuth,000-090 deg,32329,1159,1814,938,1,1,1.0,27711,17.0,-0.01174992407776971,0.27995078746905233,0.4026080447716628,0.26724682621320406,0.20268019364017145,0.4740047961627714,1.4065009162119406,578,55.66828130029398,0,8.522262309627275e-10
3.0,P0300,hypocentral_azimuth,090-180 deg,14266,586,1632,448,3,1,0.9386834986474302,8983,16.0,0.04315396101110057,0.6781075410649156,0.6171848808580696,0.12563991071973132,0.10197854417612984,0.23560379715024238,0.4348978190403611,582,36.344032951617166,0,5.113039431895906e-10
3.0,P0300,hypocentral_azimuth,180-270 deg,82817,1428,1793,1089,2,1,0.9894442719652282,79159,43.0,0.006324531755413523,0.7773623579896968,0.7168099456023217,0.17803739652197195,0.13826718001221575,0.3166396439165826,0.9309098662630158,777,39.2505471115756,0,1.7739609876596536e-09
3.0,P0300,hypocentral_azimuth,270-360 deg,93252,1469,1823,1345,3,1,0.991494532199271,90537,32.0,-0.0201428052123973,0.885674008645087,0.7547328722857759,0.08479542222940069,0.06367085232617571,0.16831381540266585,0.6184289422422465,663,68.85926699053708,0,1.738085716304761e-09
3.0,P0300,fault_distance,0-50 km,4861,418,1111,138,31,3,0.2844996729888816,2321,14.0,0.0330837043030685,0.6440951804678406,0.6331734358625444,0.15067087304472618,0.121769307971175,0.2888313255641383,0.41890412728426824,183,54.373589389213535,0,1.302278375258547e-10
3.0,P0300,fault_distance,50-100 km,28404,1143,1751,680,4,1,0.9533517622667588,23680,22.0,0.022175796334303947,0.4956580591403908,0.41128837928740686,0.16684087664091624,0.11350515009955753,0.42720460605394706,0.6205258393106381,587,72.13465507992491,0,8.576809908682355e-10
3.0,P0300,fault_distance,100-200 km,112161,1627,1868,1515,1,1,1.0,110095,34.0,-0.0011217617972614107,0.9744058028055663,0.9473198672763554,0.037067039078907425,0.027911992207122562,0.0795577675794824,0.21665179023961476,587,97.10405257690037,0,1.864992696901769e-09
3.0,P0300,fault_distance,200-300 km,77238,1473,1839,1213,1,1,1.0,74010,40.0,-0.012503763950259508,0.9633627396021404,0.9260546549133319,0.047427452949862364,0.03647771122101794,0.09177072028691932,0.26412322451882175,491,77.23122501902014,0,1.276538324275192e-09
3.0,P0300,source_type,Crustal,65354,520,1868,1494,1,1,1.0,62809,27.0,0.024734532443880703,0.9422979041208733,0.924017993449042,0.057905753158561335,0.04491869321035326,0.11991380994817016,0.23488908498797953,580,55.14980869877421,0,1.4834079590958463e-09
3.0,P0300,source_type,Interplate,98417,656,1581,960,1,1,1.0,96414,84.0,-0.022842857996253005,0.9337904333323113,0.7845217388473728,0.06272027869009505,0.03151975069437101,0.07289131597309509,0.7184369369791739,582,65.47943700336833,0,1.6905583170094567e-09
3.0,P0300,source_type,Intraplate,58893,561,1834,1379,1,1,1.0,56521,25.0,0.006726720907463961,0.9239426389192039,0.9103088576389899,0.06840692438625406,0.05435708937683088,0.13089434493327776,0.253295847707907,420,52.12269084789575,0,1.1087992688928624e-09
5.0,P0500,hypocentral_azimuth,000-090 deg,32329,1159,1814,938,1,1,1.0,27711,17.0,-0.03576018810177555,-0.10801151060298185,-0.0011289157914723626,0.4059168497795697,0.32127057819771854,0.6658987811757616,1.8582297672934034,587,55.52037467535689,0,8.007417450517472e-10
5.0,P0500,hypocentral_azimuth,090-180 deg,14266,586,1632,448,3,1,0.9386834986474302,8983,16.0,-0.0004503916650602748,0.3902138640402867,0.35739576282225116,0.17347631371218866,0.13870556930815903,0.3290119872566976,0.5602569035668151,584,31.04033109967522,0,5.402912817180742e-10
5.0,P0500,hypocentral_azimuth,180-270 deg,82817,1428,1793,1089,2,1,0.9894442719652282,79159,43.0,0.01185137101466719,0.7487684099736467,0.7387404685128279,0.1986306366620008,0.1488659808277175,0.3512912575109364,1.3435160515870952,776,92.73257971610711,0,1.6047307671768454e-09
5.0,P0500,hypocentral_azimuth,270-360 deg,93252,1469,1823,1345,3,1,0.991494532199271,90537,32.0,-0.015267081408862264,0.8365838835754038,0.7244617319742847,0.08867734396337124,0.06907888803266723,0.1672564843563252,0.7045186947391453,675,90.64100242683553,0,1.6822818341656383e-09
5.0,P0500,fault_distance,0-50 km,4861,418,1111,138,31,3,0.2844996729888816,2321,14.0,0.01575398026852137,0.7048978887273151,0.6838139770633508,0.13724529720715856,0.09929753115757041,0.3264409134393033,0.4765151761955466,185,45.58043983581659,0,1.3780263122511643e-10
5.0,P0500,fault_distance,50-100 km,28404,1143,1751,680,4,1,0.9533517622667588,23680,22.0,0.01136550232924847,0.4430026321245638,0.4000646118840833,0.1711468177326284,0.11231387508620108,0.4626820214657714,0.674970117878463,588,58.87493544940751,0,9.042714321300571e-10
5.0,P0500,fault_distance,100-200 km,112161,1627,1868,1515,1,1,1.0,110095,34.0,-0.0023388381191868698,0.9666492869285811,0.9399694373539089,0.0370535790220023,0.028490756442601108,0.0725786078431244,0.21963281374369437,590,42.23827860666412,0,1.8730756816188612e-09
5.0,P0500,fault_distance,200-300 km,77238,1473,1839,1213,1,1,1.0,74010,40.0,-0.005579706826025881,0.9382664130425012,0.9021591912291566,0.05131483653155677,0.039562607988841175,0.10813189510422956,0.2431860283101443,498,69.96898733489176,0,1.255428866273937e-09
5.0,P0500,source_type,Crustal,65354,520,1868,1494,1,1,1.0,62809,27.0,0.023413816930231913,0.8977979003649259,0.8758649361551608,0.06417860309298928,0.05009069163728324,0.12756602438127962,0.39474683400398364,577,56.32767915399837,0,1.5137639772907156e-09
5.0,P0500,source_type,Interplate,98417,656,1581,960,1,1,1.0,96414,84.0,-0.018492019337277562,0.9686950125641869,0.9143254278704728,0.03755848657786084,0.025502451573398154,0.06778115737667142,0.47160706890801285,590,64.78052378791396,0,1.8103296420770802e-09
5.0,P0500,source_type,Intraplate,58893,561,1834,1379,1,1,1.0,56521,25.0,0.004676719770394839,0.9021127199339936,0.8638765647556241,0.07387671670134777,0.0595083946715152,0.14080284006730298,0.29969454458223116,421,55.75941643691354,0,1.1086570278864059e-09
