period_s,period_code,residual_model,model,scope,fold,n_stations,n_records_weight,weighted_rmse_log10,weighted_mae_log10,zero_baseline_rmse_log10,zero_baseline_mae_log10,rmse_reduction_vs_zero_pct,mae_reduction_vs_zero_pct,prediction_centering_shift_log10,observed_predicted_correlation,source_type
0.1,P0010,source_conditioned_crustal,physical_hgb,fold,0,203,14125,0.25612774545697,0.19556788092715158,0.24945065720652562,0.19425001857919227,-2.676717041044414,-0.6784361502761114,-0.037923572048196,0.2602621058545433,Crustal
0.1,P0010,source_conditioned_crustal,physical_hgb,fold,1,220,5776,0.2681652270322286,0.21048078077621948,0.2265836021792663,0.1776729876044467,-18.351559624365123,-18.465267913889516,-0.037923572048196,0.10165042572109675,Crustal
0.1,P0010,source_conditioned_crustal,physical_hgb,fold,2,237,7142,0.2455465527755462,0.1965481577440807,0.23397533684576616,0.18469550615909724,-4.945485317286953,-6.417401176384624,-0.037923572048196,0.34870228264830827,Crustal
0.1,P0010,source_conditioned_crustal,physical_hgb,fold,3,39,893,0.3734586451676991,0.31375641484918865,0.3523041132366789,0.29598213041793664,-6.004622465707224,-6.005188355849093,-0.037923572048196,-0.016368487831316485,Crustal
0.1,P0010,source_conditioned_crustal,physical_hgb,fold,4,385,28947,0.25627260269059166,0.2038746714260957,0.2513295959785413,0.20006033178293306,-1.9667427915940199,-1.9065946802993514,-0.037923572048196,0.26426191846807634,Crustal
0.1,P0010,source_conditioned_crustal,physical_hgb,overall,-1,1084,56883,0.25840516026363897,0.20328788641068865,0.24825685404066425,0.19592100382199298,-4.087825193060906,-3.760129054559643,-0.037923572048196,0.2043534728712083,Crustal
0.1,P0010,source_conditioned_crustal,physical_spatial_hgb,fold,0,203,14125,0.3460893525480967,0.2685105905643925,0.24945065720652562,0.19425001857919227,-38.74060562669185,-38.22937703088329,-0.037278565238283545,-0.09964015809847854,Crustal
0.1,P0010,source_conditioned_crustal,physical_spatial_hgb,fold,1,220,5776,0.23491047132308265,0.18334020098803605,0.2265836021792663,0.1776729876044467,-3.674965471344386,-3.1896876728421284,-0.037278565238283545,0.17577116940198637,Crustal
0.1,P0010,source_conditioned_crustal,physical_spatial_hgb,fold,2,237,7142,0.21346488771670155,0.16665761485362643,0.23397533684576616,0.18469550615909724,8.766073127863411,9.766285970126921,-0.037278565238283545,0.3880799814650374,Crustal
0.1,P0010,source_conditioned_crustal,physical_spatial_hgb,fold,3,39,893,0.4948242960092955,0.41233409377773655,0.3523041132366789,0.29598213041793664,-40.45373795476273,-39.31046891091265,-0.037278565238283545,0.15533433991239784,Crustal
0.1,P0010,source_conditioned_crustal,physical_spatial_hgb,fold,4,385,28947,0.2335146203312714,0.18608708552834646,0.2513295959785413,0.20006033178293306,7.088292000752259,6.984516185721252,-0.037278565238283545,0.4926553810882563,Crustal
0.1,P0010,source_conditioned_crustal,physical_spatial_hgb,overall,-1,1084,56883,0.26955605020178347,0.20738763757970052,0.24825685404066425,0.19592100382199298,-8.579499745707095,-5.8526822209045655,-0.037278565238283545,0.1585315841592246,Crustal
0.2,P0020,source_conditioned_crustal,physical_hgb,fold,0,203,14125,0.24198087961537162,0.18404322370371792,0.25210273385020193,0.1999215708009243,4.014972023605527,7.942288085069888,-0.03201575652494284,0.41465224232756237,Crustal
0.2,P0020,source_conditioned_crustal,physical_hgb,fold,1,220,5776,0.2630923668219158,0.20891992726034897,0.25229065352337354,0.19798801514822437,-4.281455990418412,-5.521501947448886,-0.03201575652494284,0.27830757112693555,Crustal
0.2,P0020,source_conditioned_crustal,physical_hgb,fold,2,237,7142,0.2608833503835784,0.19881625517370546,0.25655553638966244,0.20183659293080958,-1.6868916784328443,1.4964272400988743,-0.03201575652494284,0.3670588258637473,Crustal
0.2,P0020,source_conditioned_crustal,physical_hgb,fold,3,39,893,0.3216754003099128,0.27371111272894516,0.32635265187699003,0.26091392190093277,1.4331893858304476,-4.904755842377549,-0.03201575652494284,0.5700974479884157,Crustal
0.2,P0020,source_conditioned_crustal,physical_hgb,fold,4,385,28947,0.2662872962143149,0.20799352010485953,0.2824537238164903,0.21905954771566447,5.723566814321309,5.051607074971439,-0.03201575652494284,0.3336068449092544,Crustal
0.2,P0020,source_conditioned_crustal,physical_hgb,overall,-1,1084,56883,0.2604284982152877,0.2020197630094002,0.2697784314458786,0.21066225005280864,3.4657823386695177,4.102532390706904,-0.03201575652494284,0.3339080193720451,Crustal
0.2,P0020,source_conditioned_crustal,physical_spatial_hgb,fold,0,203,14125,0.2636439530274562,0.2176080911530803,0.25210273385020193,0.1999215708009243,-4.577982555362524,-8.846729385578758,-0.04483560347617461,0.27578121374840864,Crustal
0.2,P0020,source_conditioned_crustal,physical_spatial_hgb,fold,1,220,5776,0.24280932255732493,0.19473225520616777,0.25229065352337354,0.19798801514822437,3.758098381226878,1.644422739234575,-0.04483560347617461,0.3671911683388281,Crustal
0.2,P0020,source_conditioned_crustal,physical_spatial_hgb,fold,2,237,7142,0.26106752331073807,0.20154561977054075,0.25655553638966244,0.20183659293080958,-1.7586784462225438,0.14416273879958563,-0.04483560347617461,0.3616740229975694,Crustal
0.2,P0020,source_conditioned_crustal,physical_spatial_hgb,fold,3,39,893,0.4844438036831768,0.4443541062230527,0.32635265187699003,0.26091392190093277,-48.44181620616187,-70.3067827832395,-0.04483560347617461,0.5195519005407163,Crustal
0.2,P0020,source_conditioned_crustal,physical_spatial_hgb,fold,4,385,28947,0.24576925299887292,0.1909828769011084,0.2824537238164903,0.21905954771566447,12.987780908652924,12.816912619119938,-0.04483560347617461,0.45712664382535817,Crustal
0.2,P0020,source_conditioned_crustal,physical_spatial_hgb,overall,-1,1084,56883,0.2573447796634097,0.2032789438764281,0.2697784314458786,0.21066225005280864,4.608838340348672,3.5048074225589607,-0.04483560347617461,0.31803873979848923,Crustal
0.3,P0030,source_conditioned_crustal,physical_hgb,fold,0,203,14125,0.2378794867354468,0.18454149359004773,0.25131862912836667,0.1960263474475918,5.347451734688372,5.858831737205409,-0.017686609368963168,0.49006435985535096,Crustal
0.3,P0030,source_conditioned_crustal,physical_hgb,fold,1,220,5776,0.2580261944013725,0.2076483975179759,0.27762934611998374,0.2141493483600739,7.060907642717036,3.0357089068359957,-0.017686609368963168,0.43430815979933163,Crustal
0.3,P0030,source_conditioned_crustal,physical_hgb,fold,2,237,7142,0.23621485968183817,0.17963269504501111,0.2422042787366805,0.19759865470362306,2.472879127521068,9.092146748447743,-0.017686609368963168,0.4080894338800551,Crustal
0.3,P0030,source_conditioned_crustal,physical_hgb,fold,3,39,893,0.27843749055281997,0.23891783691019858,0.28841468899855077,0.23552156724168274,3.4593239617490283,-1.442020664303205,-0.017686609368963168,0.6264122283096034,Crustal
0.3,P0030,source_conditioned_crustal,physical_hgb,fold,4,385,28947,0.23880047042777125,0.18817414648765815,0.2669230335541037,0.21255974949345954,10.535832277896002,11.472352156941048,-0.017686609368963168,0.37882295319008563,Crustal
0.3,P0030,source_conditioned_crustal,physical_hgb,overall,-1,1084,56883,0.24094440974616307,0.18897373724616792,0.26160859298869094,0.2070976603528698,7.898893154255507,8.751389598424662,-0.017686609368963168,0.4092522638548962,Crustal
0.3,P0030,source_conditioned_crustal,physical_spatial_hgb,fold,0,203,14125,0.24665047572547447,0.193450224693001,0.25131862912836667,0.1960263474475918,1.8574641358989092,1.3141716856605343,-0.02174495309133232,0.5257438841859978,Crustal
0.3,P0030,source_conditioned_crustal,physical_spatial_hgb,fold,1,220,5776,0.25469708735719654,0.20282739404398947,0.27762934611998374,0.2141493483600739,8.26002693277119,5.2869431556931605,-0.02174495309133232,0.42251960610323086,Crustal
0.3,P0030,source_conditioned_crustal,physical_spatial_hgb,fold,2,237,7142,0.23182923650106485,0.18333006476732347,0.2422042787366805,0.19759865470362306,4.283591639970643,7.220995485875629,-0.02174495309133232,0.4493800988404282,Crustal
0.3,P0030,source_conditioned_crustal,physical_spatial_hgb,fold,3,39,893,0.3721622929243377,0.3304224211434998,0.28841468899855077,0.23552156724168274,-29.037218671691083,-40.29391236363234,-0.02174495309133232,0.5375357204169423,Crustal
0.3,P0030,source_conditioned_crustal,physical_spatial_hgb,fold,4,385,28947,0.2274397971387167,0.18091242204887636,0.2669230335541037,0.21255974949345954,14.791992991262017,14.888673664699143,-0.02174495309133232,0.47400016647128207,Crustal
0.3,P0030,source_conditioned_crustal,physical_spatial_hgb,overall,-1,1084,56883,0.23862159083722836,0.18890174353471012,0.26160859298869094,0.2070976603528698,8.786791706209847,8.786152768291059,-0.02174495309133232,0.4013657130462442,Crustal
0.5,P0050,source_conditioned_crustal,physical_hgb,fold,0,203,14125,0.2384603514348755,0.18916489212071733,0.24994214665709313,0.1978111157694096,4.5937811512717825,4.370949334703346,0.00456217926128024,0.45679701533885547,Crustal
0.5,P0050,source_conditioned_crustal,physical_hgb,fold,1,220,5776,0.24721863049270457,0.19260163352281656,0.2731361641524664,0.21386014127975453,9.488869311825908,9.940378618346326,0.00456217926128024,0.47342378617309466,Crustal
0.5,P0050,source_conditioned_crustal,physical_hgb,fold,2,237,7142,0.21483290352115508,0.16893872185346143,0.23880224477100748,0.19049367498772626,10.03731823075495,11.315311721322846,0.00456217926128024,0.4949531030251777,Crustal
0.5,P0050,source_conditioned_crustal,physical_hgb,fold,3,39,893,0.15319159368593777,0.12837150162259336,0.19042865021318225,0.1483948830927941,19.55433517254789,13.493309912633409,0.00456217926128024,0.685632689097285,Crustal
0.5,P0050,source_conditioned_crustal,physical_hgb,fold,4,385,28947,0.22128144912890946,0.1728553686505164,0.24141096829092842,0.1898305972691441,8.338278622767689,8.942303750201043,0.00456217926128024,0.4173137637696184,Crustal
0.5,P0050,source_conditioned_crustal,physical_hgb,overall,-1,1084,56883,0.22673145655907442,0.17772026080174774,0.24591627539249875,0.1936850542831583,7.801361989077003,8.24265637867483,0.00456217926128024,0.4353728883127704,Crustal
0.5,P0050,source_conditioned_crustal,physical_spatial_hgb,fold,0,203,14125,0.22871454265944466,0.17942739868151134,0.24994214665709313,0.1978111157694096,8.49300699444323,9.293571302296455,-0.001214564393196777,0.5594672508688907,Crustal
0.5,P0050,source_conditioned_crustal,physical_spatial_hgb,fold,1,220,5776,0.24091959710481622,0.1868669852094032,0.2731361641524664,0.21386014127975453,11.795057292254667,12.621873299448103,-0.001214564393196777,0.4371532633066438,Crustal
0.5,P0050,source_conditioned_crustal,physical_spatial_hgb,fold,2,237,7142,0.22132108194606245,0.1794665705177924,0.23880224477100748,0.19049367498772626,7.320351130580067,5.788698480747112,-0.001214564393196777,0.46342969177067744,Crustal
0.5,P0050,source_conditioned_crustal,physical_spatial_hgb,fold,3,39,893,0.24346296376289156,0.20131194465698699,0.19042865021318225,0.1483948830927941,-27.84996558571314,-35.65962684245847,-0.001214564393196777,0.6177571714619298,Crustal
0.5,P0050,source_conditioned_crustal,physical_spatial_hgb,fold,4,385,28947,0.2086036297554796,0.16033980920617671,0.24141096829092842,0.1898305972691441,13.58982931376678,15.535318587843351,-0.001214564393196777,0.45465112394423635,Crustal
0.5,P0050,source_conditioned_crustal,physical_spatial_hgb,overall,-1,1084,56883,0.21933613368685143,0.17081788905743053,0.24591627539249875,0.1936850542831583,10.808614299002228,11.806365395802333,-0.001214564393196777,0.4324373966957367,Crustal
1.0,P0100,source_conditioned_crustal,physical_hgb,fold,0,203,14125,0.2563691209107465,0.19650844161106273,0.2615067955231554,0.20767104495017386,1.9646428698461935,5.375137078830294,0.009882951629455409,0.4609293209515296,Crustal
1.0,P0100,source_conditioned_crustal,physical_hgb,fold,1,220,5776,0.18766811489518762,0.14895934379813244,0.20253593294217637,0.15812489161437251,7.340829763394868,5.796397848981662,0.009882951629455409,0.48257078236280815,Crustal
1.0,P0100,source_conditioned_crustal,physical_hgb,fold,2,237,7142,0.19691222878943346,0.15457253554850972,0.21586210698809766,0.17775868672158288,8.77869602176591,13.043610751574013,0.009882951629455409,0.46625260586831313,Crustal
1.0,P0100,source_conditioned_crustal,physical_hgb,fold,3,39,893,0.1254315838716402,0.10011040419531242,0.18990654908907822,0.1429683816325615,33.95089086011204,29.977241784408676,0.009882951629455409,0.6871452049655495,Crustal
1.0,P0100,source_conditioned_crustal,physical_hgb,fold,4,385,28947,0.21545348121825775,0.16502315536147932,0.2104297219547144,0.16215406627310078,-2.387381030054529,-1.7693599391743962,0.009882951629455409,0.3162034872570957,Crustal
1.0,P0100,source_conditioned_crustal,physical_hgb,overall,-1,1084,56883,0.2205331132629602,0.16887913481386155,0.22382390253508308,0.17470562286898883,1.470258196220601,3.335031786296052,0.009882951629455409,0.3916765791033684,Crustal
1.0,P0100,source_conditioned_crustal,physical_spatial_hgb,fold,0,203,14125,0.21911688259615483,0.16979425239531754,0.2615067955231554,0.20767104495017386,16.20987050917655,18.238841415732285,0.015036004900431423,0.5393902182233046,Crustal
1.0,P0100,source_conditioned_crustal,physical_spatial_hgb,fold,1,220,5776,0.18689046929028924,0.15037595024756228,0.20253593294217637,0.15812489161437251,7.724784152920597,4.900519638431109,0.015036004900431423,0.4740788954303575,Crustal
1.0,P0100,source_conditioned_crustal,physical_spatial_hgb,fold,2,237,7142,0.19261669423951883,0.15332066657805277,0.21586210698809766,0.17775868672158288,10.768639791818835,13.747862675091943,0.015036004900431423,0.4512711672241716,Crustal
1.0,P0100,source_conditioned_crustal,physical_spatial_hgb,fold,3,39,893,0.1706848153929923,0.1382141926707975,0.18990654908907822,0.1429683816325615,10.121680262364052,3.32534292371205,0.015036004900431423,0.6721328761578419,Crustal
1.0,P0100,source_conditioned_crustal,physical_spatial_hgb,fold,4,385,28947,0.18616707824193282,0.14445083603654177,0.2104297219547144,0.16215406627310078,11.530045987516456,10.91753703341804,0.015036004900431423,0.4491826449193676,Crustal
1.0,P0100,source_conditioned_crustal,physical_spatial_hgb,overall,-1,1084,56883,0.19550348344691576,0.1523614283567855,0.22382390253508308,0.17470562286898883,12.65299137732989,12.78962528238668,0.015036004900431423,0.48400502639686344,Crustal
2.0,P0200,source_conditioned_crustal,physical_hgb,fold,0,203,14125,0.22584378510069708,0.17394911974091654,0.22769374572219075,0.17350221572768046,0.8124775740440457,-0.2575782743532871,-0.0044636969570451225,0.5177452646949247,Crustal
2.0,P0200,source_conditioned_crustal,physical_hgb,fold,1,220,5776,0.16913738333396122,0.12846722782389916,0.18257303469936642,0.14150991552136044,7.359055726673433,9.216801274602226,-0.0044636969570451225,0.42492913490586454,Crustal
2.0,P0200,source_conditioned_crustal,physical_hgb,fold,2,237,7142,0.16724917310929302,0.1310398128597358,0.1732394799647951,0.1417555592591203,3.457818539237943,7.559312985952677,-0.0044636969570451225,0.3619831722537147,Crustal
2.0,P0200,source_conditioned_crustal,physical_hgb,fold,3,39,893,0.15277230182809282,0.11901561180683475,0.2167742555821083,0.16608260766262734,29.524702360134853,28.339509186538272,-0.0044636969570451225,0.5702044035948829,Crustal
2.0,P0200,source_conditioned_crustal,physical_hgb,fold,4,385,28947,0.19004208820224694,0.14551846144893607,0.18581055241542888,0.1417416435474763,-2.2773387904026787,-2.6645788823485317,-0.0044636969570451225,0.2987047024173461,Crustal
2.0,P0200,source_conditioned_crustal,physical_hgb,overall,-1,1084,56883,0.1944936675588097,0.1486129109329919,0.19579071790340238,0.14998866792969823,0.6624677402902265,0.9172406260392757,-0.0044636969570451225,0.36822185785569705,Crustal
2.0,P0200,source_conditioned_crustal,physical_spatial_hgb,fold,0,203,14125,0.19242633038857945,0.14580514966495267,0.22769374572219075,0.17350221572768046,15.488969721918094,15.963522970910978,0.012013698627474081,0.5290580720432692,Crustal
2.0,P0200,source_conditioned_crustal,physical_spatial_hgb,fold,1,220,5776,0.18182350991160331,0.14220413412500685,0.18257303469936642,0.14150991552136044,0.4105342220976443,-0.4905794771261927,0.012013698627474081,0.4277812713134202,Crustal
2.0,P0200,source_conditioned_crustal,physical_spatial_hgb,fold,2,237,7142,0.1507244020894126,0.1179949630251987,0.1732394799647951,0.1417555592591203,12.996505115322396,16.76166801366056,0.012013698627474081,0.40052066529314223,Crustal
2.0,P0200,source_conditioned_crustal,physical_spatial_hgb,fold,3,39,893,0.13631035865196828,0.10735762398219822,0.2167742555821083,0.16608260766262734,37.118751354522566,35.3589003128614,0.012013698627474081,0.5524544549281206,Crustal
2.0,P0200,source_conditioned_crustal,physical_spatial_hgb,fold,4,385,28947,0.17170372112416946,0.13147034421251588,0.18581055241542888,0.1417416435474763,7.592050670900461,7.246493745869426,0.012013698627474081,0.3662094133427102,Crustal
2.0,P0200,source_conditioned_crustal,physical_spatial_hgb,overall,-1,1084,56883,0.17521053190748315,0.13404938656163115,0.19579071790340238,0.14998866792969823,10.511318522297325,10.62699041739476,0.012013698627474081,0.46822883711218344,Crustal
3.0,P0300,source_conditioned_crustal,physical_hgb,fold,0,203,14125,0.20967097995323772,0.16345151425986096,0.19726475835878896,0.14886663832653677,-6.289122141058813,-9.797276338928594,-0.005326867020661668,0.46284223311069933,Crustal
3.0,P0300,source_conditioned_crustal,physical_hgb,fold,1,220,5776,0.15533217374466374,0.11886445645422676,0.15918730873301257,0.12171203401251021,2.421760264076469,2.3396023091609512,-0.005326867020661668,0.359013304668217,Crustal
3.0,P0300,source_conditioned_crustal,physical_hgb,fold,2,237,7142,0.14971802433036477,0.11813711933954317,0.15201713134598627,0.12456480879137613,1.5123999481274268,5.160116660716106,-0.005326867020661668,0.23787806457511285,Crustal
3.0,P0300,source_conditioned_crustal,physical_hgb,fold,3,39,893,0.17129698370018986,0.14078333570254817,0.21786763611872892,0.17555595403401278,21.37566333769737,19.80714269863365,-0.005326867020661668,0.30812623487989643,Crustal
3.0,P0300,source_conditioned_crustal,physical_hgb,fold,4,385,28947,0.16760689257753825,0.12986081665469176,0.16184264830857562,0.12516501246602138,-3.5616349146562993,-3.751690745003645,-0.005326867020661668,0.26204970974432445,Crustal
3.0,P0300,source_conditioned_crustal,physical_hgb,overall,-1,1084,56883,0.17588977549799836,0.13578485002916343,0.17091498072272965,0.13141562368392828,-2.9106838699757853,-3.3247388877776887,-0.005326867020661668,0.3068836126300093,Crustal
3.0,P0300,source_conditioned_crustal,physical_spatial_hgb,fold,0,203,14125,0.1774923063118804,0.1361702560631566,0.19726475835878896,0.14886663832653677,10.023306854915282,8.528695486177924,-0.010046118800213439,0.38863373064360646,Crustal
3.0,P0300,source_conditioned_crustal,physical_spatial_hgb,fold,1,220,5776,0.14611535761220465,0.11529623602445647,0.15918730873301257,0.12171203401251021,8.21167920033881,5.271293048470694,-0.010046118800213439,0.431467379152595,Crustal
3.0,P0300,source_conditioned_crustal,physical_spatial_hgb,fold,2,237,7142,0.13930534319273402,0.10972936735033077,0.15201713134598627,0.12456480879137613,8.362076063861915,11.909817535939931,-0.010046118800213439,0.30103063954622705,Crustal
3.0,P0300,source_conditioned_crustal,physical_spatial_hgb,fold,3,39,893,0.12849478574219306,0.10221114189858199,0.21786763611872892,0.17555595403401278,41.02162761238724,41.77859562724983,-0.010046118800213439,0.41559999548353677,Crustal
3.0,P0300,source_conditioned_crustal,physical_spatial_hgb,fold,4,385,28947,0.15073288964538611,0.11884011915858006,0.16184264830857562,0.12516501246602138,6.864543295168524,5.053243860106948,-0.010046118800213439,0.31697690250563704,Crustal
3.0,P0300,source_conditioned_crustal,physical_spatial_hgb,overall,-1,1084,56883,0.15571957583418525,0.12137866404346222,0.17091498072272965,0.13141562368392828,8.890622006502438,7.637569536333263,-0.010046118800213439,0.4549303308507101,Crustal
5.0,P0500,source_conditioned_crustal,physical_hgb,fold,0,203,14125,0.15398955166135755,0.11692722311656552,0.14581073020616256,0.11444785160566259,-5.609204098786774,-2.1663766301579503,-0.004977420132958763,0.3905944664868807,Crustal
5.0,P0500,source_conditioned_crustal,physical_hgb,fold,1,220,5776,0.12366352522688416,0.09910336668998357,0.1259247671883147,0.09819309641553041,1.7957086694859212,-0.9270206436928179,-0.004977420132958763,0.372631779075887,Crustal
5.0,P0500,source_conditioned_crustal,physical_hgb,fold,2,237,7142,0.1368079019152501,0.10848884756420234,0.13646914438468846,0.11304203469405699,-0.2482301271023819,4.027870820069405,-0.004977420132958763,0.21166343967316947,Crustal
5.0,P0500,source_conditioned_crustal,physical_hgb,fold,3,39,893,0.17928860143574724,0.14724167260569618,0.2229668182675808,0.18359156837592358,19.589559186970888,19.799327437410994,-0.004977420132958763,0.4056914867459752,Crustal
5.0,P0500,source_conditioned_crustal,physical_hgb,fold,4,385,28947,0.13844512194799172,0.10730026858188092,0.13688287643222866,0.10575873881340933,-1.1413009110285142,-1.457590914724617,-0.004977420132958763,0.3013933410011941,Crustal
5.0,P0500,source_conditioned_crustal,physical_hgb,overall,-1,1084,56883,0.14159650084498993,0.10963474342251568,0.13979741412902447,0.1092845124835628,-1.2869241732218393,-0.3204762788373678,-0.004977420132958763,0.3158099077387163,Crustal
5.0,P0500,source_conditioned_crustal,physical_spatial_hgb,fold,0,203,14125,0.146804141452768,0.11633052012953392,0.14581073020616256,0.11444785160566259,-0.6813018803217299,-1.6450011926463943,-0.007722583459670116,0.40347640926090067,Crustal
5.0,P0500,source_conditioned_crustal,physical_spatial_hgb,fold,1,220,5776,0.14300091702633339,0.1161847253320821,0.1259247671883147,0.09819309641553041,-13.560596711274517,-18.322702484516114,-0.007722583459670116,0.4449876643821779,Crustal
5.0,P0500,source_conditioned_crustal,physical_spatial_hgb,fold,2,237,7142,0.12016003565483162,0.09402925583261504,0.13646914438468846,0.11304203469405699,11.950766455956979,16.819211466689495,-0.007722583459670116,0.18363562146881354,Crustal
5.0,P0500,source_conditioned_crustal,physical_spatial_hgb,fold,3,39,893,0.1546811991695723,0.12847876737068412,0.2229668182675808,0.18359156837592358,30.625910899468213,30.019244071378075,-0.007722583459670116,0.48843234078032094,Crustal
5.0,P0500,source_conditioned_crustal,physical_spatial_hgb,fold,4,385,28947,0.1279398667182947,0.10019727857621089,0.13688287643222866,0.10575873881340933,6.53332976850592,5.2586294991760045,-0.007722583459670116,0.3411192135152457,Crustal
5.0,P0500,source_conditioned_crustal,physical_spatial_hgb,overall,-1,1084,56883,0.13396363502793804,0.10549638165553692,0.13979741412902447,0.1092845124835628,4.173023612369687,3.466301621280186,-0.007722583459670116,0.38339331451791653,Crustal
0.1,P0010,source_conditioned_interplate,physical_hgb,fold,0,219,38220,0.2744772031017878,0.2213960373362124,0.26776482952399966,0.22082599859300647,-2.506816742781567,-0.25813932545893137,-0.08825883463184712,0.21482781435958642,Interplate
0.1,P0010,source_conditioned_interplate,physical_hgb,fold,1,95,7907,0.3287748956704936,0.2716378912866125,0.27410635659436494,0.21791964412908515,-19.944279934021985,-24.65048406820415,-0.08825883463184712,0.022590427793307062,Interplate
0.1,P0010,source_conditioned_interplate,physical_hgb,fold,2,343,38545,0.29482782649290123,0.23667441920788487,0.29420116909699645,0.23944906162187973,-0.2130030270879646,1.1587610305094327,-0.08825883463184712,0.20679397991150525,Interplate
0.1,P0010,source_conditioned_interplate,physical_hgb,fold,3,6,123,0.34272371327211154,0.2698193594865182,0.30791796259397053,0.23336953687837841,-11.303579169246737,-15.61892914375357,-0.08825883463184712,-0.10748296943495009,Interplate
0.1,P0010,source_conditioned_interplate,physical_hgb,fold,4,116,9098,0.3019819360127077,0.24043186097754984,0.29947617566598755,0.23979354786701476,-0.8367144201530244,-0.26619277966940114,-0.08825883463184712,0.23654404981634491,Interplate
0.1,P0010,source_conditioned_interplate,physical_hgb,overall,-1,779,93893,0.290592224823598,0.23380709631337582,0.28259419843648237,0.23008073577475294,-2.830216059411883,-1.6195882397868178,-0.08825883463184712,0.16722258724724837,Interplate
0.1,P0010,source_conditioned_interplate,physical_spatial_hgb,fold,0,219,38220,0.24980672119051042,0.1983956931573186,0.26776482952399966,0.22082599859300647,6.70667180802386,10.157456811517958,-0.06208143828170676,0.43205533328691853,Interplate
0.1,P0010,source_conditioned_interplate,physical_spatial_hgb,fold,1,95,7907,0.3221513143955672,0.25555335909446725,0.27410635659436494,0.21791964412908515,-17.527852472353054,-17.26953763887834,-0.06208143828170676,0.36389863061863337,Interplate
0.1,P0010,source_conditioned_interplate,physical_spatial_hgb,fold,2,343,38545,0.25943413326595677,0.20621532954656888,0.29420116909699645,0.23944906162187973,11.817436326902287,13.8792492441633,-0.06208143828170676,0.46460267580631476,Interplate
0.1,P0010,source_conditioned_interplate,physical_spatial_hgb,fold,3,6,123,0.21182887143587592,0.17555136050010123,0.30791796259397053,0.23336953687837841,31.20606876864811,24.775374349056275,-0.06208143828170676,-0.12556957819371212,Interplate
0.1,P0010,source_conditioned_interplate,physical_spatial_hgb,fold,4,116,9098,0.2664895313958051,0.2072061503147034,0.29947617566598755,0.23979354786701476,11.014780790767537,13.58977246976793,-0.06208143828170676,0.40183363370877134,Interplate
0.1,P0010,source_conditioned_interplate,physical_spatial_hgb,overall,-1,779,93893,0.2621302150308482,0.20724301122671393,0.28259419843648237,0.23008073577475294,7.241473292394489,9.925961194072737,-0.06208143828170676,0.4109328005440726,Interplate
0.2,P0020,source_conditioned_interplate,physical_hgb,fold,0,219,38220,0.2850990837198361,0.22723921819877663,0.29417190297074225,0.23060751515857097,3.0841896045417037,1.4606189037153583,-0.08670946497475848,0.3328472130169149,Interplate
0.2,P0020,source_conditioned_interplate,physical_hgb,fold,1,95,7907,0.26585632845779494,0.20854695311685206,0.25341679754382707,0.20156334389922764,-4.908723902493689,-3.464721849978785,-0.08670946497475848,0.3161828620111482,Interplate
0.2,P0020,source_conditioned_interplate,physical_hgb,fold,2,343,38545,0.2994885894911747,0.2295807343584439,0.3224941147063477,0.2516125757768953,7.133626372103279,8.756256061695025,-0.08670946497475848,0.3577670009585499,Interplate
0.2,P0020,source_conditioned_interplate,physical_hgb,fold,3,6,123,0.21693154001768983,0.1861055909334114,0.21498659671557538,0.18917091269046907,-0.9046811902825669,1.620398037658839,-0.08670946497475848,0.3127654146328212,Interplate
0.2,P0020,source_conditioned_interplate,physical_hgb,fold,4,116,9098,0.2664709134195493,0.20920747611269794,0.2939455430841297,0.22932148755275286,9.346843424231437,8.771097577774048,-0.08670946497475848,0.3952544643253464,Interplate
0.2,P0020,source_conditioned_interplate,physical_hgb,overall,-1,779,93893,0.2877525179052122,0.2248252126256116,0.3029222552458876,0.23660573460117446,5.007798891620504,4.978967223858823,-0.08670946497475848,0.3262716668759051,Interplate
0.2,P0020,source_conditioned_interplate,physical_spatial_hgb,fold,0,219,38220,0.2469155731216746,0.1931042063991634,0.29417190297074225,0.23060751515857097,16.06418878616279,16.26283026102573,-0.05563656690292052,0.5707987038889605,Interplate
0.2,P0020,source_conditioned_interplate,physical_spatial_hgb,fold,1,95,7907,0.2142831738936834,0.16491109577751428,0.25341679754382707,0.20156334389922764,15.44239530663934,18.183984951171375,-0.05563656690292052,0.5684467789985954,Interplate
0.2,P0020,source_conditioned_interplate,physical_spatial_hgb,fold,2,343,38545,0.2555435878287371,0.193044730529261,0.3224941147063477,0.2516125757768953,20.760232148290058,23.276994429549642,-0.05563656690292052,0.5415560411788428,Interplate
0.2,P0020,source_conditioned_interplate,physical_spatial_hgb,fold,3,6,123,0.28367464540828746,0.24253854620591514,0.21498659671557538,0.18917091269046907,-31.94992141002424,-28.21133162410062,-0.05563656690292052,-0.3932201787009576,Interplate
0.2,P0020,source_conditioned_interplate,physical_spatial_hgb,fold,4,116,9098,0.24085781105339463,0.1848213075033893,0.2939455430841297,0.22932148755275286,18.060396995215164,19.40515061377613,-0.05563656690292052,0.5426781158596002,Interplate
0.2,P0020,source_conditioned_interplate,physical_spatial_hgb,overall,-1,779,93893,0.2474243909767021,0.18996773388845128,0.3029222552458876,0.23660573460117446,18.320827640787524,19.71127233722241,-0.05563656690292052,0.54938857037004,Interplate
0.3,P0030,source_conditioned_interplate,physical_hgb,fold,0,219,38220,0.26367873591567553,0.20909264165919908,0.2789863417914885,0.2282076102021558,5.486865692964183,8.376131070310882,-0.06470434675271221,0.44025348427780897,Interplate
0.3,P0030,source_conditioned_interplate,physical_hgb,fold,1,95,7907,0.24521636860932264,0.19361638703953704,0.24320402250074222,0.18946104196783997,-0.8274312603420362,-2.1932451276196496,-0.06470434675271221,0.43369628279805433,Interplate
0.3,P0030,source_conditioned_interplate,physical_hgb,fold,2,343,38545,0.26386221566331924,0.20427779130194837,0.29095866869942894,0.22415685872398072,9.312818606584061,8.868373484172874,-0.06470434675271221,0.36548920795223994,Interplate
0.3,P0030,source_conditioned_interplate,physical_hgb,fold,3,6,123,0.15748719482497758,0.13426632068785269,0.23717579298934874,0.16871830466431864,33.59895930355332,20.419825842259087,-0.06470434675271221,0.7459888842760971,Interplate
0.3,P0030,source_conditioned_interplate,physical_hgb,fold,4,116,9098,0.23463154389020047,0.19179293187499455,0.2739227146768271,0.21693129182935922,14.343889236415533,11.588166807275922,-0.06470434675271221,0.4866583803956687,Interplate
0.3,P0030,source_conditioned_interplate,physical_hgb,overall,-1,779,93893,0.25944915365043486,0.20403842516388995,0.28064479804954684,0.2221111550895079,7.552480768009803,8.136795253860562,-0.06470434675271221,0.39996971772075,Interplate
0.3,P0030,source_conditioned_interplate,physical_spatial_hgb,fold,0,219,38220,0.22897027071723858,0.17265096668778823,0.2789863417914885,0.2282076102021558,17.927784834582127,24.344781256485344,0.003559740802010617,0.6207593757932204,Interplate
0.3,P0030,source_conditioned_interplate,physical_spatial_hgb,fold,1,95,7907,0.19923812435686172,0.1579075995861275,0.24320402250074222,0.18946104196783997,18.07778411384882,16.654316926573493,0.003559740802010617,0.6129570557138253,Interplate
0.3,P0030,source_conditioned_interplate,physical_spatial_hgb,fold,2,343,38545,0.22879703192326814,0.17563441708471147,0.29095866869942894,0.22415685872398072,21.36442163899783,21.64664597616358,0.003559740802010617,0.5324988477435206,Interplate
0.3,P0030,source_conditioned_interplate,physical_spatial_hgb,fold,3,6,123,0.3293070990689972,0.27566151842612036,0.23717579298934874,0.16871830466431864,-38.84515570431167,-63.3856616652091,0.003559740802010617,0.26562959350553417,Interplate
0.3,P0030,source_conditioned_interplate,physical_spatial_hgb,fold,4,116,9098,0.20439532433070864,0.1592546455258664,0.2739227146768271,0.21693129182935922,25.382119342730153,26.587518018775253,0.003559740802010617,0.6454166417410034,Interplate
0.3,P0030,source_conditioned_interplate,physical_spatial_hgb,overall,-1,779,93893,0.22441946591246603,0.17147102632811523,0.28064479804954684,0.2221111550895079,20.03433968056462,22.79945315712998,0.003559740802010617,0.5709265347552357,Interplate
0.5,P0050,source_conditioned_interplate,physical_hgb,fold,0,219,38220,0.21663952747875206,0.17123094809900277,0.24314625691739108,0.19448140379570159,10.901557677544128,11.955104829006121,-0.03742992783204347,0.5655577592995672,Interplate
0.5,P0050,source_conditioned_interplate,physical_hgb,fold,1,95,7907,0.21052298642880543,0.16747918773499232,0.23216397672769443,0.18516069196893695,9.321424711927534,9.549275305641505,-0.03742992783204347,0.5402812423358093,Interplate
0.5,P0050,source_conditioned_interplate,physical_hgb,fold,2,343,38545,0.2446195628441084,0.18362983209176292,0.2559915126989621,0.1990718305709788,4.4423151904363065,7.75699828294393,-0.03742992783204347,0.3317598606898532,Interplate
0.5,P0050,source_conditioned_interplate,physical_hgb,fold,3,6,123,0.3319452674335903,0.2653930070525147,0.3869675523024022,0.30579229402377983,14.218836835656393,13.211348932201517,-0.03742992783204347,0.4520348825048726,Interplate
0.5,P0050,source_conditioned_interplate,physical_hgb,fold,4,116,9098,0.22310222435713678,0.17700359036656116,0.2512348419222142,0.19490199124944144,11.19773728430058,9.183282719761117,-0.03742992783204347,0.5209908874604583,Interplate
0.5,P0050,source_conditioned_interplate,physical_hgb,overall,-1,779,93893,0.22884294209338016,0.1766877046932562,0.2486338287777873,0.19576751538858936,7.959852760862623,9.746157659231985,-0.03742992783204347,0.42950650203739876,Interplate
0.5,P0050,source_conditioned_interplate,physical_spatial_hgb,fold,0,219,38220,0.17547012010781732,0.13302269254224158,0.24314625691739108,0.19448140379570159,27.833509619918487,31.601330540590407,0.026011437977269073,0.7170638954550465,Interplate
0.5,P0050,source_conditioned_interplate,physical_spatial_hgb,fold,1,95,7907,0.19588236019671976,0.15120934545254006,0.23216397672769443,0.18516069196893695,15.627582298665331,18.33615232011158,0.026011437977269073,0.6460001477384083,Interplate
0.5,P0050,source_conditioned_interplate,physical_spatial_hgb,fold,2,343,38545,0.22127408475253257,0.16531733185621816,0.2559915126989621,0.1990718305709788,13.56194491778175,16.95593927977947,0.026011437977269073,0.43578707057514016,Interplate
0.5,P0050,source_conditioned_interplate,physical_spatial_hgb,fold,3,6,123,0.48344560826958244,0.3964219992209539,0.3869675523024022,0.30579229402377983,-24.9318206121287,-29.6376681062232,0.026011437977269073,0.1061140418765536,Interplate
0.5,P0050,source_conditioned_interplate,physical_spatial_hgb,fold,4,116,9098,0.2019582410451164,0.16156006489555316,0.2512348419222142,0.19490199124944144,19.61376077461203,17.107021914012297,0.026011437977269073,0.6171530390209997,Interplate
0.5,P0050,source_conditioned_interplate,physical_spatial_hgb,overall,-1,779,93893,0.20030684726293427,0.15092210852970464,0.2486338287777873,0.19576751538858936,19.437009739348277,22.9074812385848,0.026011437977269073,0.5673683950501559,Interplate
1.0,P0100,source_conditioned_interplate,physical_hgb,fold,0,219,38220,0.22368634665508869,0.16965980038565254,0.23527241453038286,0.18720276837810504,4.924533077292817,9.371105002581949,-0.026447410699101226,0.41599444325937174,Interplate
1.0,P0100,source_conditioned_interplate,physical_hgb,fold,1,95,7907,0.18455572188786504,0.13687125013842846,0.21477572587501506,0.16076887452630934,14.070493238484513,14.864583992575067,-0.026447410699101226,0.5601704647718482,Interplate
1.0,P0100,source_conditioned_interplate,physical_hgb,fold,2,343,38545,0.21519360351787223,0.16758692237547437,0.20825712433456364,0.16194756525381432,-3.330728399075164,-3.482211734904259,-0.026447410699101226,0.22313498863913694,Interplate
1.0,P0100,source_conditioned_interplate,physical_hgb,fold,3,6,123,0.17930569665802173,0.1467513472681028,0.1525787850495783,0.11438529067236301,-17.51679409411924,-28.2956457123904,-0.026447410699101226,0.5057131402387395,Interplate
1.0,P0100,source_conditioned_interplate,physical_hgb,fold,4,116,9098,0.21559161229630913,0.16737129719334337,0.19373958992672238,0.1495100005747867,-11.27906917623382,-11.946556450999571,-0.026447410699101226,0.23564314656120117,Interplate
1.0,P0100,source_conditioned_interplate,physical_hgb,overall,-1,779,93893,0.21631502092954166,0.16579586280261435,0.21883522375710485,0.17086118855485588,1.1516440471943727,2.9645853426890327,-0.026447410699101226,0.2995011424147573,Interplate
1.0,P0100,source_conditioned_interplate,physical_spatial_hgb,fold,0,219,38220,0.21095720051498829,0.16037496506639692,0.23527241453038286,0.18720276837810504,10.334919231363834,14.330879582679213,0.0247987003803142,0.5110150509090462,Interplate
1.0,P0100,source_conditioned_interplate,physical_spatial_hgb,fold,1,95,7907,0.16964802211167065,0.1258669523089981,0.21477572587501506,0.16076887452630934,21.011547547792098,21.709377713905457,0.0247987003803142,0.6525902888502343,Interplate
1.0,P0100,source_conditioned_interplate,physical_spatial_hgb,fold,2,343,38545,0.2140344368200763,0.16650854446549435,0.20825712433456364,0.16194756525381432,-2.774124776750231,-2.8163308318539872,0.0247987003803142,0.2668043612152767,Interplate
1.0,P0100,source_conditioned_interplate,physical_spatial_hgb,fold,3,6,123,0.18163671111518606,0.156123785344444,0.1525787850495783,0.11438529067236301,-19.04453889586668,-36.48938987411739,0.0247987003803142,0.2913739159535532,Interplate
1.0,P0100,source_conditioned_interplate,physical_spatial_hgb,fold,4,116,9098,0.2094004143690806,0.1628936822371093,0.19373958992672238,0.1495100005747867,-8.083440482289436,-8.951696616192518,0.0247987003803142,0.323700302177322,Interplate
1.0,P0100,source_conditioned_interplate,physical_spatial_hgb,overall,-1,779,93893,0.20889541167223666,0.1602253943292685,0.21883522375710485,0.17086118855485588,4.542144502249252,6.2248157791391625,0.0247987003803142,0.38414297664330155,Interplate
2.0,P0200,source_conditioned_interplate,physical_hgb,fold,0,219,38220,0.19390924103508433,0.148670749538322,0.19648392763575134,0.1544532706089725,1.3103802594174783,3.7438644373481984,-0.001146112217643336,0.32722950111107446,Interplate
2.0,P0200,source_conditioned_interplate,physical_hgb,fold,1,95,7907,0.1921805117758243,0.1467347583812892,0.2029379340695105,0.16147698925732276,5.30084350321688,9.129617132346324,-0.001146112217643336,0.4395176871195477,Interplate
2.0,P0200,source_conditioned_interplate,physical_hgb,fold,2,343,38545,0.18357398540265363,0.1431517334084382,0.17984357676475768,0.14149839314587842,-2.0742518053761057,-1.1684516168711994,-0.001146112217643336,0.23149196785075518,Interplate
2.0,P0200,source_conditioned_interplate,physical_hgb,fold,3,6,123,0.37485332866776044,0.34470895021637066,0.3617063123635047,0.31893988352056446,-3.634721279357536,-8.07959995826131,-0.001146112217643336,0.5350697033214679,Interplate
2.0,P0200,source_conditioned_interplate,physical_hgb,fold,4,116,9098,0.2243831070236403,0.16968555507801714,0.17669213519961927,0.13670227177666233,-26.990998648661872,-24.127823826689088,-0.001146112217643336,-0.015305016780300265,Interplate
2.0,P0200,source_conditioned_interplate,physical_hgb,overall,-1,779,93893,0.19316562012578403,0.1485351381581181,0.18883167383483096,0.1482219653737506,-2.2951373585471306,-0.21128635258467382,-0.001146112217643336,0.20349695092621325,Interplate
2.0,P0200,source_conditioned_interplate,physical_spatial_hgb,fold,0,219,38220,0.19132141116532547,0.14676226749673635,0.19648392763575134,0.1544532706089725,2.627449752529541,4.9795016200772855,0.03765740899425394,0.3335053170871536,Interplate
2.0,P0200,source_conditioned_interplate,physical_spatial_hgb,fold,1,95,7907,0.18819589194475647,0.1446162225523273,0.2029379340695105,0.16147698925732276,7.264310732415639,10.441590955183628,0.03765740899425394,0.54411766679548,Interplate
2.0,P0200,source_conditioned_interplate,physical_spatial_hgb,fold,2,343,38545,0.18109914350416348,0.13783257815195288,0.17984357676475768,0.14149839314587842,-0.6981437769379608,2.5907113942603246,0.03765740899425394,0.2726664865139973,Interplate
2.0,P0200,source_conditioned_interplate,physical_spatial_hgb,fold,3,6,123,0.44719903387345816,0.4114145863408409,0.3617063123635047,0.31893988352056446,-23.63594955015208,-28.994399132372504,0.03765740899425394,-0.025809820921744435,Interplate
2.0,P0200,source_conditioned_interplate,physical_spatial_hgb,fold,4,116,9098,0.21869974795338396,0.16978111051834927,0.17669213519961927,0.13670227177666233,-23.774466648618105,-24.19772423074985,0.03765740899425394,0.08914059081304393,Interplate
2.0,P0200,source_conditioned_interplate,physical_spatial_hgb,overall,-1,779,93893,0.19037573424173312,0.14549288656161166,0.18883167383483096,0.1482219653737506,-0.8176914262025436,1.8412107849584904,0.03765740899425394,0.22819129065914964,Interplate
3.0,P0300,source_conditioned_interplate,physical_hgb,fold,0,219,38220,0.17290946337898738,0.13583811345876623,0.17218461821237585,0.13623743967719443,-0.4209697556825278,0.29311048370725007,0.002817642836159591,0.346813030756265,Interplate
3.0,P0300,source_conditioned_interplate,physical_hgb,fold,1,95,7907,0.17499739980450238,0.13895449630988654,0.18929939663776213,0.15047843589168997,7.555225789032829,7.658200002888135,0.002817642836159591,0.41030154832338445,Interplate
3.0,P0300,source_conditioned_interplate,physical_hgb,fold,2,343,38545,0.16835277648344735,0.13464783715227013,0.16067360203928951,0.12951722562713178,-4.77936284908833,-3.961335258916769,0.002817642836159591,0.19561101371997397,Interplate
3.0,P0300,source_conditioned_interplate,physical_hgb,fold,3,6,123,0.35493584419333224,0.34202489942488434,0.37677682975201365,0.3640736742308642,5.796796361670296,6.056129944731571,0.002817642836159591,0.31959878281517257,Interplate
3.0,P0300,source_conditioned_interplate,physical_hgb,fold,4,116,9098,0.20280984108431985,0.16082636295420716,0.16659788694397087,0.1283144158228469,-21.736142519339122,-25.337719789993688,0.002817642836159591,0.005499824435523418,Interplate
3.0,P0300,source_conditioned_interplate,physical_hgb,overall,-1,779,93893,0.17474242277147528,0.13830332500332512,0.1689951296821638,0.13420867387283839,-3.4008631492047514,-3.050958639503722,0.002817642836159591,0.1827323914686768,Interplate
3.0,P0300,source_conditioned_interplate,physical_spatial_hgb,fold,0,219,38220,0.16549842507536333,0.12598883526617516,0.17218461821237585,0.13623743967719443,3.8831535629771756,7.5226049721006625,0.03742679959416579,0.3503819952945664,Interplate
3.0,P0300,source_conditioned_interplate,physical_spatial_hgb,fold,1,95,7907,0.16017634912496018,0.12673231887721229,0.18929939663776213,0.15047843589168997,15.384648884291467,15.780411906706322,0.03742679959416579,0.5588906344034712,Interplate
3.0,P0300,source_conditioned_interplate,physical_spatial_hgb,fold,2,343,38545,0.15187850411176232,0.11944890159214755,0.16067360203928951,0.12951722562713178,5.473891053601033,7.773733560329659,0.03742679959416579,0.32180011222781546,Interplate
3.0,P0300,source_conditioned_interplate,physical_spatial_hgb,fold,3,6,123,0.5047589109101073,0.4913564442828151,0.37677682975201365,0.3640736742308642,-33.96760921905115,-34.960717860429305,0.03742679959416579,-0.594094150089325,Interplate
3.0,P0300,source_conditioned_interplate,physical_spatial_hgb,fold,4,116,9098,0.20035864972666212,0.1521833542079088,0.16659788694397087,0.1283144158228469,-20.264820522030657,-18.601914860459463,0.03742679959416579,0.08726687809269945,Interplate
3.0,P0300,source_conditioned_interplate,physical_spatial_hgb,overall,-1,779,93893,0.16432568514846096,0.12638348588643458,0.1689951296821638,0.13420867387283839,2.763064558419433,5.83061270228935,0.03742679959416579,0.2507040345141777,Interplate
5.0,P0500,source_conditioned_interplate,physical_hgb,fold,0,219,38220,0.15461442138948187,0.12370023587086224,0.14743821109801758,0.1158332855327907,-4.86726625209357,-6.791614605323893,-0.00035885431206410056,0.35676936212184995,Interplate
5.0,P0500,source_conditioned_interplate,physical_hgb,fold,1,95,7907,0.14587981582010998,0.116875852928574,0.1658893135838696,0.1348165793226773,12.06195705526463,13.307507492207609,-0.00035885431206410056,0.4807456699710981,Interplate
5.0,P0500,source_conditioned_interplate,physical_hgb,fold,2,343,38545,0.15477795627884847,0.12718883139681444,0.14363853226267947,0.11655934430201201,-7.75517811320832,-9.119377908699297,-0.00035885431206410056,0.3152970332102009,Interplate
5.0,P0500,source_conditioned_interplate,physical_hgb,fold,3,6,123,0.15841116739868424,0.14047206339342339,0.195395668852855,0.17987500636703346,18.928004735878957,21.905735415630062,-0.00035885431206410056,0.41639879152930925,Interplate
5.0,P0500,source_conditioned_interplate,physical_hgb,fold,4,116,9098,0.1631952255690057,0.13408545505546415,0.15413120190425675,0.12441270562480596,-5.8807195121850455,-7.774727976601132,-0.00035885431206410056,0.22373907229156098,Interplate
5.0,P0500,source_conditioned_interplate,physical_hgb,overall,-1,779,93893,0.15482622280514124,0.1255859480916874,0.14828338527750812,0.11864520479105313,-4.412387480491084,-5.849999005739566,-0.00035885431206410056,0.24332064698741795,Interplate
5.0,P0500,source_conditioned_interplate,physical_spatial_hgb,fold,0,219,38220,0.14823230146376867,0.11672772320722319,0.14743821109801758,0.1158332855327907,-0.5385919700444403,-0.7721767282335196,0.03408016303239676,0.31656483588695233,Interplate
5.0,P0500,source_conditioned_interplate,physical_spatial_hgb,fold,1,95,7907,0.13072507700737085,0.10418965627638861,0.1658893135838696,0.1348165793226773,21.197409174112096,22.717475254274586,0.03408016303239676,0.6393794386068231,Interplate
5.0,P0500,source_conditioned_interplate,physical_spatial_hgb,fold,2,343,38545,0.14035773853096598,0.11615729624261364,0.14363853226267947,0.11655934430201201,2.284062416979962,0.3449299254435007,0.03408016303239676,0.3804188271173093,Interplate
5.0,P0500,source_conditioned_interplate,physical_spatial_hgb,fold,3,6,123,0.29302991530867634,0.27949854560314435,0.195395668852855,0.17987500636703346,-49.96745681673525,-55.38487044321761,0.03408016303239676,0.0032805210899195933,Interplate
5.0,P0500,source_conditioned_interplate,physical_spatial_hgb,fold,4,116,9098,0.16566439487273052,0.13203848113798639,0.15413120190425675,0.12441270562480596,-7.482711369264455,-6.129418595057039,0.03408016303239676,0.23449047541214998,Interplate
5.0,P0500,source_conditioned_interplate,physical_spatial_hgb,overall,-1,779,93893,0.14574819013943266,0.1171344892519315,0.14828338527750812,0.11864520479105313,1.7096960211226042,1.273305180586239,0.03408016303239676,0.29776803730656387,Interplate
0.1,P0010,source_conditioned_intraplate,physical_hgb,fold,0,80,1850,0.564729996198062,0.5017582922544168,0.46552098678517506,0.4010807567221066,-21.311393520195708,-25.101562177929623,-0.11943617276393324,0.11187214033843215,Intraplate
0.1,P0010,source_conditioned_intraplate,physical_hgb,fold,1,236,17073,0.34700053673723996,0.28809577017549703,0.31875953956420733,0.26724147455663516,-8.859655529570146,-7.803540095511008,-0.11943617276393324,0.16469806402150158,Intraplate
0.1,P0010,source_conditioned_intraplate,physical_hgb,fold,2,144,8029,0.4071679839063656,0.33991254412500865,0.329184473025428,0.27518270413780843,-23.68991166691927,-23.52249578693879,-0.11943617276393324,-0.06484816992502616,Intraplate
0.1,P0010,source_conditioned_intraplate,physical_hgb,fold,3,380,21446,0.29341032487626467,0.23976261749780764,0.2820796244972613,0.2257590065004609,-4.016844676107885,-6.202902473048463,-0.11943617276393324,0.24029376946519684,Intraplate
0.1,P0010,source_conditioned_intraplate,physical_hgb,fold,4,16,552,0.28415966660134906,0.24705844626138304,0.4142377095314815,0.39081665631852724,31.401786929841712,36.78405403990176,-0.11943617276393324,0.20408353939784565,Intraplate
0.1,P0010,source_conditioned_intraplate,physical_hgb,overall,-1,856,48950,0.3462242046271205,0.283031564838629,0.3133676995987849,0.25682152143535253,-10.484968639206551,-10.205547906106503,-0.11943617276393324,0.12046685174954368,Intraplate
0.1,P0010,source_conditioned_intraplate,physical_spatial_hgb,fold,0,80,1850,0.26389308461634287,0.21100088733490693,0.46552098678517506,0.4010807567221066,43.31231198860597,47.39191950784581,0.011747733138092485,0.35447223086859303,Intraplate
0.1,P0010,source_conditioned_intraplate,physical_spatial_hgb,fold,1,236,17073,0.29780152758430534,0.2440463551047169,0.31875953956420733,0.26724147455663516,6.5748658090530485,8.679460959568473,0.011747733138092485,0.6524568883921551,Intraplate
0.1,P0010,source_conditioned_intraplate,physical_spatial_hgb,fold,2,144,8029,0.3062635384420612,0.23980228221829,0.329184473025428,0.27518270413780843,6.96294523636182,12.85706601015168,0.011747733138092485,0.5403446644106144,Intraplate
0.1,P0010,source_conditioned_intraplate,physical_spatial_hgb,fold,3,380,21446,0.2732261706608057,0.2158820875225213,0.2820796244972613,0.2257590065004609,3.1386364230435917,4.374983364360012,0.011747733138092485,0.4797066077095656,Intraplate
0.1,P0010,source_conditioned_intraplate,physical_spatial_hgb,fold,4,16,552,0.1346082177884154,0.11648679552035639,0.4142377095314815,0.39081665631852724,67.50459586582245,70.19400436571563,0.011747733138092485,0.6565373272473106,Intraplate
0.1,P0010,source_conditioned_intraplate,physical_spatial_hgb,overall,-1,856,48950,0.28611248135291734,0.22832350452172195,0.3133676995987849,0.25682152143535253,8.69751996800032,11.096428661569213,0.011747733138092485,0.5187029839795166,Intraplate
0.2,P0020,source_conditioned_intraplate,physical_hgb,fold,0,80,1850,0.540104273324091,0.46142418361037596,0.43256929203973216,0.37750298470033766,-24.859596661910444,-22.230605402141403,-0.10409292044786064,0.19497085636669856,Intraplate
0.2,P0020,source_conditioned_intraplate,physical_hgb,fold,1,236,17073,0.3295924609646161,0.26910178875445045,0.3177374732563708,0.2489556104730387,-3.7310637573679957,-8.092277271089468,-0.10409292044786064,0.297838247220894,Intraplate
0.2,P0020,source_conditioned_intraplate,physical_hgb,fold,2,144,8029,0.3009633373775351,0.23934096845283076,0.2837555505534814,0.2335725788838971,-6.0642996376595795,-2.469634747579244,-0.10409292044786064,0.261219395337523,Intraplate
0.2,P0020,source_conditioned_intraplate,physical_hgb,fold,3,380,21446,0.2873657929251951,0.2247286831397271,0.30478634714966923,0.23659309244433094,5.715660949838922,5.014689643737366,-0.10409292044786064,0.3973961440857137,Intraplate
0.2,P0020,source_conditioned_intraplate,physical_hgb,fold,4,16,552,0.3288366922007111,0.2767730313274433,0.408952649753627,0.3622643147240772,19.590521690269437,23.599145685036447,-0.10409292044786064,0.3672666213751904,Intraplate
0.2,P0020,source_conditioned_intraplate,physical_hgb,overall,-1,856,48950,0.3180722060960587,0.25213459176096104,0.31317074608861895,0.247152180948916,-1.5651078744285898,-2.015928321132174,-0.10409292044786064,0.2544465731905857,Intraplate
0.2,P0020,source_conditioned_intraplate,physical_spatial_hgb,fold,0,80,1850,0.2648401877124616,0.2110561682958206,0.43256929203973216,0.37750298470033766,38.77508353317516,44.091523286006,0.0020574917057149295,0.3936684910797021,Intraplate
0.2,P0020,source_conditioned_intraplate,physical_spatial_hgb,fold,1,236,17073,0.2958785823690896,0.23614915794146632,0.3177374732563708,0.2489556104730387,6.87954450674569,5.144070666750168,0.0020574917057149295,0.6588537694755524,Intraplate
0.2,P0020,source_conditioned_intraplate,physical_spatial_hgb,fold,2,144,8029,0.28887560525310213,0.2283036151588257,0.2837555505534814,0.2335725788838971,-1.8043892673231505,2.2558143384161857,0.0020574917057149295,0.5738614611905144,Intraplate
0.2,P0020,source_conditioned_intraplate,physical_spatial_hgb,fold,3,380,21446,0.27514207263062174,0.22129054351479885,0.30478634714966923,0.23659309244433094,9.726247516097004,6.467876458875356,0.0020574917057149295,0.5335888175224323,Intraplate
0.2,P0020,source_conditioned_intraplate,physical_spatial_hgb,fold,4,16,552,0.20843044372172825,0.15985031472354966,0.408952649753627,0.3622643147240772,49.03311083879835,55.87467265570955,0.0020574917057149295,0.4943083951977043,Intraplate
0.2,P0020,source_conditioned_intraplate,physical_spatial_hgb,overall,-1,856,48950,0.2837773883217961,0.22654366866063144,0.31317074608861895,0.247152180948916,9.38572907397465,8.338389816816603,0.0020574917057149295,0.5203386096120247,Intraplate
0.3,P0030,source_conditioned_intraplate,physical_hgb,fold,0,80,1850,0.47349661451425085,0.4047304979417727,0.4131199033869132,0.3559670615431557,-14.614815367728971,-13.698861964144152,-0.07172395406414789,0.2514216175729683,Intraplate
0.3,P0030,source_conditioned_intraplate,physical_hgb,fold,1,236,17073,0.3091099507078445,0.252518911224139,0.2971123064987365,0.23709616372797246,-4.038083898473273,-6.504849025672773,-0.07172395406414789,0.412523912359585,Intraplate
0.3,P0030,source_conditioned_intraplate,physical_hgb,fold,2,144,8029,0.2630272324297585,0.20837045381913097,0.25944811877292623,0.21045523077834977,-1.3795103521119705,0.9906035366801945,-0.07172395406414789,0.38815739328842214,Intraplate
0.3,P0030,source_conditioned_intraplate,physical_hgb,fold,3,380,21446,0.2620402795567099,0.20423561209703486,0.2795598839866165,0.21556038824926257,6.266852089102081,5.253644347277915,-0.07172395406414789,0.3989915136916422,Intraplate
0.3,P0030,source_conditioned_intraplate,physical_hgb,fold,4,16,552,0.3187094878386546,0.2700867551038704,0.4350918417317664,0.3763703746494675,26.74891660341942,28.23910347475789,-0.07172395406414789,0.5239978853741775,Intraplate
0.3,P0030,source_conditioned_intraplate,physical_hgb,overall,-1,856,48950,0.2904756511097482,0.23007432057377228,0.2909569006716855,0.22935426860678396,0.1654023536909789,-0.31394748890539026,-0.07172395406414789,0.2995516741627921,Intraplate
0.3,P0030,source_conditioned_intraplate,physical_spatial_hgb,fold,0,80,1850,0.26592920192317204,0.20021169765375366,0.4131199033869132,0.3559670615431557,35.62905109558172,43.755555138777645,0.04342754683898023,0.42261646940441644,Intraplate
0.3,P0030,source_conditioned_intraplate,physical_spatial_hgb,fold,1,236,17073,0.2801021156434783,0.22477637668438727,0.2971123064987365,0.23709616372797246,5.725172092570496,5.196114036547656,0.04342754683898023,0.6751228733648049,Intraplate
0.3,P0030,source_conditioned_intraplate,physical_spatial_hgb,fold,2,144,8029,0.24415280300799622,0.19613811821887528,0.25944811877292623,0.21045523077834977,5.895327295981188,6.802925499415687,0.04342754683898023,0.6179365215438345,Intraplate
0.3,P0030,source_conditioned_intraplate,physical_spatial_hgb,fold,3,380,21446,0.2639861227347899,0.21633004823930557,0.2795598839866165,0.21556038824926257,5.5708140344528845,-0.3570507532919286,0.04342754683898023,0.46498043684114787,Intraplate
0.3,P0030,source_conditioned_intraplate,physical_spatial_hgb,fold,4,16,552,0.1799253178285446,0.14739448402148975,0.4350918417317664,0.3763703746494675,58.64658893340769,60.83791553499247,0.04342754683898023,0.6743804860945023,Intraplate
0.3,P0030,source_conditioned_intraplate,physical_spatial_hgb,overall,-1,856,48950,0.265917391899442,0.2145774798915495,0.2909569006716855,0.22935426860678396,8.605916791950555,6.442779026959602,0.04342754683898023,0.5187820573885678,Intraplate
0.5,P0050,source_conditioned_intraplate,physical_hgb,fold,0,80,1850,0.4183368112173542,0.36443617477296814,0.37355588194444583,0.3119246622132997,-11.987745726238646,-16.834678023554336,-0.04241259833116506,0.38265839962376996,Intraplate
0.5,P0050,source_conditioned_intraplate,physical_hgb,fold,1,236,17073,0.266950407100246,0.22069341839157894,0.25254211405919186,0.20444103752680468,-5.705303091617046,-7.949666594038577,-0.04241259833116506,0.46976509749641776,Intraplate
0.5,P0050,source_conditioned_intraplate,physical_hgb,fold,2,144,8029,0.21872853670160605,0.17630799707748235,0.23439410323375678,0.18601886571203663,6.68343030649016,5.22036762098476,-0.04241259833116506,0.4923844222908876,Intraplate
0.5,P0050,source_conditioned_intraplate,physical_hgb,fold,3,380,21446,0.23699336825596476,0.18314715397087783,0.24503913207222816,0.19420574674516752,3.283460787761776,5.694266498097265,-0.04241259833116506,0.418452278111169,Intraplate
0.5,P0050,source_conditioned_intraplate,physical_hgb,fold,4,16,552,0.3359265830399381,0.2793930930338932,0.4131695514172636,0.3451998792709545,18.69522284794823,19.06338622598654,-0.04241259833116506,0.22664742574442426,Intraplate
0.5,P0050,source_conditioned_intraplate,physical_hgb,overall,-1,856,48950,0.2553362921256546,0.2030578430128433,0.2544832670228438,0.202584570166417,-0.3351988964894303,-0.23361742014088627,-0.04241259833116506,0.3165627086101523,Intraplate
0.5,P0050,source_conditioned_intraplate,physical_spatial_hgb,fold,0,80,1850,0.24581274012880577,0.18996771225978998,0.37355588194444583,0.3119246622132997,34.196528013615286,39.09820694784093,0.04409167691159673,0.4323493555598228,Intraplate
0.5,P0050,source_conditioned_intraplate,physical_spatial_hgb,fold,1,236,17073,0.23024176194878165,0.18273386173668096,0.25254211405919186,0.20444103752680468,8.830349818479524,10.61781727031083,0.04409167691159673,0.6612302373383234,Intraplate
0.5,P0050,source_conditioned_intraplate,physical_spatial_hgb,fold,2,144,8029,0.1872749343493028,0.15020879491500366,0.23439410323375678,0.18601886571203663,20.10254022366037,19.250773656725844,0.04409167691159673,0.6893091707951746,Intraplate
0.5,P0050,source_conditioned_intraplate,physical_spatial_hgb,fold,3,380,21446,0.23606316865861873,0.19328196094568,0.24503913207222816,0.19420574674516752,3.66307346002338,0.4756737712296874,0.04409167691159673,0.4018694033103721,Intraplate
0.5,P0050,source_conditioned_intraplate,physical_spatial_hgb,fold,4,16,552,0.3108497375593217,0.25379356978333567,0.4131695514172636,0.3451998792709545,24.764606565745737,26.479241441412018,0.04409167691159673,0.3144205853459381,Intraplate
0.5,P0050,source_conditioned_intraplate,physical_spatial_hgb,overall,-1,856,48950,0.2281010227643368,0.1830950130427985,0.2544832670228438,0.202584570166417,10.366985840424148,9.620454858733046,0.04409167691159673,0.5206473235575015,Intraplate
1.0,P0100,source_conditioned_intraplate,physical_hgb,fold,0,80,1850,0.34190331526759454,0.3076174242046765,0.31033907865536564,0.2670446491937953,-10.170886872832819,-15.193255185366937,-0.025323672040215763,0.5767345020545893,Intraplate
1.0,P0100,source_conditioned_intraplate,physical_hgb,fold,1,236,17073,0.2565490207375897,0.20670308562543238,0.24116555797344089,0.19398701546318217,-6.378797575167404,-6.555114079098587,-0.025323672040215763,0.4158490431685942,Intraplate
1.0,P0100,source_conditioned_intraplate,physical_hgb,fold,2,144,8029,0.18463262224087537,0.14273910648562874,0.19202603123927803,0.14782829976294568,3.850211844033763,3.4426380371538206,-0.025323672040215763,0.4883913516927515,Intraplate
1.0,P0100,source_conditioned_intraplate,physical_hgb,fold,3,380,21446,0.22166860690314083,0.17427221003651064,0.20353508864058223,0.16160182292675865,-8.909283595115214,-7.8404976381327565,-0.025323672040215763,0.2717658318386738,Intraplate
1.0,P0100,source_conditioned_intraplate,physical_hgb,fold,4,16,552,0.3610089160415141,0.29722814280625937,0.27872594704092246,0.22951193512537577,-29.521101237306354,-29.504438470222553,-0.025323672040215763,-0.1343315985941041,Intraplate
1.0,P0100,source_conditioned_intraplate,physical_hgb,overall,-1,856,48950,0.23656531051650748,0.186837549599731,0.22135862942888945,0.17538896052062503,-6.8697033076377565,-6.5275425802866724,-0.025323672040215763,0.2140347749090756,Intraplate
1.0,P0100,source_conditioned_intraplate,physical_spatial_hgb,fold,0,80,1850,0.24979674045508496,0.2042987210669462,0.31033907865536564,0.2670446491937953,19.508448134407686,23.49641841402864,0.035645764064633365,0.4450118512580575,Intraplate
1.0,P0100,source_conditioned_intraplate,physical_spatial_hgb,fold,1,236,17073,0.22417108257449328,0.1730121455405855,0.24116555797344089,0.19398701546318217,7.046808649524977,10.812512307854751,0.035645764064633365,0.5274199831352222,Intraplate
1.0,P0100,source_conditioned_intraplate,physical_spatial_hgb,fold,2,144,8029,0.1811797284732405,0.14147986584490052,0.19202603123927803,0.14782829976294568,5.648350224205946,4.2944645431391475,0.035645764064633365,0.6112005214819909,Intraplate
1.0,P0100,source_conditioned_intraplate,physical_spatial_hgb,fold,3,380,21446,0.19699742519087754,0.1559542859044312,0.20353508864058223,0.16160182292675865,3.2120571904185984,3.4947235866807245,0.035645764064633365,0.34540595031215604,Intraplate
1.0,P0100,source_conditioned_intraplate,physical_spatial_hgb,fold,4,16,552,0.44983571667226424,0.39221636461638076,0.27872594704092246,0.22951193512537577,-61.38996797675944,-70.89148954372426,0.035645764064633365,-0.0695036545774064,Intraplate
1.0,P0100,source_conditioned_intraplate,physical_spatial_hgb,overall,-1,856,48950,0.21107904761280344,0.16402103955937994,0.22135862942888945,0.17538896052062503,4.643858630046446,6.481548740297292,0.035645764064633365,0.40432475274870744,Intraplate
2.0,P0200,source_conditioned_intraplate,physical_hgb,fold,0,80,1850,0.27936357365402276,0.24391945505508741,0.24486376179063996,0.2117617232367706,-14.08939061096364,-15.18580946867404,-0.006681524110628914,0.32579315670343795,Intraplate
2.0,P0200,source_conditioned_intraplate,physical_hgb,fold,1,236,17073,0.2393228765958212,0.19416416484305618,0.20853447304530595,0.1608113910265707,-14.764179322919999,-20.740305524112188,-0.006681524110628914,0.31954447585697693,Intraplate
2.0,P0200,source_conditioned_intraplate,physical_hgb,fold,2,144,8029,0.1635512015179236,0.11858988447607512,0.164061359015322,0.12732754000318272,0.31095530383285847,6.862345355049815,-0.006681524110628914,0.3338110272290508,Intraplate
2.0,P0200,source_conditioned_intraplate,physical_hgb,fold,3,380,21446,0.2121264033584617,0.16801327804950061,0.18339942386141728,0.1479703308796215,-15.663614907946211,-13.54524724702054,-0.006681524110628914,0.2523682821432046,Intraplate
2.0,P0200,source_conditioned_intraplate,physical_hgb,fold,4,16,552,0.2716366458424077,0.22065853850269845,0.23970168765637853,0.18049464725758343,-13.322792383426668,-22.25212318224442,-0.006681524110628914,-0.3984253594340861,Intraplate
2.0,P0200,source_conditioned_intraplate,physical_hgb,overall,-1,856,48950,0.21876996499310636,0.17249009673092738,0.19295770348465766,0.15184085080696158,-13.377160404741796,-13.599269112511505,-0.006681524110628914,0.10026035324090632,Intraplate
2.0,P0200,source_conditioned_intraplate,physical_spatial_hgb,fold,0,80,1850,0.20340569388475044,0.16594264165175354,0.24486376179063996,0.2117617232367706,16.931075306004825,21.637093278555714,0.005604413758769612,0.3178993470553337,Intraplate
2.0,P0200,source_conditioned_intraplate,physical_spatial_hgb,fold,1,236,17073,0.19837433008435232,0.1529626386291276,0.20853447304530595,0.1608113910265707,4.872164689406654,4.880719175015564,0.005604413758769612,0.3726865358934824,Intraplate
2.0,P0200,source_conditioned_intraplate,physical_spatial_hgb,fold,2,144,8029,0.1506284515141003,0.11678809819830584,0.164061359015322,0.12732754000318272,8.187733895320957,8.277425138829695,0.005604413758769612,0.44574727966698663,Intraplate
2.0,P0200,source_conditioned_intraplate,physical_spatial_hgb,fold,3,380,21446,0.1670544330549876,0.13072174443268578,0.18339942386141728,0.1479703308796215,8.91223672478955,11.656787103468726,0.005604413758769612,0.38243413069538296,Intraplate
2.0,P0200,source_conditioned_intraplate,physical_spatial_hgb,fold,4,16,552,0.2511850975632502,0.22642407538345619,0.23970168765637853,0.18049464725758343,-4.790708826102871,-25.446421167452673,0.005604413758769612,-0.014678458722183721,Intraplate
2.0,P0200,source_conditioned_intraplate,physical_spatial_hgb,overall,-1,856,48950,0.17874260119353785,0.1386039076102162,0.19295770348465766,0.15184085080696158,7.366952463885467,8.717642931001336,0.005604413758769612,0.39608819987555405,Intraplate
3.0,P0300,source_conditioned_intraplate,physical_hgb,fold,0,80,1850,0.23670006041522923,0.20514351699953698,0.20301775270896194,0.17265143614177844,-16.590818909592052,-18.819467468012597,-0.0013772939583447522,0.29073330462949726,Intraplate
3.0,P0300,source_conditioned_intraplate,physical_hgb,fold,1,236,17073,0.20914601454040607,0.17120207726630848,0.18105000319323877,0.13698635525156938,-15.518371086235105,-24.977467246211088,-0.0013772939583447522,0.3383155923274492,Intraplate
3.0,P0300,source_conditioned_intraplate,physical_hgb,fold,2,144,8029,0.16195647462074259,0.12333433318170754,0.15252473488334767,0.11918582166167792,-6.183744390448146,-3.480708915029869,-0.0013772939583447522,0.2525566992473975,Intraplate
3.0,P0300,source_conditioned_intraplate,physical_hgb,fold,3,380,21446,0.1949621814124019,0.15749947593641225,0.16615079261202279,0.13739866273664947,-17.340506384255615,-14.62955519318976,-0.0013772939583447522,0.2616609777693802,Intraplate
3.0,P0300,source_conditioned_intraplate,physical_hgb,fold,4,16,552,0.24721832637715813,0.18713641572047665,0.24597201304453797,0.19113730192263914,-0.5066890810843929,2.0932001037567267,-0.0013772939583447522,-0.4003905958026457,Intraplate
3.0,P0300,source_conditioned_intraplate,physical_hgb,overall,-1,856,48950,0.19753135142516845,0.15880966282211967,0.17199840718017056,0.13620583603484018,-14.844872498296914,-16.595343815882924,-0.0013772939583447522,0.06227961970777987,Intraplate
3.0,P0300,source_conditioned_intraplate,physical_spatial_hgb,fold,0,80,1850,0.1361581032649655,0.11263858792411081,0.20301775270896194,0.17265143614177844,32.93290786241917,34.759541860043434,0.0008442259822828669,0.3147917997353843,Intraplate
3.0,P0300,source_conditioned_intraplate,physical_spatial_hgb,fold,1,236,17073,0.16214056828142748,0.1219063246706416,0.18105000319323877,0.13698635525156938,10.444316254238796,11.008417994065159,0.0008442259822828669,0.4174652164574812,Intraplate
3.0,P0300,source_conditioned_intraplate,physical_spatial_hgb,fold,2,144,8029,0.13471957399448561,0.10418922413264438,0.15252473488334767,0.11918582166167792,11.673621922686577,12.58253483506036,0.0008442259822828669,0.418423439971296,Intraplate
3.0,P0300,source_conditioned_intraplate,physical_spatial_hgb,fold,3,380,21446,0.1394240701811808,0.11211911961723153,0.16615079261202279,0.13739866273664947,16.08582301093881,18.398682065684266,0.0008442259822828669,0.44630877737927555,Intraplate
3.0,P0300,source_conditioned_intraplate,physical_spatial_hgb,fold,4,16,552,0.18140839849377813,0.1540732810123618,0.24597201304453797,0.19113730192263914,26.24835799472412,19.391306949220517,0.0008442259822828669,0.07393198676557867,Intraplate
3.0,P0300,source_conditioned_intraplate,physical_spatial_hgb,overall,-1,856,48950,0.14742711808442444,0.11472478937185786,0.17199840718017056,0.13620583603484018,14.285765489681184,15.771017812693191,0.0008442259822828669,0.5159021887489552,Intraplate
5.0,P0500,source_conditioned_intraplate,physical_hgb,fold,0,80,1850,0.23293887714647613,0.20108154889555213,0.19250210128299486,0.16029528484879546,-21.005888036534042,-25.444456513633476,-0.0013068112721848788,0.3852937698159391,Intraplate
5.0,P0500,source_conditioned_intraplate,physical_hgb,fold,1,236,17073,0.191827537332506,0.160856957922244,0.16289926105363073,0.12674999603607634,-17.75838398023875,-26.908846511095696,-0.0013068112721848788,0.3741180776332546,Intraplate
5.0,P0500,source_conditioned_intraplate,physical_hgb,fold,2,144,8029,0.15683684354038757,0.129694001776371,0.1623015638329367,0.13372876340881376,3.3670164128388675,3.0171232647297783,-0.0013068112721848788,0.44371531567308753,Intraplate
5.0,P0500,source_conditioned_intraplate,physical_hgb,fold,3,380,21446,0.18532463477317182,0.15660713667807086,0.16073336485215875,0.13695615096664612,-15.299418352643785,-14.348377617746044,-0.0013068112721848788,0.35711376830781594,Intraplate
5.0,P0500,source_conditioned_intraplate,physical_hgb,fold,4,16,552,0.21939777397491472,0.1533822921625008,0.23912598304699761,0.18407194698417248,8.250131926569237,16.672640956153167,-0.0013068112721848788,0.03069568006167922,Intraplate
5.0,P0500,source_conditioned_intraplate,physical_hgb,overall,-1,856,48950,0.18576869518649067,0.15531947960770856,0.16413526920052698,0.13428041938855004,-13.180242181547062,-15.668003060282746,-0.0013068112721848788,0.11245847986109517,Intraplate
5.0,P0500,source_conditioned_intraplate,physical_spatial_hgb,fold,0,80,1850,0.11488776071924214,0.09611220902683734,0.19250210128299486,0.16029528484879546,40.31869784613565,40.0405263838554,0.02066315697641069,0.4614788342769587,Intraplate
5.0,P0500,source_conditioned_intraplate,physical_spatial_hgb,fold,1,236,17073,0.14196548161050337,0.11168255290525601,0.16289926105363073,0.12674999603607634,12.850751628784494,11.887529469059503,0.02066315697641069,0.49971182578964674,Intraplate
5.0,P0500,source_conditioned_intraplate,physical_spatial_hgb,fold,2,144,8029,0.12291262847210165,0.1021774129632543,0.1623015638329367,0.13372876340881376,24.26898079760933,23.593540866825947,0.02066315697641069,0.6251691714405965,Intraplate
5.0,P0500,source_conditioned_intraplate,physical_spatial_hgb,fold,3,380,21446,0.14537489131743436,0.12171792591514552,0.16073336485215875,0.13695615096664612,9.555249184791837,11.126353175047738,0.02066315697641069,0.45716416184749464,Intraplate
5.0,P0500,source_conditioned_intraplate,physical_spatial_hgb,fold,4,16,552,0.1579924022825376,0.13543272797317954,0.23912598304699761,0.18407194698417248,33.92921995788057,26.424025935454036,0.02066315697641069,0.27809990014050245,Intraplate
5.0,P0500,source_conditioned_intraplate,physical_spatial_hgb,overall,-1,856,48950,0.13981053228016874,0.11419954578448337,0.16413526920052698,0.13428041938855004,14.819932997240395,14.954431700098597,0.02066315697641069,0.5483292087347674,Intraplate
