period_s,period_code,source_network,target_network,model,scope,fold,event_split_seed,n_train_events,n_test_events,n_train_stations,n_test_stations,n_train_records,n_test_records,training_prediction_center_log10,train_solver_max_change,test_solver_max_change,pearson,weighted_pearson,zero_baseline_rmse_log10,prediction_rmse_log10,rmse_gain_pct,zero_baseline_mae_log10,prediction_mae_log10,mae_gain_pct,prediction_weighted_mean_log10,pearson_ci_low,pearson_ci_high,weighted_pearson_ci_low,weighted_pearson_ci_high,rmse_gain_pct_ci_low,rmse_gain_pct_ci_high,mae_gain_pct_ci_low,mae_gain_pct_ci_high
0.1,P0010,K-NET,KiK-net,physical_hgb,fold,0,20260711,1028,258,958,624,91790,19072,0.004709736431504051,9.694736680110339e-11,9.705691805805827e-11,0.31561460162363475,0.4000133955917746,0.3043993329999287,0.29251827229839816,3.9031165359134796,0.2502356774583874,0.23325889673437752,6.784316647586347,-0.07500655742588952,,,,,,,,
0.1,P0010,K-NET,KiK-net,physical_spatial_hgb,fold,0,20260711,1028,258,958,624,91790,19072,0.004709709750543075,9.694736680110339e-11,9.705691805805827e-11,0.4960506528725015,0.5971604255008298,0.3043993329999287,0.25391828483691437,16.583823514168532,0.2502356774583874,0.1954848623184731,21.879699847764115,-0.05438728387429882,,,,,,,,
0.1,P0010,K-NET,KiK-net,physical_hgb,fold,1,20260711,1029,257,974,607,91878,18932,0.0039963659428548706,9.924516763959446e-11,9.747275209193162e-11,0.3513567196699765,0.40848949673874424,0.33126259041786116,0.31425176459491005,5.135148463789199,0.2727218603412226,0.24951846006248576,8.508082281964976,-0.07766372769018422,,,,,,,,
0.1,P0010,K-NET,KiK-net,physical_spatial_hgb,fold,1,20260711,1029,257,974,607,91878,18932,0.003996338504234599,9.924516763959446e-11,9.747275209193162e-11,0.5931635633481235,0.6326739811846197,0.33126259041786116,0.26370373464779695,20.39435110521962,0.2727218603412226,0.206915374210216,24.129523775127964,-0.05583817718471054,,,,,,,,
0.1,P0010,K-NET,KiK-net,physical_hgb,fold,2,20260711,1029,257,972,604,92006,19103,0.004135017870293513,9.995093641634867e-11,9.969230996276224e-11,0.3538322932463752,0.4058237439940013,0.33033540500946634,0.3132813952994877,5.162634537914564,0.2701527525277223,0.24781475399697142,8.268654796866683,-0.07723790111812529,,,,,,,,
0.1,P0010,K-NET,KiK-net,physical_spatial_hgb,fold,2,20260711,1029,257,972,604,92006,19103,0.00413499790773439,9.995093641634867e-11,9.969230996276224e-11,0.6046100722547223,0.6330345959166591,0.33033540500946634,0.26366790389939426,20.181760749551387,0.2701527525277223,0.2064933082498811,23.56424048328312,-0.06049933579839274,,,,,,,,
0.1,P0010,K-NET,KiK-net,physical_hgb,fold,3,20260711,1029,257,977,607,91284,20172,0.004109411508556754,9.976419690360672e-11,9.732770145376435e-11,0.34572241422766864,0.4262165357543692,0.32942192744975224,0.31006660651271795,5.875541159896413,0.2716613639656936,0.24588270015461183,9.489263925781222,-0.07987685594601997,,,,,,,,
0.1,P0010,K-NET,KiK-net,physical_spatial_hgb,fold,3,20260711,1029,257,977,607,91284,20172,0.004109371612655224,9.976419690360672e-11,9.732770145376435e-11,0.6380912485026825,0.6528016456821716,0.32942192744975224,0.2583320384490378,21.580193386354956,0.2716613639656936,0.20532950977066844,24.417110047125366,-0.0629443368047976,,,,,,,,
0.1,P0010,K-NET,KiK-net,physical_hgb,fold,4,20260711,1029,257,962,617,90040,20520,0.005204686743046715,9.825096292104263e-11,9.724376859310269e-11,0.3598030333154892,0.4276048659458308,0.320359597996664,0.2991970407753286,6.605875820070104,0.2625655276079041,0.2388717119196572,9.023962857618336,-0.06875834862994375,,,,,,,,
0.1,P0010,K-NET,KiK-net,physical_spatial_hgb,fold,4,20260711,1029,257,962,617,90040,20520,0.0052046504097591215,9.825096292104263e-11,9.724376859310269e-11,0.5950895515445472,0.6574784679900887,0.320359597996664,0.24860204778914746,22.399063632319763,0.2625655276079041,0.1950375737577896,25.71851471338451,-0.05598827105523474,,,,,,,,
0.1,P0010,KiK-net,K-NET,physical_hgb,fold,0,20260711,1028,258,647,924,79196,22213,0.0022223676469803524,9.713402304711849e-11,9.915712695374168e-11,0.14198838112142662,0.251975472772442,0.2383476194888504,0.27559759062964473,-15.62842172314494,0.19124196293752688,0.22191464534608207,-16.038677880845146,-0.11355335432006793,,,,,,,,
0.1,P0010,KiK-net,K-NET,physical_spatial_hgb,fold,0,20260711,1028,258,647,924,79196,22213,0.002222329536938458,9.713402304711849e-11,9.915712695374168e-11,0.24609588914649025,0.41136305169644277,0.2383476194888504,0.2544995330131184,-6.776620449957369,0.19124196293752688,0.19585492981718503,-2.4121101921365806,-0.007076780235606735,,,,,,,,
0.1,P0010,KiK-net,K-NET,physical_hgb,fold,1,20260711,1029,257,651,866,79309,22108,0.0019812875729287717,9.644465434610616e-11,9.9781218010353e-11,0.3498328141532605,0.3444339266294429,0.28472456102254573,0.2895481864411953,-1.6941374503577167,0.22851427710731761,0.2345864685681313,-2.657248176210015,-0.09558209453579905,,,,,,,,
0.1,P0010,KiK-net,K-NET,physical_spatial_hgb,fold,1,20260711,1029,257,651,866,79309,22108,0.001981238711569738,9.644465434610616e-11,9.9781218010353e-11,0.6315552573568733,0.6290859893888499,0.28472456102254573,0.22536853052685094,20.846824833982176,0.22851427710731761,0.1774268681593383,22.35633133941431,-0.0076461484691452124,,,,,,,,
0.1,P0010,KiK-net,K-NET,physical_hgb,fold,2,20260711,1029,257,655,881,79197,22032,0.001927505340756594,9.9219132909667e-11,9.871803374750243e-11,0.30495962073098704,0.3442591502758625,0.2870360037768259,0.2944578496760489,-2.5856846533417928,0.22738048734971833,0.2408284703109132,-5.914308267143192,-0.10390997323793412,,,,,,,,
0.1,P0010,KiK-net,K-NET,physical_spatial_hgb,fold,2,20260711,1029,257,655,881,79197,22032,0.0019274638554053417,9.9219132909667e-11,9.871803374750243e-11,0.546520355364918,0.5789649837667432,0.2870360037768259,0.2407905856472622,16.11136495807687,0.22738048734971833,0.1894961222491542,16.661220820719237,-0.019747385849331923,,,,,,,,
0.1,P0010,KiK-net,K-NET,physical_hgb,fold,3,20260711,1029,257,653,849,78115,22684,0.0017711713853171287,9.68584101812553e-11,9.699889849668075e-11,0.31291294103500294,0.31753910391314333,0.25490675623427195,0.27449401739991947,-7.684088666385073,0.20694335648184808,0.2215157314467141,-7.0417215670048465,-0.10936180996510113,,,,,,,,
0.1,P0010,KiK-net,K-NET,physical_spatial_hgb,fold,3,20260711,1029,257,653,849,78115,22684,0.0017711335493125065,9.68584101812553e-11,9.699889849668075e-11,0.54084283940321,0.5663653356658498,0.25490675623427195,0.22259192512327444,12.677118326867168,0.20694335648184808,0.1761898478902481,14.860833956898492,-0.016696860661856983,,,,,,,,
0.1,P0010,KiK-net,K-NET,physical_hgb,fold,4,20260711,1029,257,652,885,77791,23826,0.0017953409751551802,9.615258589334985e-11,9.810655066111451e-11,0.2407098328007798,0.3031712153013552,0.24957661785096857,0.26955292687494153,-8.00407874583089,0.20364960686880063,0.21582654074761204,-5.9793554556951785,-0.0997557757632346,,,,,,,,
0.1,P0010,KiK-net,K-NET,physical_spatial_hgb,fold,4,20260711,1029,257,652,885,77791,23826,0.0017952952166038934,9.615258589334985e-11,9.810655066111451e-11,0.3747422461462804,0.4846764535354105,0.24957661785096857,0.24071155503248143,3.5520406097420563,0.20364960686880063,0.18579164782162455,8.768963182276556,-0.006686302218436593,,,,,,,,
0.2,P0020,K-NET,KiK-net,physical_hgb,fold,0,20260711,1028,258,958,624,91790,19072,0.004641636822278505,9.774481224411602e-11,9.990430704931441e-11,0.37260017493130915,0.46015745038335876,0.31624948534853436,0.3015503703690726,4.647949059351685,0.2506938244960434,0.23330714243994413,6.935424951552271,-0.10405959153905808,,,,,,,,
0.2,P0020,K-NET,KiK-net,physical_spatial_hgb,fold,0,20260711,1028,258,958,624,91790,19072,0.004641592835684395,9.774481224411602e-11,9.990430704931441e-11,0.5031231873285323,0.6103182438878985,0.31624948534853436,0.2607247743965821,17.557249426274712,0.2506938244960434,0.20197454524431377,19.433777178064688,-0.06809585704287457,,,,,,,,
0.2,P0020,K-NET,KiK-net,physical_hgb,fold,1,20260711,1029,257,974,607,91878,18932,0.004242394708047246,9.898226682736322e-11,9.93242779689929e-11,0.3849282176713673,0.46493855177631754,0.3336076195286753,0.3142249538038393,5.810018893519292,0.26771967946688413,0.2443901927288635,8.714147120031344,-0.09953629044853778,,,,,,,,
0.2,P0020,K-NET,KiK-net,physical_spatial_hgb,fold,1,20260711,1029,257,974,607,91878,18932,0.004242356576864201,9.898226682736322e-11,9.93242779689929e-11,0.5222434474900329,0.6051085394954077,0.3336076195286753,0.2757665716937926,17.33804758914116,0.26771967946688413,0.21220014046145513,20.737937202071297,-0.06885723901177951,,,,,,,,
0.2,P0020,K-NET,KiK-net,physical_hgb,fold,2,20260711,1029,257,972,604,92006,19103,0.004104055328808557,9.741385476047526e-11,9.861506056196845e-11,0.36359582023507586,0.45052462079191075,0.3390860701809686,0.32207047475630385,5.018075621798206,0.2701080626363214,0.2532265250197881,6.24991992159188,-0.10483249034975382,,,,,,,,
0.2,P0020,K-NET,KiK-net,physical_spatial_hgb,fold,2,20260711,1029,257,972,604,92006,19103,0.004104043105509006,9.741385476047526e-11,9.861506056196845e-11,0.541811515794409,0.6040214646823019,0.3390860701809686,0.28180468764307665,16.892873985451878,0.2701080626363214,0.22079873590480684,18.255407206376358,-0.07694169956583612,,,,,,,,
0.2,P0020,K-NET,KiK-net,physical_hgb,fold,3,20260711,1029,257,977,607,91284,20172,0.004170599307812851,9.676859313856312e-11,9.659456567945313e-11,0.39001109237210657,0.47751210884122364,0.3307037592033605,0.3093632728396781,6.4530522468477285,0.26369646735961855,0.24025360851843197,8.890092110796523,-0.10071461768778774,,,,,,,,
0.2,P0020,K-NET,KiK-net,physical_spatial_hgb,fold,3,20260711,1029,257,977,607,91284,20172,0.004170569176876355,9.676859313856312e-11,9.659456567945313e-11,0.5852071906731156,0.6577416805279588,0.3307037592033605,0.2617250536984142,20.858155852570466,0.26369646735961855,0.2023597665049943,23.260342267299222,-0.07624174003775813,,,,,,,,
0.2,P0020,K-NET,KiK-net,physical_hgb,fold,4,20260711,1029,257,962,617,90040,20520,0.005319106222260279,9.917233700917905e-11,9.659073541001817e-11,0.38636410590650777,0.4591122846851975,0.3251665714030968,0.3091505817641671,4.925472372458383,0.2583345205009233,0.2399298072710697,7.124372381269828,-0.10419137858612947,,,,,,,,
0.2,P0020,K-NET,KiK-net,physical_spatial_hgb,fold,4,20260711,1029,257,962,617,90040,20520,0.005319091647932314,9.917233700917905e-11,9.659073541001817e-11,0.5413640907213615,0.6239762178321641,0.3251665714030968,0.26396117249463064,18.822783241328988,0.2583345205009233,0.2077741195967879,19.571678150522164,-0.06868518269440774,,,,,,,,
0.2,P0020,KiK-net,K-NET,physical_hgb,fold,0,20260711,1028,258,647,924,79196,22213,0.0018091663488168429,9.76499436866618e-11,9.858258653849816e-11,0.15491019897578626,0.31470337885236327,0.2648544066707087,0.2921243662786953,-10.296207622435798,0.2073381989795023,0.22641906750073978,-9.202775279785206,-0.13354428712549868,,,,,,,,
0.2,P0020,KiK-net,K-NET,physical_spatial_hgb,fold,0,20260711,1028,258,647,924,79196,22213,0.0018091355695232186,9.76499436866618e-11,9.858258653849816e-11,0.23999242600603102,0.4271648864618062,0.2648544066707087,0.2614180380899539,1.2974556942249442,0.2073381989795023,0.1984634463125855,4.2803268816828846,0.006639182156130195,,,,,,,,
0.2,P0020,KiK-net,K-NET,physical_hgb,fold,1,20260711,1029,257,651,866,79309,22108,0.001604527502875867,9.52267154019637e-11,9.778849952013502e-11,0.33480318564297346,0.40363173136022956,0.2868635127095338,0.28969992637419273,-0.9887676678947165,0.22096160725800806,0.2291461459800573,-3.7040546652489206,-0.11348956806896517,,,,,,,,
0.2,P0020,KiK-net,K-NET,physical_spatial_hgb,fold,1,20260711,1029,257,651,866,79309,22108,0.0016044955923884153,9.52267154019637e-11,9.778849952013502e-11,0.5484453200015865,0.6183029073623533,0.2868635127095338,0.22768577429245018,20.629231601512377,0.22096160725800806,0.17886966955293562,19.04943497986207,0.01082246052637367,,,,,,,,
0.2,P0020,KiK-net,K-NET,physical_hgb,fold,2,20260711,1029,257,655,881,79197,22032,0.0013517444731249951,9.662191706449885e-11,9.885306462287247e-11,0.3239810532195602,0.4070021668853872,0.3028349086158373,0.3010393621709881,0.5929126377986177,0.23439757660861613,0.23740329163413246,-1.2823148895157328,-0.11156406266211062,,,,,,,,
0.2,P0020,KiK-net,K-NET,physical_spatial_hgb,fold,2,20260711,1029,257,655,881,79197,22032,0.0013517296757713925,9.662191706449885e-11,9.885306462287247e-11,0.5110196849295533,0.6065772528656272,0.3028349086158373,0.24186863306354262,20.131851981976666,0.23439757660861613,0.1874623740620058,20.02375759412397,0.005325801468641144,,,,,,,,
0.2,P0020,KiK-net,K-NET,physical_hgb,fold,3,20260711,1029,257,653,849,78115,22684,0.001284858776409518,9.969852721170014e-11,9.871888029255871e-11,0.32220020163433133,0.4151229811703304,0.26864377843870996,0.27203373842778344,-1.2618792099988625,0.2086533688762316,0.21304975588994546,-2.107029010550844,-0.10995969655005051,,,,,,,,
0.2,P0020,KiK-net,K-NET,physical_spatial_hgb,fold,3,20260711,1029,257,653,849,78115,22684,0.0012848388587632395,9.969852721170014e-11,9.871888029255871e-11,0.46888604035733067,0.5739241630215693,0.26864377843870996,0.22643316711977646,15.712484228836772,0.2086533688762316,0.1784065849505484,14.496187666936208,0.009502614273274123,,,,,,,,
0.2,P0020,KiK-net,K-NET,physical_hgb,fold,4,20260711,1029,257,652,885,77791,23826,0.0013418953359793494,9.964822023089681e-11,9.745720029596949e-11,0.24359759421947905,0.3727271341067081,0.26634993460732903,0.27780793684358085,-4.301860352676255,0.20845326627604108,0.2167241768680894,-3.9677529356127677,-0.11924248531814405,,,,,,,,
0.2,P0020,KiK-net,K-NET,physical_spatial_hgb,fold,4,20260711,1029,257,652,885,77791,23826,0.0013418700123215774,9.964822023089681e-11,9.745720029596949e-11,0.3059907057192037,0.47742152192144244,0.26634993460732903,0.24889524607617858,6.553291840256438,0.20845326627604108,0.19197488800405646,7.90507079421983,0.019090596509697074,,,,,,,,
0.3,P0030,K-NET,KiK-net,physical_hgb,fold,0,20260711,1028,258,958,624,91790,19072,0.004142554540299091,9.849237397885346e-11,9.773792886136334e-11,0.43530537756805343,0.5039733961499316,0.2898783232512512,0.26071719377209274,10.059782722657438,0.22973501829121964,0.20297383318795104,11.648718293936911,-0.06853081244072028,,,,,,,,
0.3,P0030,K-NET,KiK-net,physical_spatial_hgb,fold,0,20260711,1028,258,958,624,91790,19072,0.004142545442476438,9.849237397885346e-11,9.773792886136334e-11,0.5015301949471767,0.5981854751624969,0.2898783232512512,0.23627966332717668,18.49005449007583,0.22973501829121964,0.1825159787337301,20.553696997831278,-0.030213709994504342,,,,,,,,
0.3,P0030,K-NET,KiK-net,physical_hgb,fold,1,20260711,1029,257,974,607,91878,18932,0.0037362455719974377,9.640997722382139e-11,9.882698825958158e-11,0.4107824482004843,0.5146868912188647,0.3067367710643698,0.26970247153209936,12.073641971180123,0.24255437630880072,0.21027293595740662,13.308949870397708,-0.052839448432100776,,,,,,,,
0.3,P0030,K-NET,KiK-net,physical_spatial_hgb,fold,1,20260711,1029,257,974,607,91878,18932,0.003736223512461653,9.640997722382139e-11,9.882698825958158e-11,0.5279703497014456,0.6123763087487958,0.3067367710643698,0.24644188064217123,19.656883722475342,0.24255437630880072,0.18679147374262056,22.989856301412313,-0.03855605579993186,,,,,,,,
0.3,P0030,K-NET,KiK-net,physical_hgb,fold,2,20260711,1029,257,972,604,92006,19103,0.0035822015849851846,9.884293383777276e-11,9.838926895433531e-11,0.3801620470907007,0.48954170653151935,0.31224763246852993,0.28217499734046714,9.63102102338396,0.24667848989561264,0.22210301041879119,9.96255469506932,-0.06752296474305244,,,,,,,,
0.3,P0030,K-NET,KiK-net,physical_spatial_hgb,fold,2,20260711,1029,257,972,604,92006,19103,0.0035821889545108844,9.884293383777276e-11,9.838926895433531e-11,0.48124730166349855,0.5817712993376767,0.31224763246852993,0.2589322799508436,17.074701926862407,0.24667848989561264,0.20061098799899652,18.67511914642845,-0.04444755789173329,,,,,,,,
0.3,P0030,K-NET,KiK-net,physical_hgb,fold,3,20260711,1029,257,977,607,91284,20172,0.0036334682701612588,9.982255473606205e-11,9.811551571203836e-11,0.41151681451490685,0.5167528769605209,0.30254477006288244,0.26847049585079047,11.26255601939832,0.23798314917593133,0.21316571251671879,10.428232732085588,-0.06486140374431199,,,,,,,,
0.3,P0030,K-NET,KiK-net,physical_spatial_hgb,fold,3,20260711,1029,257,977,607,91284,20172,0.003633454949432385,9.982255473606205e-11,9.811551571203836e-11,0.5502949992245333,0.6368875309591016,0.30254477006288244,0.23666039914833198,21.776734365911107,0.23798314917593133,0.18255236737546124,23.291893561544708,-0.035199330867894195,,,,,,,,
0.3,P0030,K-NET,KiK-net,physical_hgb,fold,4,20260711,1029,257,962,617,90040,20520,0.004595866072850931,9.794378502681056e-11,9.589629090811513e-11,0.47166288970850234,0.5329658131803214,0.29883587376448606,0.26203728915687846,12.313978286492047,0.2352442107129171,0.20685103032887314,12.069661692416265,-0.0660700734801554,,,,,,,,
0.3,P0030,K-NET,KiK-net,physical_spatial_hgb,fold,4,20260711,1029,257,962,617,90040,20520,0.004595858481137566,9.794378502681056e-11,9.589629090811513e-11,0.5749195090031592,0.6367454274073518,0.29883587376448606,0.23428868903907926,21.599543559578372,0.2352442107129171,0.1813159894570419,22.92435639221197,-0.03833833039374206,,,,,,,,
0.3,P0030,KiK-net,K-NET,physical_hgb,fold,0,20260711,1028,258,647,924,79196,22213,0.001672788540358059,9.93841259289141e-11,9.991690808064391e-11,0.06639000079863194,0.14974693021369379,0.26096850223675483,0.30166740087990546,-15.595329817323293,0.20773976961410826,0.2331985882078037,-12.255149142115185,-0.13202987978608166,,,,,,,,
0.3,P0030,KiK-net,K-NET,physical_spatial_hgb,fold,0,20260711,1028,258,647,924,79196,22213,0.001672758338918387,9.93841259289141e-11,9.991690808064391e-11,0.06269123686166503,0.2467589650388439,0.26096850223675483,0.28070998560130656,-7.564699645876012,0.20773976961410826,0.21268642318894201,-2.3811779439355925,-0.050683191572173054,,,,,,,,
0.3,P0030,KiK-net,K-NET,physical_hgb,fold,1,20260711,1029,257,651,866,79309,22108,0.0015353172381494362,9.823170055156538e-11,9.951939272667687e-11,0.22208751429347068,0.2713771931724344,0.26650327972659915,0.2876682761737596,-7.941739579667932,0.21112478812070476,0.2247628920142259,-6.459735976489849,-0.11501349826492976,,,,,,,,
0.3,P0030,KiK-net,K-NET,physical_spatial_hgb,fold,1,20260711,1029,257,651,866,79309,22108,0.0015352957459524655,9.823170055156538e-11,9.951939272667687e-11,0.45013055923628426,0.5088554508005905,0.26650327972659915,0.2373718013373053,10.931001832014719,0.21112478812070476,0.18375011794777024,12.966109009086988,-0.051352636503568735,,,,,,,,
0.3,P0030,KiK-net,K-NET,physical_hgb,fold,2,20260711,1029,257,655,881,79197,22032,0.0011564421833837838,9.952638713173201e-11,9.788042598657398e-11,0.19980050491202622,0.2465778747427041,0.28125522796583174,0.30886039622233996,-9.814988491471464,0.2205045186839446,0.2432957112483783,-10.33592993942267,-0.133144329744819,,,,,,,,
0.3,P0030,KiK-net,K-NET,physical_spatial_hgb,fold,2,20260711,1029,257,655,881,79197,22032,0.0011564248793846463,9.952638713173201e-11,9.788042598657398e-11,0.44356805478864275,0.5167081622475073,0.28125522796583174,0.24570051986077182,12.641439009759235,0.2205045186839446,0.18988962551462674,13.884020768390268,-0.042163291859826195,,,,,,,,
0.3,P0030,KiK-net,K-NET,physical_hgb,fold,3,20260711,1029,257,653,849,78115,22684,0.0011349626829542016,9.57831036707546e-11,9.917412724380625e-11,0.17560446959870554,0.20686258140651273,0.25377768338454537,0.29464228383048297,-16.102519299940216,0.20043198380218918,0.2280327574401789,-13.770643344641808,-0.1401988649653064,,,,,,,,
0.3,P0030,KiK-net,K-NET,physical_spatial_hgb,fold,3,20260711,1029,257,653,849,78115,22684,0.0011349452164855453,9.57831036707546e-11,9.917412724380625e-11,0.3795907077186433,0.48129084747292766,0.25377768338454537,0.22967417675820104,9.497882676240158,0.20043198380218918,0.18130266797887576,9.544043550550583,-0.041794207692702784,,,,,,,,
0.3,P0030,KiK-net,K-NET,physical_hgb,fold,4,20260711,1029,257,652,885,77791,23826,0.0011098868878178286,9.798148403739049e-11,9.697648239992418e-11,0.14444193178281417,0.20331489959956847,0.2570325559378262,0.29448699098275755,-14.571864217072651,0.20391037352685784,0.2276464056587932,-11.640424036008644,-0.13777888494789278,,,,,,,,
0.3,P0030,KiK-net,K-NET,physical_spatial_hgb,fold,4,20260711,1029,257,652,885,77791,23826,0.0011098634195520261,9.798148403739049e-11,9.697648239992418e-11,0.2062116031789609,0.35696899023301354,0.2570325559378262,0.2533094574337803,1.4484929702626774,0.20391037352685784,0.19516016127437022,4.291205053054888,-0.0435780172907477,,,,,,,,
0.5,P0050,K-NET,KiK-net,physical_hgb,fold,0,20260711,1028,258,958,624,91790,19072,0.003468485854531507,9.758177599294982e-11,9.826151003977657e-11,0.4101141842757684,0.47693167145372184,0.25273784367973307,0.23077473960966569,8.690073378128055,0.2036559490546167,0.1763936849775891,13.386431480926877,-0.03536863699408714,,,,,,,,
0.5,P0050,K-NET,KiK-net,physical_spatial_hgb,fold,0,20260711,1028,258,958,624,91790,19072,0.0034684668903831096,9.758177599294982e-11,9.826151003977657e-11,0.46620331093777173,0.5555715237591867,0.25273784367973307,0.21418554515860458,15.253868577743184,0.2036559490546167,0.16464430744855968,19.155660213782824,0.009069400144992149,,,,,,,,
0.5,P0050,K-NET,KiK-net,physical_hgb,fold,1,20260711,1029,257,974,607,91878,18932,0.003060939558678066,9.842354709022061e-11,9.763818920038858e-11,0.43442683986142916,0.4867482436349209,0.2564404803769689,0.2344120524752629,8.590074339793826,0.20745231804490064,0.18345586704010414,11.567212760477686,-0.0362301968091473,,,,,,,,
0.5,P0050,K-NET,KiK-net,physical_spatial_hgb,fold,1,20260711,1029,257,974,607,91878,18932,0.003060931991020964,9.842354709022061e-11,9.763818920038858e-11,0.5396367936626532,0.5964593457833143,0.2564404803769689,0.2088540318985088,18.55652758429862,0.20745231804490064,0.1647507067618896,20.583819783478518,-0.0013443165040228347,,,,,,,,
0.5,P0050,K-NET,KiK-net,physical_hgb,fold,2,20260711,1029,257,972,604,92006,19103,0.0027357063173497607,9.694116516467677e-11,9.716871751663803e-11,0.35978164148030983,0.46164624761626705,0.27558840862868317,0.2516326477427095,8.692586529737074,0.2231467867706786,0.19789892632220574,11.314462920955854,-0.0338887615389639,,,,,,,,
0.5,P0050,K-NET,KiK-net,physical_spatial_hgb,fold,2,20260711,1029,257,972,604,92006,19103,0.002735711770782912,9.694116516467677e-11,9.716871751663803e-11,0.4410985095316115,0.5591741075640239,0.27558840862868317,0.23036490901496487,16.409797436237838,0.2231467867706786,0.1781438938630073,20.167394547302823,-0.00939705771165426,,,,,,,,
0.5,P0050,K-NET,KiK-net,physical_hgb,fold,3,20260711,1029,257,977,607,91284,20172,0.00280289261354886,9.770673159437138e-11,9.821854440872357e-11,0.3439542397857653,0.4476944484368779,0.2664343340537563,0.24796684522933238,6.931347226704616,0.21314648298706487,0.19505837757578087,8.486232171319338,-0.030934128932322676,,,,,,,,
0.5,P0050,K-NET,KiK-net,physical_spatial_hgb,fold,3,20260711,1029,257,977,607,91284,20172,0.0028028849858437416,9.770673159437138e-11,9.821854440872357e-11,0.4801838875701628,0.5804916339272329,0.2664343340537563,0.21969925136358887,17.540938504096136,0.21314648298706487,0.1702480023782039,20.126290618393334,-0.00032899000119727983,,,,,,,,
0.5,P0050,K-NET,KiK-net,physical_hgb,fold,4,20260711,1029,257,962,617,90040,20520,0.0035260537372850515,9.809092427204291e-11,9.56010826058673e-11,0.43307566756934524,0.4770403857569267,0.25511481584071094,0.2320277362889651,9.049681993444475,0.20458192112649803,0.18086781301664315,11.591497420337484,-0.02942308818280644,,,,,,,,
0.5,P0050,K-NET,KiK-net,physical_spatial_hgb,fold,4,20260711,1029,257,962,617,90040,20520,0.0035260526681180396,9.809092427204291e-11,9.56010826058673e-11,0.5319557118611894,0.5893885070040932,0.25511481584071094,0.2090071889697598,18.07328465773618,0.20458192112649803,0.16263596593918855,20.50325608261996,0.009355772139558825,,,,,,,,
0.5,P0050,KiK-net,K-NET,physical_hgb,fold,0,20260711,1028,258,647,924,79196,22213,0.0013101304088164957,9.957806801352831e-11,9.737990969149735e-11,-0.07382406006388141,-0.02599548417915461,0.2552811443196986,0.3257608363181526,-27.608655620169703,0.20267721864148514,0.2520479176765671,-24.35927400524159,-0.15983003039794355,,,,,,,,
0.5,P0050,KiK-net,K-NET,physical_spatial_hgb,fold,0,20260711,1028,258,647,924,79196,22213,0.0013101178974670195,9.957806801352831e-11,9.737990969149735e-11,-0.026621247375127607,0.1179687403185143,0.2552811443196986,0.2871759735589219,-12.494001201780934,0.20267721864148514,0.21688071674902573,-7.0079401142094335,-0.06773056604443886,,,,,,,,
0.5,P0050,KiK-net,K-NET,physical_hgb,fold,1,20260711,1029,257,651,866,79309,22108,0.001433681880747806,9.842306830654124e-11,9.76186909085186e-11,-0.0016498226976936839,0.022626854083078022,0.24092177243431234,0.3099184185684547,-28.638609718411562,0.18803606214991625,0.24374880111746156,-29.628752235370147,-0.15437139452336396,,,,,,,,
0.5,P0050,KiK-net,K-NET,physical_spatial_hgb,fold,1,20260711,1029,257,651,866,79309,22108,0.0014336695608028057,9.842306830654124e-11,9.76186909085186e-11,0.2599010399087561,0.28110960978458793,0.24092177243431234,0.25582819767681564,-6.187247043671635,0.18803606214991625,0.19908268894028414,-5.874738422016463,-0.07633808454724733,,,,,,,,
0.5,P0050,KiK-net,K-NET,physical_hgb,fold,2,20260711,1029,257,655,881,79197,22032,0.0009603805012840187,9.635037212518682e-11,9.97499582933159e-11,0.06303355902514325,0.08312702238587523,0.2600858049573985,0.30972857302835805,-19.08707323688461,0.20121694521773356,0.24141878087323057,-19.97934896188552,-0.14086179574377106,,,,,,,,
0.5,P0050,KiK-net,K-NET,physical_spatial_hgb,fold,2,20260711,1029,257,655,881,79197,22032,0.0009603665663578927,9.635037212518682e-11,9.97499582933159e-11,0.3796816753606172,0.3795980831161992,0.2600858049573985,0.2596627473258672,0.16266079250293095,0.20121694521773356,0.20076750805787458,0.2233594985614435,-0.08453505897963189,,,,,,,,
0.5,P0050,KiK-net,K-NET,physical_hgb,fold,3,20260711,1029,257,653,849,78115,22684,0.0010312095450055168,9.497160002869265e-11,9.71811103811504e-11,0.046577273515730176,0.06804958586491758,0.24078728984198217,0.3006645767733468,-24.867295516577883,0.18742820559315815,0.232990749903825,-24.309331760646206,-0.14741476165965128,,,,,,,,
0.5,P0050,KiK-net,K-NET,physical_spatial_hgb,fold,3,20260711,1029,257,653,849,78115,22684,0.0010311939262050835,9.497160002869265e-11,9.71811103811504e-11,0.33039853454904,0.32953179995121157,0.24078728984198217,0.24920877865455146,-3.4974806261974782,0.18742820559315815,0.19043408562571754,-1.603750098896062,-0.078152729501228,,,,,,,,
0.5,P0050,KiK-net,K-NET,physical_hgb,fold,4,20260711,1029,257,652,885,77791,23826,0.0008230656435697331,9.91539628181215e-11,9.642964204914506e-11,0.03073301823604796,0.06678206532269021,0.24307411027512035,0.29690523232428434,-22.14597103255296,0.18944594704495402,0.22869882540524,-20.71983010065219,-0.14301545051816708,,,,,,,,
0.5,P0050,KiK-net,K-NET,physical_spatial_hgb,fold,4,20260711,1029,257,652,885,77791,23826,0.0008230410192993804,9.91539628181215e-11,9.642964204914506e-11,0.12980018128688578,0.22836725917772438,0.24307411027512035,0.2633674050709169,-8.348603959849044,0.18944594704495402,0.2003714939777791,-5.76710513117102,-0.0751179279217965,,,,,,,,
1.0,P0100,K-NET,KiK-net,physical_hgb,fold,0,20260711,1028,258,958,624,91790,19072,0.003238484811814773,9.665218625443117e-11,9.695211300453366e-11,0.3982517654750121,0.46941417938815827,0.2133886288564222,0.1970016984724423,7.679383138548486,0.16776556397336795,0.14810814469414607,11.717195599415389,-0.03935404178053431,,,,,,,,
1.0,P0100,K-NET,KiK-net,physical_spatial_hgb,fold,0,20260711,1028,258,958,624,91790,19072,0.0032384599706884445,9.665218625443117e-11,9.695211300453366e-11,0.4264227458481694,0.5370042398030729,0.2133886288564222,0.18546471976188586,13.085940541529443,0.16776556397336795,0.14219895402706703,15.239486185829831,0.012720516514789717,,,,,,,,
1.0,P0100,K-NET,KiK-net,physical_hgb,fold,1,20260711,1029,257,974,607,91878,18932,0.002704915453831196,9.730742600577713e-11,9.942369150195418e-11,0.421165962192863,0.47399391250344475,0.21404280950512863,0.19574346534389225,8.549385145684099,0.16993073063956177,0.14895588436389598,12.343174302095662,-0.02920866376762159,,,,,,,,
1.0,P0100,K-NET,KiK-net,physical_spatial_hgb,fold,1,20260711,1029,257,974,607,91878,18932,0.002704901383505074,9.730742600577713e-11,9.942369150195418e-11,0.5324596451439583,0.5847884408852931,0.21404280950512863,0.17652916508975178,17.52623435569229,0.16993073063956177,0.1372413447141793,19.236888938422553,0.008861799387286194,,,,,,,,
1.0,P0100,K-NET,KiK-net,physical_hgb,fold,2,20260711,1029,257,972,604,92006,19103,0.0024320923081095356,9.829092921520566e-11,9.907957787547161e-11,0.37695249400202846,0.4571026106899616,0.22777002345749733,0.21168945809337114,7.060000749890988,0.18027397349620763,0.16166292534718046,10.323757660680112,-0.04171034048924613,,,,,,,,
1.0,P0100,K-NET,KiK-net,physical_spatial_hgb,fold,2,20260711,1029,257,972,604,92006,19103,0.0024320765453895586,9.829092921520566e-11,9.907957787547161e-11,0.5563420807098715,0.5953485003920373,0.22777002345749733,0.1836823904564386,19.356205145795062,0.18027397349620763,0.14118339765286494,21.683981933290568,0.0004567929847072948,,,,,,,,
1.0,P0100,K-NET,KiK-net,physical_hgb,fold,3,20260711,1029,257,977,607,91284,20172,0.002403693667707194,9.729286820636673e-11,9.876321982460468e-11,0.3315131582447639,0.4467184446029371,0.23951107066764135,0.2221796420645983,7.236170150603635,0.18727613011618244,0.16917941058272698,9.663121254282972,-0.039487142708863235,,,,,,,,
1.0,P0100,K-NET,KiK-net,physical_spatial_hgb,fold,3,20260711,1029,257,977,607,91284,20172,0.0024036758132220245,9.729286820636673e-11,9.876321982460468e-11,0.5248609025627213,0.58175392228675,0.23951107066764135,0.19591630912328908,18.201564304660778,0.18727613011618244,0.1464523506176606,21.798709463504807,0.008746029209140459,,,,,,,,
1.0,P0100,K-NET,KiK-net,physical_hgb,fold,4,20260711,1029,257,962,617,90040,20520,0.002823183055010322,9.723080673929019e-11,9.584066353041099e-11,0.4376549108507886,0.500778414454967,0.2189223944251325,0.19683954699400855,10.087066464402248,0.17450487500286,0.14978608436635965,14.165100336649747,-0.036599873662824044,,,,,,,,
1.0,P0100,K-NET,KiK-net,physical_spatial_hgb,fold,4,20260711,1029,257,962,617,90040,20520,0.0028231667112020957,9.723080673929019e-11,9.584066353041099e-11,0.5308820390038617,0.5946432978681391,0.2189223944251325,0.1784950208130703,18.46653181289209,0.17450487500286,0.13864189351298803,20.55127771604329,0.012225092448265132,,,,,,,,
1.0,P0100,KiK-net,K-NET,physical_hgb,fold,0,20260711,1028,258,647,924,79196,22213,0.0011136702782782826,9.812012313759055e-11,9.826262026280119e-11,0.038984699000399206,0.11736480272768088,0.226933546808134,0.26568172839345283,-17.074682051340496,0.17528831825670083,0.2009895553240101,-14.662264618039824,-0.11294176255257946,,,,,,,,
1.0,P0100,KiK-net,K-NET,physical_spatial_hgb,fold,0,20260711,1028,258,647,924,79196,22213,0.0011136572179724113,9.812012313759055e-11,9.826262026280119e-11,0.08896480456233304,0.20952724885249882,0.226933546808134,0.24489209774354567,-7.91357258016821,0.17528831825670083,0.1839894939257439,-4.963922157265864,-0.06791354212752251,,,,,,,,
1.0,P0100,KiK-net,K-NET,physical_hgb,fold,1,20260711,1029,257,651,866,79309,22108,0.0011133623302713315,9.907114018048446e-11,9.961798053126358e-11,0.16594668081942915,0.17565645359002705,0.22612632907114466,0.25848800084548573,-14.31132407591481,0.1732537194921866,0.19562587699686312,-12.912944997804486,-0.10672036364333139,,,,,,,,
1.0,P0100,KiK-net,K-NET,physical_spatial_hgb,fold,1,20260711,1029,257,651,866,79309,22108,0.001113364893720966,9.907114018048446e-11,9.961798053126358e-11,0.34749328061496043,0.36188355970818187,0.22612632907114466,0.22622484749018726,-0.04356786732764845,0.1732537194921866,0.17496828482275242,-0.9896268522207106,-0.0653468736421249,,,,,,,,
1.0,P0100,KiK-net,K-NET,physical_hgb,fold,2,20260711,1029,257,655,881,79197,22032,0.0009663337086525285,9.668338352142314e-11,9.879454589481473e-11,0.15210924083091937,0.15981205895808961,0.23624559278940152,0.2605844522111787,-10.302354907197692,0.1807800196610265,0.19636102331933972,-8.618764223794502,-0.09404323403384328,,,,,,,,
1.0,P0100,KiK-net,K-NET,physical_spatial_hgb,fold,2,20260711,1029,257,655,881,79197,22032,0.0009663272417996287,9.668338352142314e-11,9.879454589481473e-11,0.43205131428196447,0.38841282153735535,0.23624559278940152,0.23281723705444557,1.4511829382620993,0.1807800196610265,0.1782794356357614,1.383219246216392,-0.07406257672602452,,,,,,,,
1.0,P0100,KiK-net,K-NET,physical_hgb,fold,3,20260711,1029,257,653,849,78115,22684,0.001018273063288773,9.562492464532113e-11,9.788414523370648e-11,0.13646605312793025,0.18213017504495022,0.2314645375443504,0.2604892954983956,-12.539613308359968,0.1763656663753668,0.20026981795399254,-13.553744370942068,-0.10444650214263451,,,,,,,,
1.0,P0100,KiK-net,K-NET,physical_spatial_hgb,fold,3,20260711,1029,257,653,849,78115,22684,0.0010182677100274422,9.562492464532113e-11,9.788414523370648e-11,0.40285526970126645,0.3728032819059751,0.2314645375443504,0.22937210530771251,0.9039968968192179,0.1763656663753668,0.1749792479435671,0.7861044954458042,-0.06964119545174993,,,,,,,,
1.0,P0100,KiK-net,K-NET,physical_hgb,fold,4,20260711,1029,257,652,885,77791,23826,0.0006176594953154328,9.968131875481845e-11,9.925638089214317e-11,0.04125388018554594,0.11106302520548399,0.223751027089748,0.263294641105449,-17.673042457069826,0.17385315398579698,0.19955026542473553,-14.78092910585786,-0.10847963149653968,,,,,,,,
1.0,P0100,KiK-net,K-NET,physical_spatial_hgb,fold,4,20260711,1029,257,652,885,77791,23826,0.0006176491869963148,9.968131875481845e-11,9.925638089214317e-11,0.19604776542420274,0.27370292287467907,0.223751027089748,0.23283245945347067,-4.058722090281195,0.17385315398579698,0.17659117074165692,-1.5749019750792808,-0.06426613405380595,,,,,,,,
2.0,P0200,K-NET,KiK-net,physical_hgb,fold,0,20260711,1028,258,958,624,91790,19072,0.002258287150126736,9.773494058333554e-11,9.792611166403731e-11,0.3716038080247201,0.4988089997139781,0.19943393769118428,0.1773511057743441,11.072755305586252,0.15342089553455962,0.13512872837376688,11.922865589499992,-0.03210312044829208,,,,,,,,
2.0,P0200,K-NET,KiK-net,physical_spatial_hgb,fold,0,20260711,1028,258,958,624,91790,19072,0.002258265736525039,9.773494058333554e-11,9.792611166403731e-11,0.4111177480306964,0.5122276694498006,0.19943393769118428,0.17404416715240736,12.730917732814358,0.15342089553455962,0.13163670598481658,14.198971707107477,0.00619377632955185,,,,,,,,
2.0,P0200,K-NET,KiK-net,physical_hgb,fold,1,20260711,1029,257,974,607,91878,18932,0.0016675540864501323,9.796046612775555e-11,9.781075949177875e-11,0.42548854870316555,0.48825136477228037,0.19721648994873694,0.17659138908907832,10.458101584213253,0.1532831875491846,0.13346173217438406,12.931265125498742,-0.026966960747177672,,,,,,,,
2.0,P0200,K-NET,KiK-net,physical_spatial_hgb,fold,1,20260711,1029,257,974,607,91878,18932,0.0016675472771428114,9.796046612775555e-11,9.781075949177875e-11,0.5237693464756892,0.5645449549910266,0.19721648994873694,0.16523425542008924,16.21681561058152,0.1532831875491846,0.12563787563492548,18.035449520769166,0.006494574735606265,,,,,,,,
2.0,P0200,K-NET,KiK-net,physical_hgb,fold,2,20260711,1029,257,972,604,92006,19103,0.0013190270747039027,9.881002960288043e-11,9.887424212706719e-11,0.36680962602052697,0.46491263277004974,0.2112335130039433,0.19215786781183147,9.030596007630534,0.16337944811337257,0.14671015871058657,10.20280677605106,-0.03395194662148951,,,,,,,,
2.0,P0200,K-NET,KiK-net,physical_spatial_hgb,fold,2,20260711,1029,257,972,604,92006,19103,0.0013190186522101547,9.881002960288043e-11,9.887424212706719e-11,0.5295874249251428,0.5753666177120813,0.2112335130039433,0.17321341196255355,17.999085704113625,0.16337944811337257,0.1317758284775187,19.34369346989312,-0.002375526317801891,,,,,,,,
2.0,P0200,K-NET,KiK-net,physical_hgb,fold,3,20260711,1029,257,977,607,91284,20172,0.0014867429063039482,9.783124310658309e-11,9.825829039300515e-11,0.3956188789987877,0.4839323839836566,0.2005640870375426,0.18186708634786714,9.322207662319762,0.15425496097635588,0.1389640959609854,9.912721716427807,-0.03501602402111774,,,,,,,,
2.0,P0200,K-NET,KiK-net,physical_spatial_hgb,fold,3,20260711,1029,257,977,607,91284,20172,0.0014867288026128227,9.783124310658309e-11,9.825829039300515e-11,0.5177683993034562,0.5426556704988111,0.2005640870375426,0.17124961382758885,14.61601308736121,0.15425496097635588,0.13047327033618183,15.417131798969688,0.00395639238871413,,,,,,,,
2.0,P0200,K-NET,KiK-net,physical_hgb,fold,4,20260711,1029,257,962,617,90040,20520,0.0017627338267663703,9.758272662141465e-11,9.885378626783847e-11,0.4116142557363324,0.48876210518502367,0.20206875344739744,0.18177389021700013,10.04354353860082,0.15787686837737588,0.1407478083598412,10.849632497517495,-0.03777503881394243,,,,,,,,
2.0,P0200,K-NET,KiK-net,physical_spatial_hgb,fold,4,20260711,1029,257,962,617,90040,20520,0.001762715551083061,9.758272662141465e-11,9.885378626783847e-11,0.5681262846021106,0.5828604199703241,0.20206875344739744,0.16504541488242366,18.322149235513397,0.15787686837737588,0.12616094804041758,20.089022960062255,0.0038945938790914277,,,,,,,,
2.0,P0200,KiK-net,K-NET,physical_hgb,fold,0,20260711,1028,258,647,924,79196,22213,0.0008561765496584466,9.534839584546262e-11,9.833700520545108e-11,0.13326602983563196,0.14894297219161234,0.18954403189589397,0.2094667524184621,-10.510866695877072,0.14589492620796168,0.15844368045877777,-8.601227319536,-0.06866582594865117,,,,,,,,
2.0,P0200,KiK-net,K-NET,physical_spatial_hgb,fold,0,20260711,1028,258,647,924,79196,22213,0.0008561643677376507,9.534839584546262e-11,9.833700520545108e-11,0.14743031137801746,0.22243586484288375,0.18954403189589397,0.19966294279913,-5.33855421456571,0.14589492620796168,0.14978669377102347,-2.6675139870966964,-0.0448816572928476,,,,,,,,
2.0,P0200,KiK-net,K-NET,physical_hgb,fold,1,20260711,1029,257,651,866,79309,22108,0.0008314127354703039,9.581457849350272e-11,9.980327675407352e-11,0.24545538374421658,0.18701983629330196,0.18651073318028888,0.2026929736423551,-8.676305211037812,0.1424759004349009,0.15264958751542518,-7.1406371529989086,-0.061846713214093255,,,,,,,,
2.0,P0200,KiK-net,K-NET,physical_spatial_hgb,fold,1,20260711,1029,257,651,866,79309,22108,0.0008313991960271054,9.581457849350272e-11,9.980327675407352e-11,0.39306069346566586,0.36424524244182094,0.18651073318028888,0.18158412010331593,2.641463573150338,0.1424759004349009,0.1372383273649747,3.6761115767219272,-0.038534411666295336,,,,,,,,
2.0,P0200,KiK-net,K-NET,physical_hgb,fold,2,20260711,1029,257,655,881,79197,22032,0.0006833747542814544,9.914663534615897e-11,9.868891814868164e-11,0.2002900876185986,0.18548472475329544,0.20407698801244262,0.21336025575864673,-4.5489047229754815,0.1524598088851368,0.16005601836575745,-4.9824340829022224,-0.05421768564838991,,,,,,,,
2.0,P0200,KiK-net,K-NET,physical_spatial_hgb,fold,2,20260711,1029,257,655,881,79197,22032,0.000683375183788566,9.914663534615897e-11,9.868891814868164e-11,0.4698592274933812,0.39541780855928343,0.20407698801244262,0.19344321849745236,5.210665650524947,0.1524598088851368,0.14743650675870631,3.294836956154812,-0.04116025490686891,,,,,,,,
2.0,P0200,KiK-net,K-NET,physical_hgb,fold,3,20260711,1029,257,653,849,78115,22684,0.0009202590998414727,9.795148026014999e-11,9.769271502868548e-11,0.19991227343580686,0.19850121261309245,0.17920009307320653,0.1931579211952707,-7.788962540528447,0.13691196119153737,0.14539051343805204,-6.192703816909998,-0.05979102329836826,,,,,,,,
2.0,P0200,KiK-net,K-NET,physical_spatial_hgb,fold,3,20260711,1029,257,653,849,78115,22684,0.000920251082733278,9.795148026014999e-11,9.769271502868548e-11,0.37886252339447135,0.3345006587122158,0.17920009307320653,0.1800152240910747,-0.45487198354030983,0.13691196119153737,0.13593275994882437,0.7152050370114241,-0.047265670606304204,,,,,,,,
2.0,P0200,KiK-net,K-NET,physical_hgb,fold,4,20260711,1029,257,652,885,77791,23826,0.0005241504483754846,9.634032460681397e-11,9.793232891297521e-11,0.17276331973039652,0.1695417749434696,0.18616401265177582,0.20198865166361268,-8.500374904056901,0.14577104574920258,0.15512933710615717,-6.419856089291854,-0.05800863848526272,,,,,,,,
2.0,P0200,KiK-net,K-NET,physical_spatial_hgb,fold,4,20260711,1029,257,652,885,77791,23826,0.000524145395343719,9.634032460681397e-11,9.793232891297521e-11,0.3456442269489623,0.3144765740114441,0.18616401265177582,0.18696507922065636,-0.43030151610395123,0.14577104574920258,0.14400012528490508,1.214864347851594,-0.04444047453974316,,,,,,,,
3.0,P0300,K-NET,KiK-net,physical_hgb,fold,0,20260711,1028,258,958,624,91790,19072,0.0018889895283529846,9.942466294710073e-11,9.920436694343948e-11,0.3946446642920585,0.5136077692515691,0.17689475222526993,0.1558176158035964,11.915071621136873,0.13885856989567916,0.12164107846911378,12.399300554154083,-0.03196805734432061,,,,,,,,
3.0,P0300,K-NET,KiK-net,physical_spatial_hgb,fold,0,20260711,1028,258,958,624,91790,19072,0.0018889708531575331,9.942466294710073e-11,9.920436694343948e-11,0.4951224011284066,0.5580591827065958,0.17689475222526993,0.14766941161307817,16.52131577932521,0.13885856989567916,0.11448505983930277,17.55275895084299,0.0020692963682803654,,,,,,,,
3.0,P0300,K-NET,KiK-net,physical_hgb,fold,1,20260711,1029,257,974,607,91878,18932,0.0014764663938645324,9.723619132095962e-11,9.618476154438227e-11,0.4572112283189246,0.5188075870535731,0.17256501689249895,0.15345655008419867,11.073198468843822,0.13543624593803763,0.11919068469588245,11.99498784807396,-0.03639448692111089,,,,,,,,
3.0,P0300,K-NET,KiK-net,physical_spatial_hgb,fold,1,20260711,1029,257,974,607,91878,18932,0.0014764474660956476,9.723619132095962e-11,9.618476154438227e-11,0.5074968120777519,0.5685037730998843,0.17256501689249895,0.14344126604759821,16.876972731410362,0.13543624593803763,0.11028942708456511,18.567273981425355,-0.0003534741590313328,,,,,,,,
3.0,P0300,K-NET,KiK-net,physical_hgb,fold,2,20260711,1029,257,972,604,92006,19103,0.0010936591708997968,9.736784295499845e-11,9.852030302681669e-11,0.3740647415185255,0.48701689482960037,0.18567615895257297,0.166826907163791,10.15168123635981,0.1447052709304174,0.12981205680086505,10.29210203180081,-0.03499293376401904,,,,,,,,
3.0,P0300,K-NET,KiK-net,physical_spatial_hgb,fold,2,20260711,1029,257,972,604,92006,19103,0.0010936446226741565,9.736784295499845e-11,9.852030302681669e-11,0.503255445177145,0.551649244790732,0.18567615895257297,0.15584899583255218,16.06407806380759,0.1447052709304174,0.12164145175232895,15.938478971632529,-0.007392483577864357,,,,,,,,
3.0,P0300,K-NET,KiK-net,physical_hgb,fold,3,20260711,1029,257,977,607,91284,20172,0.0011789205900123213,9.786349508544845e-11,9.719230975591131e-11,0.4025078636478672,0.4926036399259589,0.1804474393000127,0.16229676343593885,10.05870514676379,0.14043348778956138,0.12577428060714374,10.438540987021817,-0.0363243165069503,,,,,,,,
3.0,P0300,K-NET,KiK-net,physical_spatial_hgb,fold,3,20260711,1029,257,977,607,91284,20172,0.0011789041125795081,9.786349508544845e-11,9.719230975591131e-11,0.5021074476239215,0.5604034315750374,0.1804474393000127,0.150553527288608,16.566548202273438,0.14043348778956138,0.11651707762665,17.030418128438107,-0.0015395864646878886,,,,,,,,
3.0,P0300,K-NET,KiK-net,physical_hgb,fold,4,20260711,1029,257,962,617,90040,20520,0.0014858135876009942,9.74542460618899e-11,9.456488370140903e-11,0.4311071576917774,0.5228565376165036,0.18391744297993662,0.16078385653874988,12.578244926834026,0.146568340062505,0.12583933670303965,14.142892899397872,-0.03376876632003964,,,,,,,,
3.0,P0300,K-NET,KiK-net,physical_spatial_hgb,fold,4,20260711,1029,257,962,617,90040,20520,0.0014857956046438424,9.74542460618899e-11,9.456488370140903e-11,0.599842557453163,0.6264531675265096,0.18391744297993662,0.143439617997816,22.00869277338546,0.146568340062505,0.1103537468004117,24.708332813654952,-0.0004960854358494355,,,,,,,,
3.0,P0300,KiK-net,K-NET,physical_hgb,fold,0,20260711,1028,258,647,924,79196,22213,0.0008473961187762143,9.965189784466588e-11,9.6771923807637e-11,0.22117942127359475,0.18198288306734797,0.17182840569746044,0.1853862396213037,-7.890333305957951,0.13343288144988294,0.14218819343801184,-6.56158504035407,-0.057081492488696435,,,,,,,,
3.0,P0300,KiK-net,K-NET,physical_spatial_hgb,fold,0,20260711,1028,258,647,924,79196,22213,0.0008473869218746849,9.965189784466588e-11,9.6771923807637e-11,0.2647230846194917,0.2909644251042739,0.17182840569746044,0.1734943519952125,-0.9695406827467694,0.13343288144988294,0.1308703504297898,1.9204644254464434,-0.03615211006763261,,,,,,,,
3.0,P0300,KiK-net,K-NET,physical_hgb,fold,1,20260711,1029,257,651,866,79309,22108,0.0007740731593149901,9.521999855266472e-11,9.974027159742604e-11,0.20560358201892723,0.12392686428566657,0.16097606431693545,0.183731083363049,-14.135653733782835,0.12465169431869147,0.13948105813496794,-11.896640392518771,-0.05654658451972345,,,,,,,,
3.0,P0300,KiK-net,K-NET,physical_spatial_hgb,fold,1,20260711,1029,257,651,866,79309,22108,0.0007740628905823882,9.521999855266472e-11,9.974027159742604e-11,0.2996429222657992,0.29875175442422225,0.16097606431693545,0.16618274217703777,-3.2344422645662534,0.12465169431869147,0.1254708610005577,-0.6571644985201027,-0.03902384757896864,,,,,,,,
3.0,P0300,KiK-net,K-NET,physical_hgb,fold,2,20260711,1029,257,655,881,79197,22032,0.0006725678285919422,9.973111225747289e-11,9.923729893390743e-11,0.24472750420967262,0.2046587360975479,0.17476304507096335,0.18325947939374973,-4.861688190049768,0.1314824612589814,0.13751009142832676,-4.5843606148144245,-0.04626695267937672,,,,,,,,
3.0,P0300,KiK-net,K-NET,physical_spatial_hgb,fold,2,20260711,1029,257,655,881,79197,22032,0.0006725586527242935,9.973111225747289e-11,9.923729893390743e-11,0.4390569530183032,0.37775262723920894,0.17476304507096335,0.1680046180301207,3.8671945994637227,0.1314824612589814,0.12390303866461558,5.764588312228654,-0.03656757599303333,,,,,,,,
3.0,P0300,KiK-net,K-NET,physical_hgb,fold,3,20260711,1029,257,653,849,78115,22684,0.0008292987604868725,9.550063517771434e-11,9.982281667930692e-11,0.2814534026012569,0.22427343024328697,0.16251438390933626,0.17242371448914517,-6.097509858165631,0.12443365444089977,0.1312623877427126,-5.4878508008909765,-0.04857229825468929,,,,,,,,
3.0,P0300,KiK-net,K-NET,physical_spatial_hgb,fold,3,20260711,1029,257,653,849,78115,22684,0.0008292896332066956,9.550063517771434e-11,9.982281667930692e-11,0.42228383834298117,0.3792264347623899,0.16251438390933626,0.15697916301419354,3.405988295922602,0.12443365444089977,0.11622711315967152,6.5951139328837876,-0.033849229717340966,,,,,,,,
3.0,P0300,KiK-net,K-NET,physical_hgb,fold,4,20260711,1029,257,652,885,77791,23826,0.0005872303711085281,9.970668735093113e-11,9.897305197625883e-11,0.19476411243611516,0.14394201594969097,0.17041975903034573,0.1828360588994483,-7.2857161280762375,0.1349907252528491,0.14337465710244648,-6.210746578250882,-0.04274409742422675,,,,,,,,
3.0,P0300,KiK-net,K-NET,physical_spatial_hgb,fold,4,20260711,1029,257,652,885,77791,23826,0.0005872241937587247,9.970668735093113e-11,9.897305197625883e-11,0.4257416079827239,0.3771400137974787,0.17041975903034573,0.16406009583578068,3.7317639871985824,0.1349907252528491,0.12547555370202781,7.048759485511741,-0.036048317830319775,,,,,,,,
5.0,P0500,K-NET,KiK-net,physical_hgb,fold,0,20260711,1028,258,958,624,91790,19072,0.0018739977283588683,9.846026771676009e-11,9.513956289453063e-11,0.3401886082479424,0.488529522000922,0.14577271589243737,0.13607588751051447,6.65201874202439,0.11862541660792635,0.10671559370148816,10.039857601345101,-0.041119973278944434,,,,,,,,
5.0,P0500,K-NET,KiK-net,physical_spatial_hgb,fold,0,20260711,1028,258,958,624,91790,19072,0.0018739715143998832,9.846026771676009e-11,9.513956289453063e-11,0.3876444048419725,0.5260345741419094,0.14577271589243737,0.1284370168082401,11.892279689011845,0.11862541660792635,0.09930426252004602,16.28753317827279,0.00024985632614558316,,,,,,,,
5.0,P0500,K-NET,KiK-net,physical_hgb,fold,1,20260711,1029,257,974,607,91878,18932,0.0010832148126775061,9.977263459859387e-11,9.558762115169372e-11,0.4438779783466563,0.49680844889779546,0.14731000756068244,0.13563411088806102,7.9260715995901965,0.11857021041874895,0.10612526099265711,10.495848309740353,-0.03591179754087378,,,,,,,,
5.0,P0500,K-NET,KiK-net,physical_spatial_hgb,fold,1,20260711,1029,257,974,607,91878,18932,0.0010831877969647334,9.977263459859387e-11,9.558762115169372e-11,0.5770924403846678,0.6287189564116823,0.14731000756068244,0.11577626310674378,21.40638302591135,0.11857021041874895,0.0901947825996329,23.931329563221535,-0.006333127513941251,,,,,,,,
5.0,P0500,K-NET,KiK-net,physical_hgb,fold,2,20260711,1029,257,972,604,92006,19103,0.0007154635660206807,9.670884926205048e-11,9.83668702048135e-11,0.30928719067940846,0.4342282656340855,0.1606355361030241,0.15314129732050535,4.665367928122893,0.12643377486038074,0.12269070940004491,2.960494902939701,-0.03845895903697086,,,,,,,,
5.0,P0500,K-NET,KiK-net,physical_spatial_hgb,fold,2,20260711,1029,257,972,604,92006,19103,0.0007154447205782992,9.670884926205048e-11,9.83668702048135e-11,0.4836073788303874,0.5804877344033367,0.1606355361030241,0.13231072462539809,17.632967252936997,0.12643377486038074,0.10344672390985424,18.181099928330717,-0.00785933096057107,,,,,,,,
5.0,P0500,K-NET,KiK-net,physical_hgb,fold,3,20260711,1029,257,977,607,91284,20172,0.0010349576023004502,9.838947712115242e-11,9.992659477653376e-11,0.4404353626433665,0.5157945186233616,0.14812205430819697,0.13587784563882924,8.266296822950657,0.11774031528986337,0.10687779764180778,9.225826872735384,-0.04303854963964227,,,,,,,,
5.0,P0500,K-NET,KiK-net,physical_spatial_hgb,fold,3,20260711,1029,257,977,607,91284,20172,0.0010349401163372116,9.838947712115242e-11,9.992659477653376e-11,0.5676596675285223,0.6337121774840466,0.14812205430819697,0.11593474758943885,21.730259460070762,0.11774031528986337,0.09005064395674078,23.51757871970509,-0.0064423066317041006,,,,,,,,
5.0,P0500,K-NET,KiK-net,physical_hgb,fold,4,20260711,1029,257,962,617,90040,20520,0.0011860968723755912,9.677235401905904e-11,9.970870309961022e-11,0.4788890988370566,0.5432468023442467,0.16029175461978437,0.14110295883160145,11.97116834468446,0.12847465782629275,0.11250927582520653,12.426872560869237,-0.04029187977881763,,,,,,,,
5.0,P0500,K-NET,KiK-net,physical_spatial_hgb,fold,4,20260711,1029,257,962,617,90040,20520,0.0011860842405014675,9.677235401905904e-11,9.970870309961022e-11,0.6770099389391365,0.7021834444007043,0.16029175461978437,0.1144325030027505,28.60986313726058,0.12847465782629275,0.09077594021787426,29.343310382184434,-0.0038917033028275103,,,,,,,,
5.0,P0500,KiK-net,K-NET,physical_hgb,fold,0,20260711,1028,258,647,924,79196,22213,0.0006707637420461734,9.596037853221162e-11,9.829947966721875e-11,0.16027264833146798,0.14968165681153794,0.15008799719091218,0.16373532730935297,-9.092885756268284,0.11974028964225299,0.1288929340549909,-7.643746678818947,-0.05269380090456928,,,,,,,,
5.0,P0500,KiK-net,K-NET,physical_spatial_hgb,fold,0,20260711,1028,258,647,924,79196,22213,0.0006707495921018215,9.596037853221162e-11,9.829947966721875e-11,0.3180869786279364,0.35999059607583966,0.15008799719091218,0.1428575407766926,4.817478112538486,0.11974028964225299,0.11246969707836099,6.07196841231492,-0.005687803911356103,,,,,,,,
5.0,P0500,KiK-net,K-NET,physical_hgb,fold,1,20260711,1029,257,651,866,79309,22108,0.00047589119666937077,9.926127975123933e-11,9.885242624463331e-11,0.2360845301936707,0.1616831058745865,0.14876782071407896,0.16049201780539915,-7.880869017939879,0.11644363604907262,0.12545716542589272,-7.740680111553319,-0.047660938266200895,,,,,,,,
5.0,P0500,KiK-net,K-NET,physical_spatial_hgb,fold,1,20260711,1029,257,651,866,79309,22108,0.000475879318402527,9.926127975123933e-11,9.885242624463331e-11,0.46382456792574484,0.4591216143123469,0.14876782071407896,0.13406972209225623,9.879891061973282,0.11644363604907262,0.10439793939454599,10.344658637634986,-0.014698229632651284,,,,,,,,
5.0,P0500,KiK-net,K-NET,physical_hgb,fold,2,20260711,1029,257,655,881,79197,22032,0.00033123737046782576,9.998699784796727e-11,9.955536395267472e-11,0.2345086805632918,0.23233481575256307,0.1626783897259328,0.16547114032008683,-1.716731152096501,0.123274847339275,0.12749444363880452,-3.4229174812250345,-0.037158123703427276,,,,,,,,
5.0,P0500,KiK-net,K-NET,physical_spatial_hgb,fold,2,20260711,1029,257,655,881,79197,22032,0.00033122867857684514,9.998699784796727e-11,9.955536395267472e-11,0.3307559995793746,0.41296103299002895,0.1626783897259328,0.1493434915187168,8.197092576144593,0.123274847339275,0.11301270013561468,8.32460751333726,-0.009373478023250652,,,,,,,,
5.0,P0500,KiK-net,K-NET,physical_hgb,fold,3,20260711,1029,257,653,849,78115,22684,0.000498600677410997,9.634414793735502e-11,9.817219259744547e-11,0.3138638456225995,0.26649942653733233,0.1417108397111274,0.14548592212266315,-2.663933414854579,0.11096327892127002,0.1140986024263068,-2.8255505204215723,-0.038708548742398846,,,,,,,,
5.0,P0500,KiK-net,K-NET,physical_spatial_hgb,fold,3,20260711,1029,257,653,849,78115,22684,0.000498593651235407,9.634414793735502e-11,9.817219259744547e-11,0.4950473998980731,0.48436417309687796,0.1417108397111274,0.12499903235890554,11.792892757031366,0.11096327892127002,0.09758861072520081,12.053238085690241,-0.006409604896117536,,,,,,,,
5.0,P0500,KiK-net,K-NET,physical_hgb,fold,4,20260711,1029,257,652,885,77791,23826,0.00035156554208890607,9.76026169607902e-11,9.792011645970433e-11,0.2514220607819714,0.23843211406700357,0.1557598270408058,0.1611589276457459,-3.4662985363521654,0.12410771980875887,0.12863706784327653,-3.649529651738874,-0.04633129251116199,,,,,,,,
5.0,P0500,KiK-net,K-NET,physical_spatial_hgb,fold,4,20260711,1029,257,652,885,77791,23826,0.00035155558530312734,9.76026169607902e-11,9.792011645970433e-11,0.5313872096190575,0.5046075642696672,0.1557598270408058,0.13503895134102523,13.303093675336537,0.12410771980875887,0.10770328144949032,13.217903273500326,-0.009558913730462597,,,,,,,,
0.1,P0010,K-NET,KiK-net,physical_hgb,station_aggregate,-1,20260711,1029,257,969,677,91400,97799,0.00443104369925118,9.995093641634867e-11,9.969230996276224e-11,0.36789627923028867,0.430689291249884,0.3175470034484467,0.29797943955203104,6.1620999990297305,0.26179612411218695,0.23715504858183595,9.412314874375912,-0.07565034031990348,0.3039591301566837,0.4269966566781229,0.35335007439740085,0.505215914150457,1.2920063442945584,11.205061855804246,3.2028821022454714,15.403575771140998
0.1,P0010,K-NET,KiK-net,physical_spatial_hgb,station_aggregate,-1,20260711,1029,257,969,677,91400,97799,0.0044310136369852815,9.995093641634867e-11,9.969230996276224e-11,0.6412940976092467,0.6593653938225136,0.3175470034484467,0.24659000625671193,22.3453524741746,0.26179612411218695,0.19283510414694913,26.3414976822522,-0.057962902937126734,0.5952926523287171,0.6835999195435942,0.6014166415767994,0.7144232095162196,16.773399864280528,27.697518170515767,20.263432954587227,31.95415384631926
0.1,P0010,KiK-net,K-NET,physical_hgb,station_aggregate,-1,20260711,1029,257,652,1027,78722,112863,0.0019395345842276057,9.9219132909667e-11,9.9781218010353e-11,0.30095470906828986,0.3393915022985738,0.25110416022981247,0.266712290622457,-6.215799203947814,0.20423542419107948,0.21522493582056684,-5.38080583866085,-0.10439540457431097,0.24420298993801215,0.35710671886762196,0.2623768764510466,0.405421252611204,-11.473038120657728,-1.3082151455136477,-11.533691432617452,0.48875733649509806
0.1,P0010,KiK-net,K-NET,physical_spatial_hgb,station_aggregate,-1,20260711,1029,257,652,1027,78722,112863,0.0019394921739659878,9.9219132909667e-11,9.9781218010353e-11,0.5486158474689278,0.5785330691843843,0.25110416022981247,0.21822256926602018,13.094801350044857,0.20423542419107948,0.1707353127883495,16.402693869300464,-0.011512819955804027,0.503745469054705,0.5907817121469011,0.5159012892206677,0.6321685500474812,6.490461258337615,18.74444921331359,8.932323901274122,22.88388325394823
0.2,P0020,K-NET,KiK-net,physical_hgb,station_aggregate,-1,20260711,1029,257,969,677,91400,97799,0.004495558477841488,9.917233700917905e-11,9.990430704931441e-11,0.3935466828787529,0.47895838058597245,0.3240419890350971,0.3041068128995369,6.152034862803241,0.2586999280558932,0.23589154477936566,8.816540247200878,-0.10267265514311406,0.32488785908899026,0.45837803614614425,0.39994274646898603,0.5481950069173331,0.8200007985404404,11.621210971462816,2.2284306716268234,15.093868627040058
0.2,P0020,K-NET,KiK-net,physical_spatial_hgb,station_aggregate,-1,20260711,1029,257,969,677,91400,97799,0.004495530668573254,9.917233700917905e-11,9.990430704931441e-11,0.5798715913859261,0.6435890807147865,0.3240419890350971,0.25907477408304547,20.049011285699468,0.2586999280558932,0.20055789879113115,22.47469866021773,-0.0717749164125378,0.5250260388902327,0.6299644460580133,0.5828181617486277,0.698126839339034,14.77996050848605,25.45878138676709,16.32826802900251,28.59711661495011
0.2,P0020,KiK-net,K-NET,physical_hgb,station_aggregate,-1,20260711,1029,257,652,1027,78722,112863,0.0014784384874413146,9.969852721170014e-11,9.885306462287247e-11,0.2886345065999565,0.4123555240224105,0.2668068303264576,0.2734332885728946,-2.4836164195380923,0.20796245039020606,0.21342398574304236,-2.6262122525430267,-0.11756575016693203,0.22919146524942816,0.34430741034232637,0.3366007002490255,0.4867052994011237,-7.4171012940897025,2.256495927070177,-8.586140069818905,3.3817305115191565
0.2,P0020,KiK-net,K-NET,physical_spatial_hgb,station_aggregate,-1,20260711,1029,257,652,1027,78722,112863,0.0014784139417535684,9.969852721170014e-11,9.885306462287247e-11,0.4902654131117951,0.5794532484475445,0.2668068303264576,0.2241074680796033,16.00384899989573,0.20796245039020606,0.17437888465944454,16.148860367699882,0.010406306966173888,0.44189714978003536,0.5364109128279453,0.5197380847267682,0.6317220509996794,9.523988341384493,21.640676003169986,9.318596530261894,22.480607864909334
0.3,P0030,K-NET,KiK-net,physical_hgb,station_aggregate,-1,20260711,1029,257,969,677,91400,97799,0.00393806720805878,9.982255473606205e-11,9.882698825958158e-11,0.43859736228626134,0.5312925120865407,0.29614309554185714,0.2599252218138879,12.229855861302761,0.23331149033915183,0.2047776285393318,12.229942793791238,-0.06402324596586396,0.3685850000216571,0.5015627862769453,0.45142474710852554,0.6054489011547094,6.420887575607141,17.920837443948066,5.449074450094502,18.196427242242507
0.3,P0030,K-NET,KiK-net,physical_spatial_hgb,station_aggregate,-1,20260711,1029,257,969,677,91400,97799,0.003938054268003785,9.982255473606205e-11,9.882698825958158e-11,0.5699130237528736,0.6407077941925096,0.29614309554185714,0.23107622539211947,21.971429058875714,0.23331149033915183,0.17827045215252083,23.59122480706841,-0.03734193872914883,0.5111035831337483,0.624145801369191,0.569719353559844,0.7031529697391319,15.641348243807142,27.995688466233055,16.644474020370446,30.11919108028913
0.3,P0030,KiK-net,K-NET,physical_hgb,station_aggregate,-1,20260711,1029,257,652,1027,78722,112863,0.001321879506532662,9.952638713173201e-11,9.991690808064391e-11,0.165914353812785,0.23412825696672487,0.2522057238709625,0.28559913300927564,-13.240543721917424,0.1995802956480515,0.22099591792546414,-10.730328967533888,-0.13176970998386234,0.10191120033440258,0.22670675267461174,0.14010173332820733,0.3176044478684232,-19.037765178507627,-8.08802515645283,-17.352961843982598,-4.480750028457118
0.3,P0030,KiK-net,K-NET,physical_spatial_hgb,station_aggregate,-1,20260711,1029,257,652,1027,78722,112863,0.001321857520058614,9.952638713173201e-11,9.991690808064391e-11,0.3898811913018545,0.46411952849431554,0.2522057238709625,0.23232374510111764,7.883238518415708,0.1995802956480515,0.18128135659576666,9.168710264140488,-0.04586464222765559,0.33386732425137283,0.4403773756495253,0.39130195935453166,0.535772409358975,2.9858942566700355,12.498422778715785,3.7476514785880823,14.47396532055101
0.5,P0050,K-NET,KiK-net,physical_hgb,station_aggregate,-1,20260711,1029,257,969,677,91400,97799,0.0031188156162786492,9.842354709022061e-11,9.826151003977657e-11,0.41562520424748267,0.48921223096573524,0.25443817201688634,0.23009691914514177,9.56666709196807,0.2059066641995462,0.17968620849833108,12.734146222583943,-0.03308421109372115,0.34870905891987924,0.47741460366417077,0.4027975271582012,0.5636635773500053,2.7226891298176144,15.794320082729042,5.34192135829709,19.564349046990344
0.5,P0050,K-NET,KiK-net,physical_spatial_hgb,station_aggregate,-1,20260711,1029,257,969,677,91400,97799,0.0031188096612297534,9.842354709022061e-11,9.826151003977657e-11,0.5427788724299688,0.6075389127790882,0.25443817201688634,0.20408273053062292,19.79083605541761,0.2059066641995462,0.15960114335187017,22.48859745637027,0.0015680432728861654,0.48089440899682057,0.5955918311528643,0.5253185587768692,0.6789692565155855,12.289663825313909,26.57125469338673,15.335830362864133,28.40774343044627
0.5,P0050,KiK-net,K-NET,physical_hgb,station_aggregate,-1,20260711,1029,257,652,1027,78722,112863,0.0011116935958847142,9.957806801352831e-11,9.97499582933159e-11,0.008995712671288545,0.05242518345761788,0.2368004037389493,0.29782304133861387,-25.76965099558547,0.18524874592764,0.2317200578397123,-25.08589824960243,-0.14901302390253843,-0.05025006276298398,0.06981439598256609,-0.032648972264987336,0.13492040047219042,-32.73092138603772,-19.77939595262684,-32.905613691836,-17.598369020674618
0.5,P0050,KiK-net,K-NET,physical_spatial_hgb,station_aggregate,-1,20260711,1029,257,652,1027,78722,112863,0.0011116777940264363,9.957806801352831e-11,9.97499582933159e-11,0.2776514873181457,0.3038898849933301,0.2368004037389493,0.24857292620740304,-4.971495944505167,0.18524874592764,0.19238422893198193,-3.851838763393898,-0.07635127652840605,0.2210958635453255,0.3316997019493859,0.23132341463388253,0.37043656086156146,-9.766448187022492,-0.2176968889024514,-9.91091006535531,2.2240871963582305
1.0,P0100,K-NET,KiK-net,physical_hgb,station_aggregate,-1,20260711,1029,257,969,677,91400,97799,0.0027204738592946044,9.829092921520566e-11,9.942369150195418e-11,0.4162190620803244,0.49336394855075144,0.21608571304355004,0.195514504063622,9.519930165758854,0.17164121439186494,0.14796430622017653,13.794418931127415,-0.03729992527466917,0.3460101114049363,0.4810477323423077,0.40774308741681237,0.5783923892207368,3.4488863738693283,15.991991011556715,6.700374848506253,20.395635101866386
1.0,P0100,K-NET,KiK-net,physical_spatial_hgb,station_aggregate,-1,20260711,1029,257,969,677,91400,97799,0.0027204560848014397,9.829092921520566e-11,9.942369150195418e-11,0.5747817039130217,0.6136671662239629,0.21608571304355004,0.17219653486205297,20.31100416743037,0.17164121439186494,0.13210528279208655,23.034054926642504,0.008654354253133644,0.5176297424941236,0.6238041918280021,0.5260874188622874,0.6882730597536005,12.19512645410867,27.501062428092343,15.839135314825802,29.556488751271026
1.0,P0100,KiK-net,K-NET,physical_hgb,station_aggregate,-1,20260711,1029,257,652,1027,78722,112863,0.0009658597751612697,9.968131875481845e-11,9.961798053126358e-11,0.10362780835386773,0.16333064504186348,0.2200841142057709,0.2527241149306483,-14.830693638505927,0.1690050400483736,0.19039896396078002,-12.658749056408563,-0.10538449144432567,0.04339732577642803,0.16287790128911672,0.08606504820927474,0.24525026795927296,-19.645600233619568,-9.971130279050705,-19.22785682987996,-6.0413793730419645
1.0,P0100,KiK-net,K-NET,physical_spatial_hgb,station_aggregate,-1,20260711,1029,257,652,1027,78722,112863,0.0009658532501033527,9.968131875481845e-11,9.961798053126358e-11,0.3600553024845123,0.3619145893299811,0.2200841142057709,0.22075675003806655,-0.3056267076444977,0.1690050400483736,0.16789509212563525,0.6567543325457408,-0.06818837592284455,0.30459101248945314,0.4126492748785835,0.28600947479661293,0.4322002095681543,-4.857905675486212,3.93853752107634,-4.692514482231396,5.675183957684779
2.0,P0200,K-NET,KiK-net,physical_hgb,station_aggregate,-1,20260711,1029,257,969,677,91400,97799,0.001698869008870218,9.881002960288043e-11,9.887424212706719e-11,0.4170216469700117,0.5089677408631688,0.19655190985200094,0.17401469806761027,11.46628989835849,0.15209728085975405,0.13217491593190722,13.098435958376436,-0.03326087468564908,0.3405741814164254,0.49340262882843827,0.41942737702670885,0.5922739577218205,5.468708205668651,17.61283727574748,5.527899294079218,19.659560328947858
2.0,P0200,K-NET,KiK-net,physical_spatial_hgb,station_aggregate,-1,20260711,1029,257,969,677,91400,97799,0.0016988552039147776,9.881002960288043e-11,9.887424212706719e-11,0.5671835256243773,0.5871224807046898,0.19655190985200094,0.16022762843453392,18.48075729450727,0.15209728085975405,0.12190805864984856,19.84862716759702,0.003634277706999444,0.5089177368645459,0.6247122210805587,0.4912970756660748,0.6747713150998796,10.784868028467315,26.022919177695922,12.644649128948256,26.358731250482258
2.0,P0200,KiK-net,K-NET,physical_hgb,station_aggregate,-1,20260711,1029,257,652,1027,78722,112863,0.0007630747175254324,9.914663534615897e-11,9.980327675407352e-11,0.22590482761609998,0.20063009321946576,0.18042995023900626,0.19432462398370143,-7.7008688004899435,0.13834169418346837,0.14629598582547612,-5.749742829850555,-0.06047613984024831,0.16746783351554675,0.28542568530477336,0.11027096601486801,0.2934429662657849,-12.87685141097503,-2.3003819602363587,-11.522304068664672,0.3853633539636737
2.0,P0200,KiK-net,K-NET,physical_spatial_hgb,station_aggregate,-1,20260711,1029,257,652,1027,78722,112863,0.0007630670451260638,9.914663534615897e-11,9.980327675407352e-11,0.4298558951247156,0.3707669099066728,0.18042995023900626,0.1763033248446723,2.287106652120476,0.13834169418346837,0.13342068857577205,3.557138458323412,-0.043297900827462876,0.3834672285146519,0.47780241268290075,0.2931843770040266,0.4484503552443626,-2.4410667326549715,7.096931349233276,-1.5754350324141524,8.76906935369883
3.0,P0300,K-NET,KiK-net,physical_hgb,station_aggregate,-1,20260711,1029,257,969,677,91400,97799,0.0014247698541461258,9.942466294710073e-11,9.920436694343948e-11,0.43884533818618804,0.5369756136909191,0.1745648818338554,0.15188069416469846,12.994702846788474,0.1368429864790584,0.11820574551548879,13.619434538153506,-0.034692117784648355,0.3636528174287091,0.5107580680511917,0.455606600183863,0.6129479559039692,7.760515195212027,18.22002435534484,7.460538974066436,19.90021785754937
3.0,P0300,K-NET,KiK-net,physical_spatial_hgb,station_aggregate,-1,20260711,1029,257,969,677,91400,97799,0.0014247525318301375,9.942466294710073e-11,9.920436694343948e-11,0.5983564792009137,0.6124970844217243,0.1745648818338554,0.13834089594313428,20.751015616759513,0.1368429864790584,0.10723987649409192,21.632902603668885,-0.0015304980372007428,0.5418008268434316,0.6508916116708542,0.522606264453019,0.6837351667955944,13.281230676154301,26.72605443640578,14.732004448558058,27.590457528649814
3.0,P0300,KiK-net,K-NET,physical_hgb,station_aggregate,-1,20260711,1029,257,652,1027,78722,112863,0.0007421132476557095,9.973111225747289e-11,9.982281667930692e-11,0.26951315429740214,0.19837609639358383,0.1596160100462724,0.17206182705353412,-7.797348777014095,0.12315623809873395,0.13084589887058407,-6.24382564014771,-0.05012866451790655,0.21351690643351323,0.3248925086378141,0.11480215136880326,0.28160802208813257,-13.357982729019998,-2.5253233015523455,-12.587219411762803,-0.28038299511813997
3.0,P0300,KiK-net,K-NET,physical_spatial_hgb,station_aggregate,-1,20260711,1029,257,652,1027,78722,112863,0.0007421044584293575,9.973111225747289e-11,9.982281667930692e-11,0.46198524162992854,0.40078218819223704,0.1596160100462724,0.15318736658333162,4.027568074829792,0.12315623809873395,0.11426825865916967,7.216832518413573,-0.036310979018987916,0.41574684685571694,0.5066503525110502,0.3262855190624857,0.47287882427834765,-0.7724624602832313,8.79901352682475,2.4311463217183555,12.092195843017365
5.0,P0500,K-NET,KiK-net,physical_hgb,station_aggregate,-1,20260711,1029,257,969,677,91400,97799,0.0011787461163466192,9.977263459859387e-11,9.992659477653376e-11,0.44742082247448983,0.5385182122183506,0.1450288042746941,0.13011082004831184,10.286221624034507,0.11630798975130562,0.10255756873810955,11.822421694844667,-0.039813973274729866,0.37632399191748656,0.5159631262821551,0.446002342928644,0.6186716803214248,3.700396268635362,16.752574975206517,4.09224621293892,18.965144459732677
5.0,P0500,K-NET,KiK-net,physical_spatial_hgb,station_aggregate,-1,20260711,1029,257,969,677,91400,97799,0.0011787256777563188,9.977263459859387e-11,9.992659477653376e-11,0.6423297297782212,0.6763204969998423,0.1450288042746941,0.10741222001600458,25.937319449618606,0.11630798975130562,0.08394233620801964,27.82754100770851,-0.004857741599916482,0.5869212531381571,0.6927859518312222,0.5955048119728529,0.7411108941211945,18.34891185224242,32.67947569280184,21.033297545760178,34.156891653503486
5.0,P0500,KiK-net,K-NET,physical_hgb,station_aggregate,-1,20260711,1029,257,652,1027,78722,112863,0.0004656117057366546,9.998699784796727e-11,9.955536395267472e-11,0.2993850019349097,0.25102591134328617,0.14154619670028618,0.14744129471207246,-4.164787291507892,0.11116860137591364,0.11521058973722312,-3.635908261219914,-0.04452120977787049,0.2438942455488381,0.355156331459359,0.16212113601486608,0.3395736366694505,-9.001223462923498,0.7666518356742106,-9.298535477195886,1.7152524980319022
5.0,P0500,KiK-net,K-NET,physical_spatial_hgb,station_aggregate,-1,20260711,1029,257,652,1027,78722,112863,0.0004656013651239456,9.998699784796727e-11,9.955536395267472e-11,0.5392397908822701,0.522780830931562,0.14154619670028618,0.12136657083398626,14.25656523221801,0.11116860137591364,0.09474389344235384,14.774592583044276,-0.009134563788091743,0.49166032070378096,0.5890334553886517,0.451749666416933,0.5887564243800723,9.565245432918164,18.724642917391723,9.51084428424769,19.488631197578563
