row_type,method,fold,n_stations,weighted_mae,weighted_rmse,zero_baseline_mae,zero_baseline_rmse,mean_baseline_mae,mean_baseline_rmse,mae_reduction_vs_zero_pct,rmse_reduction_vs_zero_pct,mae_reduction_vs_mean_pct,rmse_reduction_vs_mean_pct,median_nearest_train_distance_km,median_kth_train_distance_km,surface_correction_log10_p05,surface_correction_log10_p50,surface_correction_log10_p95,surface_multiplier_p05,surface_multiplier_p50,surface_multiplier_p95,idw_multiplier_p05,idw_multiplier_p50,idw_multiplier_p95,surface_local_idw_std_log10_median
fold_idw,idw,0,436,0.06471747108920783,0.09254477280253876,0.2383299662914283,0.2540787831071337,0.06473657863386297,0.09363724451476563,72.84543270145403,63.576347591559134,0.029515839512000302,1.1667063868529373,108.96270509456468,143.36988313921998,,,,,,,,,,
fold_site_space_hgb,site_space_hgb,0,436,0.039792266834033016,0.054096091971824745,0.2383299662914283,0.2540787831071337,0.06473657863386297,0.09363724451476563,83.30370810971573,78.70892984046809,38.53202057666647,42.22801807960683,108.96270509456468,143.36988313921998,,,,,,,,,,
fold_idw,idw,1,370,0.08190623135609378,0.10307224310835039,0.18653731022777675,0.20617812302250735,0.07637541379116643,0.09813735912306067,56.09123383623372,50.008157219910984,-7.241620425193745,-5.0285477715999685,133.17816596464164,204.2111770075903,,,,,,,,,,
fold_site_space_hgb,site_space_hgb,1,370,0.05305808936069554,0.0643716018130013,0.18653731022777675,0.20617812302250735,0.07637541379116643,0.09813735912306067,71.55631262404962,68.77864592550675,30.52988294666073,34.4066292508629,133.17816596464164,204.2111770075903,,,,,,,,,,
fold_idw,idw,2,325,0.0804770880076769,0.10312057244554264,0.22761648443434598,0.2475095012120163,0.07757392833584743,0.09984780473326862,64.64355900774407,58.33672164479468,-3.742442511433187,-3.2777563022209835,259.7051602131097,307.16500110547497,,,,,,,,,,
fold_site_space_hgb,site_space_hgb,2,325,0.05532834600120099,0.0655815059094895,0.22761648443434598,0.2475095012120163,0.07757392833584743,0.09984780473326862,75.69229393086422,73.50343902422054,28.67662217431705,34.31853000205404,259.7051602131097,307.16500110547497,,,,,,,,,,
fold_idw,idw,3,776,0.09052314138947977,0.11955838846861512,0.22377299401482237,0.24769315523738683,0.08576806475238014,0.11110843878737964,59.54688733195229,51.731250565227995,-5.5441109121768735,-7.60513762361971,133.86913374658056,175.31151703404197,,,,,,,,,,
fold_site_space_hgb,site_space_hgb,3,776,0.05049573561296577,0.07365555248809741,0.22377299401482237,0.24769315523738683,0.08576806475238014,0.11110843878737964,77.4343924586266,70.26338801429269,41.12524777287286,33.70840838737116,133.86913374658056,175.31151703404197,,,,,,,,,,
fold_idw,idw,4,354,0.06753103138000764,0.08153212149937016,0.19150444710737438,0.20505277955889328,0.06037113292400023,0.07558196107685228,64.73657275324591,60.23847046854915,-11.85980469344651,-7.872461018135944,184.70674801094475,219.99723173004577,,,,,,,,,,
fold_site_space_hgb,site_space_hgb,4,354,0.04953596865726985,0.057516614943309195,0.19150444710737438,0.20505277955889328,0.06037113292400023,0.07558196107685228,74.133254132999,71.95033636362396,17.94759140990531,23.90166367233328,184.70674801094475,219.99723173004577,,,,,,,,,,
overall_station_validation_idw,idw,-1,2261,0.08380362550421583,0.10891710420110562,0.20992952538054532,0.2318324456537563,0.07742139878333067,0.10052374463704407,60.08011481362492,53.01904188002475,-8.243491878448593,-8.349628830846905,144.56903158822703,191.1629116903193,,,,,,,,,,
overall_station_validation_site_space_hgb,site_space_hgb,-1,2261,0.051475989868264835,0.06783033501579482,0.20992952538054532,0.2318324456537563,0.07742139878333067,0.10052374463704407,75.47939491838852,70.74165575723599,33.51193510165829,32.52307177701515,144.56903158822703,191.1629116903193,,,,,,,,,,
mesh_group_all_meshes,,-1,10467,,,,,,,,,,,7.853069599435519,44.14487677678638,-0.2898423350123761,-0.18197516737458813,-0.0399424226163223,0.513047611222465,0.6576954428013133,0.9121317776560915,0.5130558052552402,0.6172286258987891,0.7473414879429734,0.07210750137325707
mesh_group_residual_tail,,-1,1743,,,,,,,,,,,8.57959188453115,50.88031858519418,-0.30803263142499526,-0.18617530612531788,-0.055361443300709606,0.4920025668764295,0.6513654126024361,0.8803160311589912,0.5089236851068636,0.6123192003664376,0.7462515246936826,0.07035273230809334
mesh_group_non_tail,,-1,8724,,,,,,,,,,,7.69820050268369,42.593338982081164,-0.27900881218671836,-0.18125558127964542,-0.03449814615257795,0.5260065931827002,0.6587860870829019,0.9236383227560481,0.5141451365933781,0.6176401220150807,0.7475204939579695,0.07249770159676686
mesh_group_northeast_hokkaido,,-1,2553,,,,,,,,,,,10.626563050692504,56.621296532811364,-0.3164776569029407,-0.19512379484490294,-0.08336333854534377,0.4825278039722468,0.6380815762831407,0.8253471604310144,0.4881090350400713,0.5866314273906253,0.6970969477273283,0.07743359040825513
mesh_group_outside_northeast_hokkaido,,-1,7914,,,,,,,,,,,7.249386089397628,40.890750029081744,-0.26973213152257636,-0.17892672127331163,-0.02393256314639075,0.5373631343645354,0.6623282492531706,0.9463848079126863,0.5254131278258346,0.6262156049137627,0.761417710588281,0.06996399899561531
mesh_group_d1400_1_3s_window,,-1,3553,,,,,,,,,,,8.154189836175078,47.70305637605745,-0.2708033029709574,-0.18272067418099824,-0.056055877399156885,0.5360393810219075,0.6565674159591015,0.8789094269012765,0.5209493345534606,0.6242940753317783,0.7529040359731902,0.07573956601431847
mesh_group_outside_d1400_1_3s_window,,-1,6914,,,,,,,,,,,7.72898129414072,42.865004862706655,-0.29393632481918736,-0.18162898499907074,-0.02542165584447059,0.5082339531010192,0.658219910297191,0.9431448440367778,0.5102951557541974,0.6134725732925599,0.7423611107576763,0.07050252545552296
