station,n_events,events,horizontal_pga_ratio_median,horizontal_rms_ratio_median,vertical_pga_ratio_median,spectral_ratio_0.2_0.5_hz_median,spectral_ratio_0.5_1_hz_median,spectral_ratio_1_2_hz_median,spectral_ratio_2_5_hz_median,spectral_ratio_5_10_hz_median,spectral_ratio_10_20_hz_median
ABSH01,1,2512082315,2.0968676520808467,2.45075053195408,2.5055113218010905,2.5762908680639613,2.5068369672448685,2.1924513887540362,1.3185456494887575,0.992434531341069,0.8218055954952805
ABSH02,1,2512082315,1.994036040860228,2.1170063702743267,2.6741315035095807,2.549937101838285,2.479283437145838,1.9755993737548811,0.9072690378545958,0.24432384302585924,0.6820798951103852
ABSH03,1,2512082315,1.9121214837670735,2.1123438512330024,2.453429952310196,2.5702901707237764,2.4030939253874246,1.9290130485564538,0.7200637382634406,0.2697104601789417,1.0432613749006245
ABSH04,1,2512082315,2.1831769810375152,2.305583936051144,2.3696389745871453,2.537696623185627,2.4270717945143856,2.038366121566334,1.11089423436277,1.0511629581680282,0.957634637756008
ABSH05,1,2512082315,2.0135700113533215,2.1357547193501722,2.417953033495826,2.592881095675862,2.516134196591886,2.1744417429447216,0.9133614164396515,0.3740272465595677,0.5049132362264039
ABSH06,1,2512082315,1.5680754483222181,1.662977117836701,2.1038394141769,2.395490985026954,2.0230885736310764,1.0992951012779635,1.0729452932472894,1.4669572522131813,2.2201365955767605
ABSH07,1,2512082315,1.0434798689850644,1.2407738976254408,1.8834248122725537,2.4097989413318075,1.9501781692181366,0.8910256568050995,0.4240270113044024,0.2617994090552686,0.8542065092632318
ABSH09,1,2512082315,0.5270959454556636,0.899994753863732,1.389587614198045,2.5482237043728793,1.4416321778641494,1.1872255565132013,0.9269344399745467,0.20258495340285593,1.0188225139589169
ABSH11,1,2512082315,1.6016700304848652,1.4917100287685285,1.7293626072242891,2.0947469798314025,1.3373741214062267,1.369346415746874,0.7550752895640016,0.4237309177113426,1.8543841575175555
ABSH13,1,2512082315,1.118758054893112,1.1345880618552473,1.1236833979247909,1.8888311536345055,1.5396593107662369,0.8453640936106507,0.8921025534034145,1.0545112199283695,1.2862300733403234
ABSH14,1,2512082315,1.2993728318587792,1.512097461649242,2.111174831827393,2.465567305389448,1.9787539511104386,0.8793196516136936,0.6313549563389454,0.4182109540215143,0.49320651562530093
ABSH15,1,2512082315,1.308351569134871,1.4468753393261953,1.511529776395675,2.5577093514156406,2.1807765349335524,1.3646771240383102,1.0226195032722671,0.8464502911833566,0.5814375180973146
AICH09,1,2512082315,1.0071882910381422,0.8018252322585292,1.9352319820400097,1.442468187151364,0.35022384737172196,0.3176644640638021,0.6104505910467949,3.6240411561271495,4.439043224935
AICH11,1,2601061018,1.9407597085080515,1.2347213017192085,1.4987374600379852,1.0239970548090735,1.05978101672762,1.1033172357741994,1.5403849133915446,3.457312766166046,3.986790851874183
AICH12,1,2512082315,1.2703742514786536,1.1123915999480571,2.650075637171243,2.2641641621513338,1.5581862494018814,0.14770581784770442,0.2695937514362824,1.1609859196067234,1.7774459858810958
AICH13,1,2512082315,0.42392734445274693,0.4384430596481584,1.054090409334427,0.359658373398141,0.21645479569336096,0.2533850157104791,0.207356649038904,0.15665620536051256,0.1564283498518919
AICH15,2,"2512082315,2601061018",3.6844563599025104,2.742724639738615,2.1399416255910513,1.8398771698457006,1.7722351626914532,1.7189559240380499,1.8488192517363868,7.949024504055837,3.2821385923941007
AICH16,2,"2512082315,2601061018",2.51979608166082,2.614430662373409,2.0658977863299266,1.8019974320884473,1.7353078670342938,1.570912522918884,2.3742498640263743,3.465395440771816,8.592312098819113
AICH18,2,"2512082315,2601061018",2.119896092448343,2.0151496244437133,1.5844448334936863,1.4924366238831581,1.4552134489315356,1.448256287484284,2.1314676593734583,7.184416381841083,7.320240035014859
AICH19,2,"2512082315,2601061018",1.9816800983403458,1.9220792790038237,1.9002648171919516,1.8239076132401961,1.7970152588359363,1.7423014029499186,1.839182581658757,4.566219655084998,3.4322401154993405
AICH23,2,"2512082315,2601061018",2.869995456999591,2.8117692189015155,2.517305985121869,2.3608482162595847,2.2628756925923037,3.7787923049832424,4.666372644241048,3.0054761176326945,4.2354626958799635
AKTH03,1,2512082315,2.0775819814456438,1.775136877589191,1.9698667303188844,2.4239187098300783,1.8040833272069885,0.8190077499329258,0.8206128874590887,1.0648125395352335,1.0417068969110157
AKTH04,1,2512082315,0.5193351904922916,0.4684463040538505,1.07945217447485,2.5885242754319586,2.3377511952340466,1.666622039065449,0.26244565943544207,0.40027546008285764,0.37638847059710123
AKTH05,1,2512082315,1.2686597529893502,1.1760070578331492,1.7584467485451303,2.5401803534598586,2.2691053107711503,1.6768352149611718,0.8464314390971073,0.2012755623380178,0.5654108251922658
AKTH06,1,2512082315,1.0449289402521211,1.2725890308790566,1.6586644720977146,1.9755268727632305,1.8009782241833716,1.3097881695417568,0.5835919928689777,0.5420749947352989,0.6936627288776276
AKTH07,1,2512082315,0.8933475369860483,0.7327327698174331,0.7017675687872023,1.6617654975469813,0.9472264975219473,0.5758991578532738,0.6583089906422369,0.7282908087198807,1.4473394035286122
AKTH08,1,2512082315,1.0308314424057943,1.3106640727775853,1.9181962640817403,2.4469529396833476,1.7472066526085048,0.961653688316402,0.8629927257603596,0.23049394933920986,0.49997721350130186
AKTH09,1,2512082315,1.0717229114942461,1.2078550561964931,1.5850862046045355,2.5271068899897386,2.004107883631937,0.894729935351628,0.5889064045682031,0.9001595663698538,1.3458922609159616
AKTH12,1,2512082315,1.5262162290441246,1.4499215776737735,2.2959007940036313,2.497276441357708,2.22104689435516,1.4163111055871653,0.8444473659020184,0.3898001443686088,1.7164637066957953
AKTH13,1,2512082315,0.41303820601621694,0.41890535404482276,0.7480971573885155,2.5869108413460404,2.491404413899036,2.107644065281773,0.9788784589932702,0.12529855222153963,1.0568614879571854
AKTH14,1,2512082315,0.3667799731503032,0.3496971928917749,0.692490390244181,2.503154841543803,2.119879957021213,1.0860557869014182,0.30902406097926927,0.22738037597495117,0.3646192064336831
AKTH16,1,2512082315,1.4201246827283345,1.4792534619867443,1.7648467553561864,2.366408420570275,1.419589930768707,1.181957992372202,0.9238859181624747,0.442137379009393,1.4425718720222733
AKTH17,1,2512082315,0.5624726876922074,0.707415288665418,0.9830225819685401,1.6604862673001533,0.7644443781127628,0.6980369721189509,0.49004839090898866,0.26910248017620086,0.7578360164907043
AKTH18,1,2512082315,1.3293141301608231,1.4404067240985243,1.5727223326961046,2.4730736816097716,1.9184286411221079,1.1562341390963609,1.0960187025820123,0.9421709110705542,1.2670293938984485
AKTH19,1,2512082315,0.5644594669846177,0.8120891063679323,1.4233450461896273,1.7874788589732085,1.352786437769359,0.6882002294207621,0.35264391428164144,0.3529164885303604,0.9657588708130043
AOMH01,1,2512082315,0.5573122195841187,0.844005709717717,1.3481836264896805,2.4761350555354706,2.0136012624536295,1.1061381565919919,0.7154263981102864,0.538648198496127,2.00161537228652
AOMH06,1,2512082315,0.8790559428081783,0.7709339667350193,1.0079955417580848,2.433281740208006,1.950765177831634,0.9167613051953682,0.7193647501061008,0.3532145595111075,1.0431344895183539
AOMH07,1,2512082315,0.8976234899383555,1.0594381878475974,1.2628186207938918,1.9079187058158908,1.6779486238347863,0.826704501752674,0.756129023326013,0.4973473035917243,0.8341597890151994
AOMH09,1,2512082315,1.0486538359445965,0.7298536968189104,1.2675476956931235,2.5673995092515636,1.938589762594127,0.4117166766121303,0.33355511022119766,0.7278438487196547,1.8684219077697897
AOMH10,1,2512082315,0.970545232375139,1.203562724733178,1.3391299022157956,1.8188139874649953,1.50364670734122,0.8019988342469343,0.9400757407017543,1.5344175147068746,2.028637560012575
AOMH11,1,2512082315,0.865029583302489,0.721234897785578,0.6561783511511865,2.4785101787289716,2.093345054229273,1.4340502308038316,1.091811482205559,0.5051636947616629,0.8629617777712064
AOMH12,1,2512082315,0.7277304710432484,0.89876884675321,0.7987871730791449,2.3854052243268873,1.6806316376691424,1.142866082632486,0.9312164187038394,0.42828369293814683,1.2064485092573947
AOMH13,1,2512082315,1.2286874357339475,0.9190823243057736,1.1251257927760365,1.5807781360780457,0.698293297868742,0.8348347254385109,0.8551230701586503,1.130561626203591,4.183520535615662
AOMH16,1,2512082315,0.5444301682949366,0.4750744302299463,0.5813124207714352,2.1936633744696454,0.7980204212911515,0.47156098334124796,0.37466274676185685,0.46591740635276546,1.7701288618692759
AOMH18,1,2512082315,0.30929951679225465,0.4282567003559598,0.689064510479722,2.557306789749851,2.327030048911392,1.7471631900282572,0.47113788735572937,0.1903638501289533,0.8002046463501722
CHBH06,1,2512082315,0.8671511592248318,0.9779906969868886,1.2690582678969153,1.6893023135561815,0.92584023044377,0.9237552222627824,0.3550032023950591,0.3264171585738958,0.6824512455578686
CHBH10,1,2512082315,0.9900840440779184,0.8683125102280645,1.5960346363450353,0.9756699282143594,0.9050863723758793,0.7169906216759385,0.6279091964262459,0.5337845869038441,0.7009396275897111
CHBH11,2,"2512082315,2601061018",1.5850870852527792,1.425486324438864,1.8043522657256648,1.597071541129066,2.1309414414477077,2.137961220690724,3.0714996038061546,4.943058563436226,4.739461468366317
CHBH13,1,2512082315,0.35968211330186184,0.27844790711568684,0.5419902202856838,0.3354382110799289,0.44638377506169385,0.2532787429929474,0.2227674605436475,0.30854034056939933,0.6834057154149422
CHBH14,1,2512082315,0.4438982889559556,0.5664989276143617,0.833590548587056,1.7161809118287197,0.4234320485348473,0.5258279669253856,0.43339394191057923,0.3659016720532366,0.3231515366374479
CHBH15,1,2512082315,1.4268498660271947,1.5199174227219518,1.3913923868529288,1.6835579770495057,1.1012620223786262,1.1856340950947513,1.2615264222752267,1.314929718338884,3.760168761249504
CHBH16,1,2512082315,0.1701405535941312,0.20356537745864461,0.21391213154566893,0.32376118844064317,0.16099724739438714,0.12709760035540496,0.10785527352129544,0.18045507603660713,1.1361643281366245
CHBH17,1,2512082315,1.5052602650503217,1.3642634334453354,1.4108153471008027,1.1552021388749194,1.3938068763145837,1.276678053446716,1.0611858465929245,0.5668868981469494,0.3596054277962234
CHBH19,1,2512082315,0.3200242293603736,0.3570417941753808,0.9665780904513184,0.6362618913826188,0.4660499151927017,0.2802196336115586,0.38627314145963715,0.42717663982723203,0.5490194861656513
CHBH20,1,2512082315,2.0426437662708965,1.8966826882537748,2.678852163244801,2.3044315278661935,1.4060419565641145,1.8052407373250858,4.997330514556766,3.7420763059672577,2.8650626469226195
EHMH02,1,2601061018,3.6309967966739802,3.353925981240858,1.5475550231428215,1.0206118665387196,1.0887030802163384,1.1660071828457381,1.8264830673043304,7.411411403498706,10.085231648999613
EHMH03,1,2601061018,1.2825311775808805,1.7274904181052109,1.2234464971766317,1.0060758091759996,1.0607778748753258,1.1601394148760242,2.0022463583909547,4.480629005178581,6.291331766271674
EHMH05,1,2601061018,1.9123374193745042,1.7967586455093734,1.6116585359040887,1.037293222170965,1.0838940338043779,1.3199090554915989,2.4882735030681555,8.529366643538316,6.520136783876696
EHMH06,1,2601061018,1.2813447417187844,1.3572605460077114,1.187535777712268,1.007961495019909,1.107506922389432,1.398145020683798,2.5654378263070052,3.820088953942575,9.480215736816547
EHMH07,1,2601061018,1.5556973930217073,1.2784442951438544,1.2106218221177742,1.0386440431155193,1.0975869824813698,1.4217634679705793,1.6671481233737822,2.704440913569906,8.792739056710637
EHMH09,1,2601061018,8.74756080649077,9.496618747449986,2.962305261827063,1.09458037831191,1.5022567620772798,12.821775907041046,6.145290850688703,4.862830314032356,2.642982355389201
EHMH10,1,2601061018,5.743348303411666,5.105074179937966,4.000762135180985,0.9927797209970185,1.0653763664212101,1.3224017784681759,6.028303996155626,11.616694921094181,5.571573445393651
EHMH11,1,2601061018,2.4501669914899886,2.1405177096438313,1.1513542381297748,1.0099650166034093,1.0393797619895815,1.206056501895701,2.0677488646424154,11.92837713572085,5.377894493132466
EHMH12,1,2601061018,2.4709117560187996,2.8214840753216883,1.066397330454561,1.0169829497436012,1.1230739580486313,1.582253930161025,6.570456461440538,5.741045232032562,3.899359792738218
FKIH01,1,2601061018,5.361374537734909,3.3836885859479504,1.2804248378195413,1.0514236587182364,1.0880155736341925,1.3419942500140385,6.507620429511386,10.020501375358652,3.398333654398951
FKIH02,1,2601061018,7.544917210480559,4.99057567813257,2.858649034155399,0.9913243385789877,1.0946745357092706,1.6085888861663147,9.254772729906993,11.891273464210798,4.574838755854307
FKIH04,1,2601061018,7.225541226290114,9.123474902631612,4.887689387369405,1.2083663415872723,2.6403940688597465,15.58606758920764,11.32560699423037,7.869973453734823,1.083978154549626
FKIH05,1,2601061018,10.943050321257951,11.988413191826222,3.0264077225127033,1.2290504548766539,3.133404218891174,16.166347365437186,15.485210622906607,3.703504278341184,1.6284670050903878
FKIH07,1,2601061018,7.874691135951057,6.107751132960329,3.9188378887254585,1.0310990890871898,1.1331081848519424,1.6124408959457623,11.13978952766517,11.510280688191063,7.575655868772716
FKOH01,1,2601061018,1.893882804554913,1.7103086002011232,1.0891229258828377,0.998418174715794,1.0474123709400107,1.3241795180820053,3.2154473725813757,8.777454841843266,5.4595112427138215
FKOH03,1,2601061018,1.3811171234984037,1.198954827961318,1.1018189766827524,1.0302279995594317,1.0528349869089624,1.1684674404700308,1.854927640694655,5.157752863348241,9.388535780513177
FKOH04,1,2601061018,1.51984639732348,1.4117033567093695,1.027413293016666,1.0250721580880553,1.092824493685252,1.3946844521876898,5.013121669067372,12.812004573949945,3.8220492301300997
FKOH07,1,2601061018,4.717286198560104,5.69166307121045,5.656709602446831,3.0852727176195316,6.2448044906623075,6.086808248968391,6.469126088161451,8.807210414484793,6.952106676710392
FKOH10,1,2601061018,1.365911157563934,1.3634195490881995,1.2200712837369148,1.0590745289881474,1.306293099217382,1.6357531484470773,1.6355509577834584,1.2613238889684448,1.069857943446049
FKSH02,1,2512082315,1.7022173846173583,1.8532955999239942,2.41057622501288,2.5529195428778193,2.2979469795655265,1.4442085448709754,1.14463310057091,0.9313077866923388,0.9691227642396727
FKSH05,1,2512082315,1.5319305389846722,1.6954016229285438,2.352678673844864,2.52648951514944,2.3153388197170353,1.809293883878184,0.7432553854628006,0.6333521707146694,0.8148829366608853
FKSH06,1,2512082315,2.0904641873270786,2.240136395410834,2.3415236900288874,2.521676792559561,2.35064714618468,1.8786405804870763,0.9918454003555015,0.39078265241292154,0.41270648054194237
FKSH08,1,2512082315,1.437252064018539,1.7130637254426753,2.425206391475945,2.5015812208702943,2.28058007969872,1.7734355156604962,0.666339495574303,0.4675261576632589,0.5360426056062831
FKSH09,1,2512082315,1.2706034491538147,1.2673322643289688,2.2837693136100157,2.6340925865658513,2.547852012093492,2.1775063962426646,1.0648309256785076,0.7097808178153927,0.29743016431207414
FKSH10,1,2512082315,0.9621682839643978,0.95739006780483,1.3750412435283341,2.3184656158497727,1.610612410011433,1.0914195349002913,0.8501910485562152,0.17096980958313737,0.7642827606512623
FKSH11,1,2512082315,1.0829406787008147,0.9824922221582038,1.380740911893123,2.3658150857931313,1.5969901648212388,0.5598970096660904,0.9547347817559136,0.5968853490765,0.9844024139070824
FKSH12,1,2512082315,0.3612951017639411,0.3220826354675082,1.1409353419336241,2.0399602203560026,1.96687488515964,1.5531139435508754,0.2544656140070469,0.14093492787518735,0.4383672321236526
FKSH14,1,2512082315,0.5129973873663312,0.6324873023494422,0.8674972223542192,2.321401974442511,1.1560242086074992,0.4815588548363221,0.388383068521299,0.39245179217480686,0.5573737244468915
FKSH16,1,2512082315,0.7799828102756321,0.6925568287508094,1.3985955332567193,1.4098990902009938,0.555876586205426,0.7132608579748227,0.6616544719827556,0.6405256739013004,0.39114678404082975
FKSH17,1,2512082315,0.6834092996261792,0.794773613693378,1.9119888564442389,2.561897191235322,2.4154480491333907,1.8922623028134935,0.3509838591433737,0.3804152025852567,0.5156833379421897
FKSH18,1,2512082315,0.3718045674280621,0.3927404289257512,1.1912199001224288,1.9520591419264235,1.7069760471943964,1.0115946568353542,0.18852837173827847,0.17321654023333086,0.37424415151459633
FKSH19,1,2512082315,0.4670664493795181,0.387755612641062,1.27638711718414,2.6428252840636914,2.444574587935022,1.6335159564040627,0.2624845839217732,0.19035490712274136,0.3212830247211017
GIFH03,2,"2512082315,2601061018",2.153181456221199,1.992944491604872,2.0056213842295367,1.800075253213399,1.731383500703499,1.652604066638705,1.8682934290154511,3.2051921419998908,3.3988685431043817
GIFH06,1,2601061018,2.2969186960168924,1.6437637951933886,1.8703595395401889,1.064241560722765,1.284676366849887,2.127102432831034,4.040048700967361,4.68592194609964,2.981084231411491
GIFH07,1,2601061018,1.9116769472327118,1.3444646436255363,1.244793863836477,0.9857231697737896,1.0640574532403326,1.3421137495743432,2.1250728050323593,4.979282177867961,3.7514329167909803
GIFH15,1,2601061018,6.816887149687932,3.6328335636771385,3.3077378889910762,1.091315623270951,1.4190972750093147,5.469282150951926,7.631437981485918,7.10434036589446,6.046740408220369
GIFH16,2,"2512082315,2601061018",1.95588834249571,1.8795762411805361,1.8155452834026058,1.7884292924205503,1.7581400711731063,1.719905405634606,2.2559172066069513,4.037372855442113,2.0895166367620885
GIFH19,2,"2512082315,2601061018",1.8609530002675592,1.8551789414374285,1.8781904852973406,1.8161453770184726,1.772034439091783,1.6789882525231314,2.0608824745956076,2.1920453139365192,3.062683940331997
GIFH21,2,"2512082315,2601061018",1.692121347295378,1.7664507421441589,2.03794312945484,1.470995033475492,1.4434026011193086,1.4774675472546814,1.7453132841703392,3.7828278832631757,25.627187899084653
GIFH23,1,2601061018,1.9880448422866994,1.5636931363951616,1.173052998311998,1.0389701758709604,1.115415747269195,1.2625427844351544,3.0767974821560085,7.609147869835195,6.865138104528052
GIFH24,1,2601061018,1.2752451808027123,1.0999216144038293,1.0006196074062117,1.0235068823527114,1.0503208684542318,1.099780263546815,1.4692299483793012,2.8741388757739084,8.099623070693163
GIFH26,1,2512082315,1.2515258473396549,1.7517953718189194,2.1520773640522366,2.5636698015753847,2.2949069827134716,1.404002798804878,0.29536317413727176,0.2569148118722762,0.056354237325051584
GIFH28,1,2512082315,0.48764458612310635,0.5275542661311131,0.8548968967420901,0.9799861353456504,0.31765655242812313,0.3769162247288089,0.5270140075902631,0.2858640660960369,0.09798453648867597
GNMH08,1,2512082315,1.4602111679412864,1.344626947686173,2.1501339787362825,2.0209226762984938,0.9458354417637506,0.9001936693820047,0.551597286452404,0.2112198308831738,0.45048246262020586
GNMH11,1,2512082315,1.4258184057687153,1.633410630112913,1.5418866534426108,1.866472487888736,1.4503302992266136,0.7067810425368681,0.7394740680626497,0.6517381414972159,0.45779599951715566
GNMH13,1,2512082315,1.3772235303159128,1.0861706895642458,1.9275957240920958,2.405362607426394,2.055593126337229,0.9822676777055157,0.19353433995770356,0.1564612820530221,0.5821018176720774
GNMH14,1,2512082315,2.007945340020614,1.8317684147368325,1.9927797165501246,2.5153307237181464,2.2748547129632897,1.9108330788442291,1.2715079381984422,0.8432517169402578,0.34420779147263825
HDKH01,1,2512082315,0.8903125397126327,1.2250321925216616,2.2146541087508016,2.590181299632567,2.3899137884038044,1.6891850437899998,0.5681639773708747,0.2799500993020712,0.7890609453126476
HDKH03,1,2512082315,0.40603491110726775,0.6276320260341217,1.568026660654113,2.433523666905408,2.18923273870724,1.4976332017283966,0.2881283550270404,0.17674004823832462,0.8148812982693533
HDKH04,1,2512082315,0.8244446752687866,0.7949868947798325,1.2011150139507936,2.134155071486961,0.8949117570905416,0.5522809371559321,0.8807024771960834,0.5531343805127087,1.0076134899093536
HDKH05,1,2512082315,1.1826154832530595,1.122734980934763,1.8501356582889115,1.9435754256420572,1.9082028285004737,1.561039304595748,0.5278261949986088,0.37539906722378974,0.6942823169210544
HDKH06,1,2512082315,0.44801386773030194,0.5176703546813388,0.836837326755886,2.393089748057943,1.6837282068224775,0.37151875252391797,0.5440972533269767,0.4554779777024991,0.8696421104893935
HDKH07,1,2512082315,0.83000984386131,0.9552864230902861,2.161202017734023,2.487905358899621,2.097008419337332,1.022867290841178,0.5720351340128367,0.5895557010981438,1.1216284587994891
HRSH01,1,2601061018,6.027134181389586,5.879197418579436,3.801482105752198,1.065961137045947,1.145661596123701,1.5992116051184766,3.478089429331463,8.0626034585485,7.2163987527363584
HRSH03,1,2601061018,12.057227473830004,19.417471227070763,15.319608394077749,1.0757390293258156,1.147908365137754,1.4710221700770765,4.602816621282823,35.67826766939326,19.122933409373978
HRSH04,1,2601061018,2.270787021223219,1.9578991223510929,1.7590436863506802,1.0670230266470029,1.1601696391436112,1.5764519168507012,2.3416527795694746,2.798182196531384,2.281918210970846
HRSH05,1,2601061018,6.513178995503426,7.557077276211288,2.9218538589027783,1.7348855664318694,1.9118756401034938,3.367520780415489,12.493210403948307,9.119757454251845,5.463392543275948
HRSH07,1,2601061018,6.691561909805979,4.924746850164203,3.699845867769449,1.1094580919794976,1.201349975917429,2.1016457702233518,5.243362016589096,5.146502010152371,5.514661571590013
HRSH09,1,2601061018,3.517728235951901,3.0611967590957194,2.340532799204657,1.055390116877604,1.0766956610897322,1.1797539944065947,1.7458203175112996,2.8724442672348136,4.024012199023829
HRSH11,1,2601061018,4.4033071453043044,4.919119926809777,3.4697904942542666,1.0336132606256874,1.0724693662087574,1.1877222165339147,2.505470642409055,8.811103230668259,7.37570784536219
HRSH14,1,2601061018,4.420748330506814,3.4809739838643066,2.1847237367105836,,,,,,
HRSH15,1,2601061018,3.0387613042767136,2.579116940351545,1.2585223341053215,1.0775198369989205,1.1149005075086684,1.366064926080495,2.8642348536534605,5.753588076459494,5.287660716284275
HRSH16,1,2601061018,10.81488842512514,8.494108065779509,2.3064296776087274,1.0605036399482508,1.0994502611777757,1.2160817632214551,3.6770440544909464,8.898646621345293,5.452336982616872
HRSH17,1,2601061018,3.2607273583633924,3.3124118428011506,1.083735875728893,1.0227033386183588,1.0311754174189187,1.1818444640656356,1.8088883750518434,4.266020698356337,9.843027620809803
HRSH18,1,2601061018,9.200369973140846,7.716645239390565,4.395206416260385,1.0474377152837628,1.1020493376593743,1.3143910555986191,5.242448148692977,12.236661589692133,7.274946562805782
HYGH02,1,2601061018,2.607653626582252,2.261696697200561,1.409351814354971,1.0267124137441552,1.0837001041940661,1.2764429149027874,2.2150986286549967,2.8221207680002593,3.034953037386616
HYGH03,1,2601061018,9.311428895671916,7.637869408265404,3.2550872441154963,1.0417751463355711,1.0728667108316188,1.156274537050464,1.5392357654723052,7.642524086868711,10.71318875982338
HYGH04,1,2601061018,5.982263614237549,5.611661823932408,1.803916959699817,1.0595513871754687,1.0822951111945662,1.227889378302775,2.136184659296565,10.779319021763332,4.735432567201552
HYGH06,1,2601061018,5.440006788710863,5.873257535952006,4.622705205890495,1.0878476866479483,1.1604576961709192,1.3769026652483514,2.1691656528684278,6.39416411109926,8.38171039734987
HYGH07,1,2601061018,4.073747565506709,4.090623643217278,1.9730623422874112,1.055607689126591,1.071857864016946,1.1418256399706614,1.546332938425329,3.756272701842116,6.608668009046514
HYGH08,1,2601061018,3.8289819816765953,3.948972238355545,1.7029092550801788,1.063389077887802,1.1446731991717867,1.4288933180779138,4.703968590652478,5.2730486060210655,3.9914960035587184
HYGH09,1,2601061018,6.487172758455817,3.837150683063762,4.027724762908087,1.0857118392867897,1.263324921014932,2.060559417986619,6.670506162187326,5.022583181343206,3.3543750673887005
HYGH10,1,2601061018,3.51358237527476,5.104353122777304,2.6081799116357365,1.1607984227776844,1.8476335745515788,10.01492678897044,5.8003587577460864,3.711695139672593,2.179432898722185
HYGH12,1,2601061018,3.3013075116927206,3.552671006488392,1.5474204212811602,1.0345634843315863,1.0556487055363948,1.1578199199734789,2.129502784425658,5.472527029557624,5.154791383389187
HYGH13,1,2601061018,11.547971739650253,8.747194728721468,4.176633044721127,1.0616823271133153,1.2063441137654536,1.8789399993332334,11.794917741619585,10.651635401488186,4.192897393559319
HYGH15,1,2601061018,2.2453727159824632,3.3253072230580765,1.20781163793947,1.1228491837892665,1.159703963544827,1.4781348141522903,2.095882038749272,5.1747833371761836,4.89659144536271
HYMH01,1,2512082315,0.46562272072317556,0.6369666846351756,0.893250334318607,1.2593876086067404,0.9994800058789806,0.6386324472256237,0.5271663726189588,0.2750918015351609,0.8084887993092433
HYMH02,1,2512082315,1.3562617506929404,1.0728345841409785,1.2981862358584855,2.45181105605412,2.1245159502825524,1.1861288695895225,0.7824804611369339,0.8734321718864364,0.9504199617412048
IBRH06,1,2512082315,0.6510919772145507,0.6092793257303019,1.3344958509862037,1.99974368806102,1.9522522731375234,1.6905887792625258,0.5394334706575432,0.11811914117821276,0.1997892992814178
IBRH07,1,2512082315,0.0429710332237542,0.03197295863754084,0.18194136573707614,0.07391079728173884,0.0222831886557837,0.03562867267727644,0.15223430316108802,0.2190881679698321,0.44686913719211796
IBRH08,1,2512082315,0.1830894346122003,0.18504315571173852,0.24182407713930926,0.1990738209839504,0.16568675523854023,0.2528277486927325,0.15133008465091158,0.08737213057342577,0.1217506049938091
IBRH09,1,2512082315,0.7532314175681536,0.526237271965443,1.1838666621603398,2.4635839458217474,2.369454373049359,2.008253749828169,0.7981951020023791,0.145989366343086,0.23647830871470515
IBRH11,1,2512082315,0.3906802725493267,0.34787846764941727,1.3281422078552185,2.5081172179984144,2.188706570793887,1.2289612997186303,0.2065168092771154,0.19782091945419905,0.4442630346778257
IBRH13,1,2512082315,0.4260742376916363,0.42755948610683936,0.8328719060447816,1.9628536138954746,1.8568286593806547,1.2042709506329736,0.2176628457424759,0.1761515758996201,0.18467836598000853
IBRH15,1,2512082315,0.8967430174226035,0.8885265318727287,2.3784350137141295,2.588278069590211,2.4514897868997707,1.8892204068902902,0.6850635868524874,0.26863339237557227,0.47579790991282017
IBRH16,1,2512082315,0.6725128714389826,0.7080027105059026,1.3443928623973895,2.3044005271832653,1.816115477432547,0.8164182400212346,0.6572353910130729,0.18017526571324957,0.37006991291171026
IBRH19,1,2512082315,1.7601630339607794,1.3356956747676465,1.3990026020475859,1.8979117358722883,1.8221268110832098,1.4267386751615758,0.6310372738945496,0.8405939685828723,1.0397761235511984
IBRH20,1,2512082315,0.8187506641839692,0.6291478189457893,0.8435274681489322,0.6614447023846707,0.49198133822478546,0.7638300444665327,0.6281302726679586,0.5496406611310048,0.8398747089341574
IBUH01,1,2512082315,0.4470406251247956,0.5290874759605092,1.0556744055396243,2.4899969207918566,2.052449055911617,0.8748723842288613,0.34730534818334224,0.23498063811162517,0.8749385930814053
IBUH02,1,2512082315,0.9995076501140779,1.2321103052454776,1.921394208357261,1.9723770139359855,1.8395446220401626,1.4180079426066126,0.6675092708641337,0.3823391616901265,0.38163260739928884
IBUH04,1,2512082315,0.1525747042781037,0.19633237258164293,0.6838535764127581,1.871575666420482,1.6935266064098362,1.0986245573657107,0.1203693659911669,0.14978852291726386,0.5889007345804782
IBUH05,1,2512082315,1.3379745642640837,1.4986672124268787,1.2592941350762303,2.0974274046519286,1.2780050443022613,1.8530774377004886,1.2790759826717828,1.2206089623676166,0.728989655826431
IBUH07,1,2512082315,0.6792195777730928,0.5863345695561731,0.9926526019498986,2.263428612505566,1.282625148725288,0.34425392305357494,0.5837605074989651,0.7120573425512633,1.1136840156417254
IKRH01,1,2512082315,0.6682918329621073,0.7618624768354152,1.170692206542557,1.6876036728149355,1.0496477533570991,0.676156971055802,0.5063752144230145,0.5773273787491224,0.4014222969305814
IKRH02,1,2512082315,0.34008120397803765,0.4439799173776159,0.6175730820166518,0.8059778537506892,0.41351129304882994,0.35510753998795574,0.3505022877669452,0.8244433839720272,1.5982974618086319
IKRH03,1,2512082315,1.460418382279727,1.227535574687977,1.1950568739631802,1.2080680450851515,1.1891392819206574,1.3772851890865008,1.1455589859700526,1.4391575002712398,3.484703820591239
ISKH02,1,2512082315,1.4191604870755439,1.4085373615921017,1.4591782170852323,1.9598299712646243,1.730940073736232,0.9788448211212832,0.8826107904035301,1.8120377163225008,1.2777904851843278
ISKH03,1,2512082315,1.3171850584568978,1.6059990693894708,2.1121713356941427,2.4858023711644375,2.026592177081546,1.4188337997518983,0.6673548612066985,0.37217243953571455,1.1812200048054922
ISKH04,1,2512082315,0.7466591203984186,0.8081012109883744,1.35163438600593,1.8111698832583254,1.1580402000191579,0.5024528943452093,0.4894049501708386,0.6734080140924987,0.6412317684114077
ISKH06,1,2512082315,0.4418880446302666,0.5083388280323059,0.78204655097102,1.374344984486239,0.37904654179186614,0.4891843983865641,0.8687491859368281,1.0440673652641252,1.1446161598969613
ISKH08,1,2512082315,1.3012110396277377,1.2757195235097725,1.6509324039494886,1.940340730350932,1.6820036372605751,0.9291933681082698,0.42008239027600053,0.3776134176510785,0.6436724142486547
ISKH09,1,2601061018,1.6651601270542478,2.0055545186404973,1.9758767050083423,1.0660980298174598,1.1806776700594521,1.6186401012487894,3.1124763657851195,6.205324575973465,6.897955922242263
IWTH01,1,2512082315,0.3745647037407602,0.2774787889646961,0.6553012195658131,2.226350765486017,1.6194513272557693,0.7569425394083065,0.18562473262271956,0.19487151005782663,0.1953914791352307
IWTH02,1,2512082315,0.12806037824516425,0.14250388750998386,1.0685642085890126,2.5506443310463327,2.392352449507821,1.9985893836165298,0.41604011526108414,0.14646941989848777,0.4732100778221887
IWTH03,1,2512082315,0.4887175640241483,0.5224657799697805,1.0843473846889045,2.645346585646319,2.5709234230877107,2.4620236492146708,1.547245743113026,0.3749628155980057,0.38888746621269615
IWTH04,1,2512082315,0.34699330310836446,0.3956358290675314,1.0292481226687729,2.5592284140241497,2.3367370778891425,1.6637741591608377,0.38197158935383974,0.3648970894503812,0.39843833323096134
IWTH05,1,2512082315,0.7455637416314057,0.8388521627236254,1.086720876946698,2.560935158333912,2.4257599055444254,2.060405199972123,0.5438371592123878,0.39300740776965054,0.30791152462960314
IWTH07,1,2512082315,1.1535994153067763,0.9723839238096456,1.8111616717550316,2.586021717486721,2.4744890773482524,1.9525008961023147,0.7282897209496313,0.6154708358734169,0.631990734733459
IWTH08,1,2512082315,0.3215130679859337,0.30707248407597465,0.3652743621159799,2.524598285586209,2.246051537356732,1.399283596865495,0.41462958768307906,0.17319790539379085,0.2685039496890551
IWTH09,1,2512082315,0.6950432414560029,0.7594909291491155,0.8409619997798347,2.600341744253717,2.5256395537380114,2.416777494283998,1.583905741172019,0.7447891460437109,0.3297261181514868
IWTH10,1,2512082315,0.7575446939801921,0.7337385138770557,1.2174141251355073,2.052826836003871,1.8737693506896167,1.4566182014149363,0.6109863748537823,0.5197579915055548,0.4729985878135912
IWTH12,1,2512082315,0.4370314139575119,0.42391359045277205,0.7120196917019487,2.5690090150355362,2.3186473904121923,1.397881547581704,0.2757156230053094,0.22809765996638656,0.5612611196525878
IWTH13,1,2512082315,1.1119118627151456,1.047453742352041,1.3980115800326833,2.0201775833322064,1.9526301030682085,1.7157565381588482,1.0040892874547276,0.9275151606397055,0.5997547553592459
IWTH14,1,2512082315,0.33015515842507087,0.3850338759472708,1.0636321479611297,2.61251777714445,2.54529045117431,2.47128909026799,1.656252354244733,0.3390268836052507,0.2059405249801054
IWTH15,1,2512082315,1.0104737527527277,0.9731136701858206,1.7937985687987776,2.326998138734123,1.3924672791289008,0.8647505455526623,1.0011556348416262,0.6892983130042716,1.2783887137442176
IWTH16,1,2512082315,1.2840133938511382,1.2039633089745063,1.370849144269251,2.3952033454600308,1.4979519586522057,0.7596024869282243,1.2075212622046636,1.1354110057526483,1.0107874171129674
IWTH17,1,2512082315,1.279988676050797,1.3365690651257942,1.62442623086241,2.6798061696232525,2.5789326796587253,2.423123621369192,1.6913593228984911,0.8835570372729948,0.5684944640061631
IWTH18,1,2512082315,0.615775365694394,0.7256410431784768,1.7132420403528021,2.644244145025234,2.5243846431321826,2.3628061118980317,1.4925587586644171,0.3958508488340015,0.3590913869031556
IWTH20,1,2512082315,1.9512044233736685,1.3183771339270614,2.1461401350730616,1.8402856954107896,1.0526028749985001,1.1999411008573533,1.474592881331124,1.2027192155715847,4.461207407647802
IWTH21,1,2512082315,0.653106988263444,0.5646322555891574,1.0773159955567173,2.591270671471626,2.526422717989125,2.26234579798964,0.8820543425135843,0.32511739395082107,0.34680432448837173
IWTH22,1,2512082315,0.691817524256491,0.5922299458053835,1.6571919571865175,1.9526976643358531,1.8941566990161172,1.6471728835056552,0.6688488067704972,0.16991496013168225,0.38410106640655134
IWTH24,1,2512082315,1.1904583468742083,1.44313981350892,1.8777712876126023,2.474518786760953,1.5911509233241528,1.0629156281998855,1.5315241955534447,0.9393457917263435,0.7965680255191936
IWTH26,1,2512082315,0.6174092009629446,0.7370145842431576,0.9557359964503573,1.8852201160812072,1.529317590455321,0.802416679174278,0.6557539769415439,0.25189926493780357,0.32203192637676703
IWTH27,1,2512082315,0.6439158412153702,0.6349487973580926,1.4791693449428671,2.5432083525203835,2.434744359464438,2.194917347856549,1.1820467251865758,0.21389078122394956,0.352395882968996
IWTH28,1,2512082315,0.6473306546230169,0.7885803923468607,1.1977064969866764,2.3668832657286503,1.6275149955488342,0.7016449761188452,0.6011610641610117,0.603745878356642,0.7667567189027918
KGSH01,1,2601061018,1.3750126768271016,1.245308872654497,1.0353377481328034,1.0402382099500338,1.2046677321781931,2.3873555009572365,4.192603459641301,2.6911404492725906,3.955903523002015
KGSH02,1,2601061018,1.2972607205167392,1.2851006775227765,1.1034530348362082,1.0557047818001775,1.2260367301602622,2.383893631361051,3.2391833210291034,3.7570087945156705,9.421848594909726
KGSH03,1,2601061018,1.0557329214338504,1.0464228778718236,1.0348305355981828,1.0151969512465047,1.020330102576632,1.1756786364984508,2.5789948536745406,1.5403599952820186,1.6993875236858162
KGWH01,1,2601061018,4.227593486600764,6.24686058377736,5.59730513597971,1.0425350365113117,1.089170245829359,1.3029492544796848,7.14241569585714,13.615427098116108,5.1137566371516066
KGWH02,1,2601061018,3.7339709647962533,5.74775813717324,3.272669645453156,1.1004961539985834,1.595057659353343,6.622266781370211,6.639112533122405,6.460567386781763,3.4489742060419695
KGWH03,1,2601061018,1.4727500655184564,1.422103897514473,1.3880604527938498,1.0092900304846568,1.0276755513797218,1.1359771558455984,1.4277366187606624,2.068906859442164,2.068447889195835
KGWH04,1,2601061018,6.400353375587455,4.76551021522153,1.6327016172778808,1.0330975890287644,1.0949648135810541,1.3138678957842709,4.8615877292833325,9.583581965496514,4.426298213258297
KKWH02,1,2512082315,1.8849780882730058,2.128266287231646,2.537986700358916,2.5281480658407083,2.272710665955326,1.748062643078063,1.3716954135256931,1.0887203907155165,1.1056125409010376
KKWH03,1,2512082315,2.5513392021138213,2.4373093519780507,2.586056812836906,2.565142634655965,2.4040143365641544,1.8552834318374651,1.0632412610331725,0.7849368181485655,0.8847633366916635
KKWH04,1,2512082315,2.3624779090033177,2.279612790449968,2.4247756931537365,2.499941848770769,2.2009835420690202,1.3202389820392213,1.2054069213287113,0.6481191576783127,0.9613472144131898
KKWH05,1,2512082315,1.994610465440757,1.4504624433959499,2.0875919732273376,2.2929599144115986,1.3899094802225538,0.9226555601535705,0.7483811931814143,1.2138466737966713,0.7825693490825184
KKWH06,1,2512082315,2.1241685673775006,2.441266518786135,2.497686277674289,2.5650146641785403,2.478936959582445,2.33279120793873,1.5516444757248484,1.056013494451831,0.7325975974310373
KKWH07,1,2512082315,1.5785910274111987,1.3470875991469098,2.3104594142390615,2.4695311146010273,2.2845126904817903,1.4569758601608098,0.3877525661747495,0.5993910797319848,0.6670186205634764
KKWH08,1,2512082315,0.4317978547974314,0.595804847001668,1.614291892750422,2.53411250910801,2.181737963104345,1.1907820998993603,0.3644734126685371,0.27777740360473163,1.1718595368852052
KKWH09,1,2512082315,2.221533878228797,2.272269659092933,2.481744210896604,2.5332420276310983,2.273688954781444,1.679096603274545,0.2601273191681357,0.4332175970832506,1.4854081540952875
KKWH10,1,2512082315,2.1616718932545895,2.340708496200836,2.6404821764431916,2.5396214721716373,2.2103788379480305,1.2764977584660924,0.4831390308638711,0.5008501918714041,1.0032822041056764
KKWH11,1,2512082315,0.22930061194242465,0.3803002466173103,1.9079606709720116,2.5189416957048385,2.147672005256208,1.173471068532201,0.14923690465273132,0.2647072142854728,0.4023340524519179
KKWH13,1,2512082315,1.0060768731044376,0.9214034870421294,1.2715429596404157,1.9211179153455902,1.580228784807666,0.7572065396048192,0.31590735211895243,0.1369197032917549,0.9958181128614718
KKWH14,1,2512082315,1.4778026063155685,1.523528647256713,2.0699614525919285,2.554214231619562,2.2627215062368813,1.4849586572242686,0.8510911733959594,0.2564972660674399,0.4450683957819163
KKWH15,1,2512082315,1.5021299797207828,1.8315144456015346,2.082206873201508,2.5719633414963874,2.182288839506329,1.387442571175373,0.8948303163524556,0.4212598743060127,1.0958713393119361
KMMH05,1,2601061018,4.307100896660628,3.6607111990985097,3.519691594793712,1.0947502914792593,1.5885243916750664,4.103326045968862,13.622628178914422,10.873998705189283,6.434831946466263
KMMH07,1,2601061018,2.1420862205128928,2.1387816906962143,1.6091230707522854,1.1551586783670822,1.89927005293944,4.267904824606688,5.1137429196905675,5.788999758290137,9.499500101373716
KMMH08,1,2601061018,1.839140889598215,1.9739051101075056,1.1265371501311412,1.070862440176108,1.2403557970044767,2.553792452666189,3.973526351570573,2.282877038700967,2.3274113791502815
KMMH09,1,2601061018,2.2150780582685483,2.166155990535622,1.1995237907457321,1.0651205512137927,1.1901037710195168,1.9600855988205332,10.006338970080492,11.817249387391744,8.891704491715256
KMMH11,1,2601061018,1.5741231460788159,1.3695780066460015,1.1606570575137338,1.0851546477469236,1.2629847248187853,1.9363578735437068,2.6142819067233773,2.7505540788706018,5.48205293982884
KMMH12,1,2601061018,1.8056547524039068,1.8764306238686725,1.3889279774758283,1.0899837434591098,1.4721957582352885,2.7311409389419454,4.167899660412909,7.047479932796865,13.588825825166783
KMMH14,1,2601061018,2.524950201352446,2.9680496067605247,1.8090397080055933,1.170188423558674,2.049957732049063,3.9922630369304684,7.407732028246754,26.38098064406924,27.562484974384184
KMMH16,1,2601061018,3.1215827234885674,2.922001113613891,2.3202890348645537,1.3479142859808273,3.101942257615864,3.660234994399455,10.211013907499268,16.609612799387843,33.05438644207164
KNGH10,1,2512082315,0.06246830918512456,0.07767601088601235,0.1809068846044097,0.1799087527441389,0.164058928744544,0.09809597703098893,0.026179091447358475,0.08075820658470809,0.21962700867036689
KNGH11,1,2512082315,0.11375365748529809,0.12522812629827346,0.3274779517591824,0.3182220824624604,0.12364389847487833,0.09281897826835706,0.20621549693548027,0.6922516406394292,0.1665577096269925
KNGH18,1,2512082315,1.5265522004580145,1.4246467936720775,1.9886343428113422,2.5442700860059735,2.3046387204344665,1.5598885897495198,0.3727897996036495,0.42936106355235387,0.6588003398339337
KNGH20,1,2512082315,1.6695780428315805,2.038535735170558,2.1431707416823427,2.5929153595186882,2.23713883352855,1.768736233739754,0.359258116565437,0.19869976739739947,0.40980478727454
KOCH01,1,2601061018,2.343099745110247,1.6253329763496653,1.264545396011936,1.0561928968868275,1.1338598529429946,1.7030218539092972,4.331883214622383,5.43553319653828,5.4363687689176565
KOCH04,1,2601061018,1.077453195738213,1.0692332217850755,1.072362742121962,1.0158291437120364,1.0395424561848903,1.0903767636038735,1.2643235476616077,2.2636174116106034,1.7688258970432202
KOCH05,1,2601061018,3.5635104539407285,2.914703293690165,1.867100445998796,1.027079369785124,1.077002243676724,1.2146733553879003,1.6925098897116626,7.787447134264571,12.34545777176594
KOCH06,1,2601061018,1.6239277887082042,1.371969894594628,1.0920732162100142,1.0305557063867057,1.0935059860595329,1.2435518253544933,2.583293841198448,5.5993865241176675,5.305894905672142
KOCH07,1,2601061018,1.9838137988240894,1.63695398327983,1.5490771770725067,1.0285955034988234,1.1362227510993637,1.5207810621065472,6.759971194093675,11.054835776591776,6.5459068683687125
KOCH10,1,2601061018,1.1899350083887679,1.1786931049241847,1.0696845610171717,0.984326472934962,1.0271856783095303,1.2169682729215274,2.6083125510574074,1.6365243493147865,1.610413605502182
KOCH11,1,2601061018,2.448993835895921,2.0773534667178226,1.2589277475844547,1.0394362321626751,1.3947792555719563,3.185824686579775,3.0036317699508626,2.6003018723055353,1.6545197751304124
KOCH12,1,2601061018,1.679542624706919,1.802315974437839,1.909952634354113,1.0217554126264297,1.129255755092676,1.8668121118819645,3.9763397114204935,3.689998097898516,3.052688783081419
KSRH01,1,2512082315,0.9320806104248056,1.0159296759102707,1.631094449254027,1.923060501446071,0.8589044178734119,0.8657909619465826,1.1113804459061232,1.0226858804728132,3.299178003082875
KSRH02,1,2512082315,0.9734450494480615,0.9855081802730914,1.6189697319281378,2.3512829960342287,1.4382807415981995,0.8869197717856532,0.7615441436328788,0.5858710036016497,2.929060773443988
KSRH03,1,2512082315,0.47296768185529064,0.71597620575203,0.4916668286130001,2.370422891432817,1.6079261690229956,0.9412513547796544,0.8345498171811994,0.2666962021670156,1.047529483401318
KSRH04,1,2512082315,0.6587099105823478,0.811964044021556,0.7123258497502319,1.3791614224264113,0.8190248680610999,0.9238876264422371,0.8479423259356149,0.5379895036940574,0.7890347659629484
KSRH05,1,2512082315,0.6857576809271801,0.996830283104689,0.9304141900276205,1.890070095555945,1.2378959928496036,1.286762547661485,1.3869936554056004,0.6185961229852077,1.1440082161963887
KSRH06,1,2512082315,0.5689016744707891,0.8642088555726731,0.7163146744050349,2.025656816114167,1.0727351862231562,1.0948965140497693,1.1527887434259612,0.4416623955707145,0.9705403477131851
KSRH08,1,2512082315,1.337200423297186,1.6223657906936626,2.0679178919716654,2.5396664696191973,2.382948095412229,1.8628607311226104,0.9947488135578558,0.9725733718216723,0.6430412701486483
KSRH09,1,2512082315,0.5851045258939754,0.7939410598749089,1.4498527034556856,2.4621312856223705,1.7943617317942913,0.8348326740686236,0.4215371497149625,0.7629042702515474,3.639011871389741
KYTH01,1,2601061018,5.09077718895652,5.655953322527496,2.271321676629996,1.1012717050244851,1.285936001611115,2.7112663105755184,7.735333135291539,5.86838018211388,3.5244649139481554
KYTH03,1,2601061018,4.993226375563508,4.717973044516419,2.8949939996480407,1.0631754617289837,1.1813265579151155,1.8421547500891537,2.6229422677666783,8.552263021225944,7.0195004531880425
KYTH04,1,2601061018,2.6148919034829965,2.2790029041682422,1.327339560229511,1.040611513455518,1.073536465800745,1.1291804264126402,1.62310514920732,3.379332930902968,9.248157253859818
KYTH05,1,2601061018,8.869769479409594,13.142523175319738,7.620506706405018,1.4717805261633214,4.235912935912895,17.620090255540628,9.256097762404483,10.224778380649319,2.010554446986913
KYTH07,1,2601061018,5.777750737960686,7.986019276144476,3.1253343532530224,6.234912441657401,8.693160888336623,9.24735381243137,10.283320688124599,6.514633981977423,5.9986964188872856
MIEH01,1,2601061018,1.9399451861972123,1.6758717502619889,2.1688863449012463,1.1099183034076785,1.2270748405109164,1.874343643872331,2.2032510052859555,3.1869113521401102,3.196861484119299
MIEH03,1,2601061018,2.7096798360151877,1.8484129722038782,1.1299419686171646,1.0251395513114172,1.0424717765140639,1.1267738915092707,1.648727999826268,11.20716992788321,8.276069439262915
MIEH07,2,"2512082315,2601061018",2.0343414652705185,1.9406560484558384,1.90507326757063,1.7906780734027639,1.7998703999981314,1.6341757452871988,1.8419457858580346,3.001456258822152,3.974474317243961
MIEH10,2,"2512082315,2601061018",1.7813256671892004,1.948383408345984,1.9873283234060564,1.7361746287588025,1.6004446508058048,1.9100685351822244,1.718740656811716,2.3984013452294204,2.992273456140314
MYGH02,1,2512082315,0.7098961470577955,0.7909320990914608,1.0223766251289403,2.0719411965729315,1.0772546815829336,0.5709990924078646,0.38254307213627786,0.3906073750658323,0.5149797339972465
MYGH03,1,2512082315,1.8906031559882162,1.7854208655067032,1.7309381992417396,2.572172449685532,2.567191593330306,2.533863838000215,2.007517068141165,1.1492959511526342,0.7699060136253644
MYGH04,1,2512082315,1.3806608993347382,1.1173984815373728,2.1193747725917715,2.612362398050472,2.5463766204853844,2.3030233120653705,1.7137473186232817,0.6770703324023235,0.28799407591513165
MYGH07,1,2512082315,0.8927971887279116,0.8721951661568841,0.774458075938264,1.6948186218951378,1.0125982998914351,0.9387757619013575,0.7378376073953261,0.3280018001472904,0.442566659507648
MYGH08,1,2512082315,1.1910470392133568,1.179483036972259,1.3592901426027375,1.876946087799988,1.5598256087301046,0.8103019903827284,1.278695326678453,1.1988747288256163,0.7481232197470213
MYGH10,1,2512082315,1.2980716083985455,1.4192870770675512,1.5269107948251197,2.1845269606277653,1.385015707908472,1.3049858910318002,0.8857211474899209,0.3829138461032052,0.6721401719072134
MYGH11,1,2512082315,0.5616409412552507,0.613073453638248,1.2899254271927354,1.9899151308084444,1.8521779391615705,1.359854571853953,0.484581952553194,0.3600219493793572,0.246618347883998
MYGH14,1,2512082315,0.07594744807809464,0.10825960516431919,0.1894930218953293,0.32153666152038807,0.12775369987420296,0.0998952634040616,0.08277896720379535,0.15885521898789082,0.4777456905546632
MYZH02,1,2601061018,1.377063417472193,1.3149134967715386,1.2116828633059273,1.0643080771005535,1.122574477887166,1.387221600999094,2.302601059545152,2.5983851066611052,8.335790805773419
MYZH06,1,2601061018,1.0735548530993813,1.1040717139761231,1.0273209784523476,1.012361564862934,1.0212639553033838,1.1182387434175411,1.9671033748243931,5.375939010661147,7.599003935531925
MYZH08,1,2601061018,2.2273071559915856,2.2096734489398693,1.4757778299132518,1.218318658173897,1.8965772676985775,2.154602038065187,2.6167857826299796,7.855852534850195,3.281484996920981
MYZH10,1,2601061018,1.5603208436057008,1.3843633023184425,1.0936497928193896,1.0433815657962902,1.1856914132265974,1.7302226847412276,3.0307515123964657,4.178364163321589,7.467329601934198
MYZH11,1,2601061018,2.1931896668288053,2.4061656974677113,1.3420478509523688,1.1658208186674475,1.988054988024389,3.0696011851083522,6.687919052035187,5.051483079108693,6.812474897962485
MYZH13,1,2601061018,1.8830947474412691,1.7404725682871884,1.2477651432613392,1.134766315127493,1.667422629534983,2.9879788619657424,2.985921922162384,13.311958489132337,10.551875023739171
NARH02,1,2601061018,1.1919889029000197,1.2761577342941672,1.0779554868603791,1.075895685130217,1.0960218308514746,1.2027204544293872,2.2449196338481414,6.524253672105109,7.9148188818810725
NARH03,1,2601061018,1.9015776672720317,1.5929855526190764,1.4080650912082902,1.037757137743375,1.0509917329277192,1.2264799440801695,3.2018296843123535,6.816104579163264,3.414141773632102
NARH05,1,2601061018,4.613208603913664,3.351057199526445,1.3648446238579641,1.0462134657616888,1.1059651375805006,1.2551337431302731,2.788071965329423,17.051335965077183,3.862578005916391
NARH06,1,2601061018,3.6630518716053118,2.6082482389143102,1.6442310653272154,1.023235726185323,1.0956115724672184,1.292338223861051,3.6405937494016642,19.67004199819533,6.412414512854436
NGNH11,1,2512082315,2.2547093906243383,1.60463911735573,2.2600130706666333,2.447862782143618,1.548280386626416,0.7225405815013534,0.2547181888444272,0.46221173718186026,0.7025839920523471
NGNH14,2,"2512082315,2601061018",1.657122155421332,1.6593771085046787,1.5288309568104101,1.4957236296961218,1.4696431698660355,1.4749321786327596,1.6986444698805097,3.3155039591408393,4.926618165371814
NGNH15,1,2512082315,1.8213208353967638,1.8811187725807121,2.0751387936883443,1.9538833812276448,1.8841985265577206,1.5733847415183473,0.7524863280504432,0.5448777194404676,0.4865591085004891
NGNH18,1,2512082315,0.5404272111968359,0.558039946471223,0.909865657876147,1.2486131788124473,0.9525798642196546,0.5017069985766215,0.07424188472944698,0.06787780354618865,0.5654726038462909
NGNH19,1,2512082315,1.376486390503407,1.448404165869861,2.450163360200501,2.488292186898059,2.1713105833614534,1.1125757470295163,0.542469727567904,0.4550675375798394,0.3975426127158154
NGNH23,2,"2512082315,2601061018",1.7703560232322733,1.579661125744696,1.3397276321940415,1.160433553824952,1.144951088956107,1.2409745044780798,1.6986171083910027,5.8207948098037745,6.723725230943454
NGNH24,2,"2512082315,2601061018",1.4131788154781826,1.1769730253777424,1.4204552570040079,1.165733620250271,1.1251181775591828,1.2283579217687628,1.36369870573655,1.4471138931047944,2.391303724110945
NGNH25,1,2512082315,1.1107425212836606,1.2115825404843612,1.3061557223345532,1.332096783615352,1.268481194424792,1.0717375580925976,0.5516637694057027,0.3154484468557195,0.3070596801680656
NGNH27,1,2601061018,1.210534162383932,1.1715550868382283,1.1568072600342865,1.0672926138074588,1.2649838757378382,2.291840912358742,2.5802795710517996,3.778148542157211,2.1984984966374395
NGNH29,1,2512082315,2.3905194880956326,1.7648458850308688,2.095086941501445,2.499473809649018,1.9557216131659714,0.7778445405556651,0.548515062311228,0.4074905266361964,0.7126075669360854
NGNH30,1,2512082315,2.0315643113638315,2.316462237276808,2.6655785025503795,2.555945908927001,2.371144120972213,1.7591571160839727,0.7736995904024286,0.47566695179592833,0.35855430939215704
NGNH31,2,"2512082315,2601061018",1.815086263978968,1.6637477455028002,1.903005060958831,1.7414554812503813,1.592301023941865,1.8518978630544773,1.6459744248579684,2.8833418386482483,3.9341509487358577
NGNH32,1,2512082315,0.7253334595941702,0.8781220043038976,0.9828812261897082,0.9554615605319019,0.8385370799785719,0.5189697129087154,0.13216584200275555,0.15337987967210356,0.3748253180176062
NGNH34,1,2512082315,2.3691547304122302,2.3340205619455343,2.5267439583022644,2.535810996466555,2.2662502226904495,1.4703843689466254,0.7500677713321217,0.8465231432437396,0.20189127095060033
NGNH54,1,2512082315,2.5361017584755907,2.389478478963873,2.6733482107527275,2.6058873509667593,2.455261421106635,2.0053995660211865,0.8089066090556014,0.5995575448151066,0.9037460529793507
NGSH01,1,2601061018,1.348876632119761,1.301123563216964,1.4595358142725063,1.079152599493402,1.1986284488236212,2.148070565917446,8.456031578572688,8.625279802278808,4.186834625439736
NIGH02,1,2512082315,2.3753104173950415,1.9967813836327155,2.8409375357538615,2.4925444390734466,1.9619406389688332,1.2242605011128536,1.5010945952650585,1.3161659859039334,0.8863685617318133
NIGH03,1,2512082315,1.1675411108943448,1.5143201102467123,2.2215163102296533,1.9163983982280182,0.9549756196661527,1.1088675215908617,1.323794117146784,0.919647881332149,0.6265584699675562
NIGH04,1,2512082315,1.6599691570952526,1.9276654127332704,2.400218495237495,2.4422772717469323,2.0109812462298766,1.208739125503559,1.2124769913806377,0.446262962385974,0.744066864101904
NIGH05,1,2512082315,1.3484532956487594,1.7560773684823427,2.353871884831636,1.8700253790313828,1.0629764351671267,1.2772573202344977,1.3775012364172534,0.6816534836303622,0.1868362292712064
NIGH06,1,2512082315,1.2446429458532178,1.7289149706630171,2.6968057490514585,2.497061671446625,2.058965936883613,1.042340283072323,0.35217978172643105,0.3543111787034875,0.848503112454891
NIGH07,1,2512082315,2.0848255665005553,2.128995206050204,2.8655473227836685,2.486735165603082,2.337958719547305,1.8794106779445512,0.8174661750574489,0.42452973333800514,0.5133385598840681
NIGH08,1,2512082315,0.6033738097234586,0.7139719856678232,0.8699505246511583,1.1783309069794854,0.5643497552472498,0.5682261096852945,0.606353602479981,0.45229688958016934,0.39488346847055567
NIGH10,1,2512082315,1.9445313960908648,1.9794490703218557,2.1615515800699727,2.5181559003635408,2.252231093379192,1.5347191031944798,0.9264155439853198,0.8518505376386104,0.9743429648744778
NIGH11,1,2512082315,1.6176870280564344,1.9478226943704173,2.129775322370006,2.1791218133945898,1.4048959529116019,1.3963796735561471,1.567673138707387,1.6342120602623327,0.6010719406778576
NIGH15,1,2512082315,2.447692727386328,2.0576360706196875,2.8339650162201866,2.6003643040192888,2.31380409981303,1.4569696610056753,0.7773182333528579,0.8459672810606349,0.6607720222697877
NIGH17,1,2512082315,1.8035653636563072,1.829700437895266,2.8258902195913316,2.349272601217284,1.74486708260322,0.8641238405338862,0.8367235569438066,0.7688741539863644,0.5584458321909014
NIGH18,1,2512082315,1.5267618616202079,1.4564602948498633,2.043587945600567,1.843346892568014,1.3938726849524907,0.6731123067033895,0.2635022396494319,0.37682871019276976,0.5777542879397424
NIGH19,1,2512082315,1.6078348317993993,1.6689307482623588,1.9669081773249788,2.0049326170659816,1.884142960978693,1.5495129071402864,0.4761952456530678,0.5187261505265597,0.6496576142888143
NMRH01,1,2512082315,1.0435003767281845,1.40313410715621,1.6290255239254117,2.519173647699634,2.014673100817392,1.305412275149004,1.7541690766056914,0.6726063461377079,3.0938045037971356
NMRH02,1,2512082315,0.27569298374575596,0.3819537094109921,0.9034270462834781,2.3967379867882093,1.9758572769605038,0.6572130829476925,0.6506723539274086,0.2069556426661617,1.8857875761806442
NMRH03,1,2512082315,1.2969095770851413,1.028333744273204,1.1697753189197049,1.2597534032733224,1.1165731272389379,0.9355891092047146,1.0866566970580873,0.7845735245762815,2.075679661896689
NMRH04,1,2512082315,0.5773640611584907,0.6456509963915595,0.5987470266075575,0.7796369381608006,0.9437163434970757,0.5068803844964532,0.5963599680160407,0.47325059150813,0.650623866652176
NMRH05,1,2512082315,0.7038353342212593,0.7691458537600535,0.643397026174168,1.452615694983142,1.160597930985042,0.6632557536403987,1.0368211501983717,0.45740475711874906,1.947652212475127
OITH02,1,2601061018,2.235212431102885,1.715296923709222,1.3692149254130603,1.016514740150827,1.0718399216407495,1.1907533682999851,3.4967331691620758,11.808071809403,7.701708809114793
OITH07,1,2601061018,6.073960377542864,5.739465727004511,2.667704501916377,1.0706506010835832,1.3005782905975396,3.9314729154120087,14.85427156796083,18.629614635873164,10.35737201601038
OITH09,1,2601061018,1.0801248364325533,1.0945001549336792,1.05106480584813,1.037837335767888,1.060620994090605,1.1156518965684157,1.4095398519398086,2.477224494855822,2.266847555691302
OITH10,1,2601061018,1.4184311566380239,1.2639044606828638,1.2428504553388988,1.017030375610764,1.071372288574608,1.2191983764164447,2.1896660840557503,6.362699610215361,13.768028599034324
OITH11,1,2601061018,1.47799712691136,1.6850571576664812,1.0063443064308721,1.129192584217586,1.4879003678825895,1.980627889433535,3.1997637778569383,11.32835986325243,2.8303533045854046
OKYH02,1,2601061018,1.414002173696758,1.5372755317829596,1.6183983732224148,1.109946804225227,1.1325980131819795,1.2350508364298343,1.509144046916565,1.360458152845324,1.7678487380196952
OKYH03,1,2601061018,4.71418527342944,4.5749392734828245,4.376405096447931,1.095932890138572,1.1801662918415823,1.3691251418911043,4.105899930403494,4.6818336254796575,5.081734767824547
OKYH07,1,2601061018,1.8874900721635763,2.0522296582085913,1.373732201081028,1.0209987967254261,1.0462744262641557,1.1153602067287771,1.5338842756144462,3.004259201653685,3.9304854854573765
OKYH09,1,2601061018,6.813000017608494,7.032408859008123,2.532747424878802,1.0488529901270485,1.0606902085079135,1.3322747700489763,3.28635368203725,7.938160439686419,9.110576015541676
OKYH11,1,2601061018,7.6368832420874835,6.661917360879756,2.1378933426141566,1.110074855649762,1.2858639208171287,2.0008226143868146,3.5901944766686746,10.239765400944828,4.021253104872837
OKYH13,1,2601061018,2.360123444221043,1.9207340284521937,1.208011278669899,1.0440838549803677,1.083360630789659,1.179822867797704,1.7066780846231937,2.3014672118869814,2.3013273127131813
OSMH01,1,2512082315,0.7617577151935989,0.8822722848875283,1.493098541998164,2.090985558880368,0.7362580104741532,0.4634892466023368,0.8863997993122605,1.5858354874588474,2.3709483579027735
RMIH01,1,2512082315,2.0266142408110066,2.2887084703335367,2.2629901802031025,2.536871639542291,1.928018046808243,1.047074864006356,0.6577008004683056,0.5966601010966267,0.8236400997065674
RMIH02,1,2512082315,1.1309278775208236,1.1261094406418457,1.5396279819905672,1.6078487581088812,0.6393577324303887,0.33748698312818043,0.518478160878215,0.6620757988418953,2.2156332327018715
RMIH03,1,2512082315,1.0112825083507047,1.4722142176204147,2.4539806009942504,1.9718378992359706,0.9379146951395768,0.766865264005858,0.4401457113817893,0.7824613823806776,1.5509585189116393
RMIH04,1,2512082315,1.8450754832066951,1.6463036204303627,1.9589850570267981,1.962546869412229,1.7455100089787061,1.166645071974592,0.7650426815608622,0.9214222786180042,1.3749844540081568
RMIH05,1,2512082315,0.78112908549319,1.1343006470898749,1.960212915807124,2.4387642400432625,1.9326492511503548,0.8120591274816543,0.2907670538561506,0.5095155152976405,3.0908598984668503
SAGH01,1,2601061018,1.3608559153309672,1.3572701157218656,1.1816755882225463,1.0899118776292993,1.295906287808343,1.850108315057105,3.015153833086057,9.618403686608499,4.172140329793069
SAGH02,1,2601061018,1.1511581326604703,1.1008026499220267,1.0693385086158913,1.0418837908269771,1.0778479540041883,1.3733291340359408,3.059325496485068,6.7379231067195295,9.040166296020763
SAGH04,1,2601061018,1.2289796634981465,1.2261002667820968,1.136551700079645,1.0509677773725024,1.0861033248641987,1.5239661034689906,3.3430430287169983,7.9818819309134685,21.78605194376408
SAGH05,1,2601061018,1.5248512712393745,1.5597929934738664,1.111763774914161,1.1289903198623206,1.4827401895019952,2.7387672194920247,1.491164244783129,1.6786866162119374,2.4928701802616127
SBSH02,1,2512082315,1.3217320428794572,1.4212130081794194,1.9757108600658104,2.6218880926812997,2.3676674129550443,1.876537621390495,0.8163244200340256,0.17944466181061497,0.27395464738224284
SBSH03,1,2512082315,0.4566828874661115,0.4666220261829352,0.912785161001819,1.6324509650594707,0.3876371482556566,0.35665088141410595,0.3797742336828039,0.3972362825246645,1.211048631216575
SBSH04,1,2512082315,0.6095572961509426,1.0439219632672094,1.6988531237601694,2.518008393621605,2.1524813136804246,1.3326309505976266,0.41679378698212005,0.5200359260108889,0.6324334645938849
SBSH05,1,2512082315,0.8383295585639968,0.8064594724074793,1.1829044071068184,2.519841899204398,2.0106228259563603,0.6864015002078376,0.43526408522875143,0.8906588149946885,1.960306770440054
SBSH06,1,2512082315,1.5359797224368388,1.677731290378152,1.9865362449744157,2.531662334717165,1.8505423879984855,0.9746095783559261,1.2624881351022998,1.0090584436594403,0.9650337058515894
SBSH07,1,2512082315,0.46244645229710474,0.7039788256859881,0.98142133028571,1.7425349668996941,1.341078721254902,0.5606730810424579,0.3365924228137918,0.36257165695944094,0.6855714324481459
SBSH08,1,2512082315,0.3802721623380726,0.35419925609934627,0.41213888334145754,2.3776474933086598,1.9229518080960122,0.5681158437998459,0.2381018845936041,0.1468375541690572,0.49311603112614594
SIGH01,1,2601061018,4.095189062958407,2.7484311550097758,1.6282868117091511,1.4613757457734233,1.3044964568702964,1.5113760372911098,5.623040263794142,6.21387530338239,5.986334680093099
SIGH03,1,2601061018,4.07997677213881,5.101958107755547,3.421634625630845,1.1364163458634569,1.5854049123532825,9.400128034024268,9.368921369478924,14.304234996394513,5.846820804637932
SITH04,1,2512082315,0.38596230396699216,0.428606532777884,0.44482583201034476,0.3921372424836283,0.45812761758262377,0.5985659739694805,0.4727553807461649,0.29594487255129887,0.09214034619419698
SITH06,1,2512082315,1.5661121375479548,1.7997227357589403,2.2578405813288507,2.395818428451269,1.717833916864933,1.147681773127391,0.9281132057823749,0.32002370938634056,0.43378668067438186
SITH07,1,2512082315,1.8402892893434946,1.9977185414210772,2.3745700215425822,2.607678503645905,2.535799775087047,2.0639261206090986,1.1441475863129995,0.5859575292225018,0.347770382725017
SITH08,2,"2512082315,2601061018",1.5151654969191877,1.5146480911016238,1.7656372723427887,1.7613626970988505,1.7169379030392835,1.5709688360132161,2.0882923331909335,3.5472568701413763,1.8392904191651862
SITH11,1,2512082315,0.5699888336390474,0.659356402631208,1.3281292346556761,2.543200310554678,2.416022368918467,1.7707320312629184,0.1998438179753997,0.19197419844917268,0.6031654268989969
SITH12,1,2512082315,1.1466470673866898,1.1518296294233645,1.6233855643281123,1.983285508584546,1.8924780393941047,1.6177641023725373,0.8596775355256425,0.19080956675599053,0.5314602986198866
SMNH02,1,2601061018,4.448551593294699,3.682208377525237,4.4758527495935825,1.0141628474566438,1.0952263616063989,1.4156228214394693,4.619722863945545,4.2063115726489375,5.679593572770515
SMNH03,1,2601061018,3.689188169123174,4.848417831695506,1.915015639106349,0.9938797840316618,1.1822921283958077,1.9356508756373825,7.588169891101514,4.18970353584759,2.067946397325686
SMNH04,1,2601061018,4.886937418900557,5.9915248739872,3.2931585400242787,1.0481231365717885,1.1419148929027918,1.7544664330590338,9.03116928622606,8.124565112687561,3.6155989814762446
SMNH05,1,2601061018,7.4425540045220675,6.478117049562903,1.9829988135353234,1.0477053381106607,1.0392218242732616,1.1410552807028767,1.7246177216219274,6.7445253912539425,10.74404097997073
SMNH06,1,2601061018,4.7657161677053885,5.072994252787005,2.659793034328215,1.0461723571587964,1.2654366488048192,2.4555044971360402,8.704503932006485,5.9750231667190885,4.203512449775754
SMNH10,1,2601061018,2.2314201757813286,2.3319766190184814,3.2683079504475745,1.0410478906649487,1.3253226593196432,2.4438365572596417,2.5738847945903722,2.4329913537171572,2.896512764777947
SMNH11,1,2601061018,3.7281842765954973,3.330534833096962,3.3664752424884967,1.1278077020918276,1.3814318466853166,2.5084565877220797,3.0939714105837,4.937032805109395,4.862950418433284
SMNH15,1,2601061018,8.018594198867563,6.002985444724459,3.42048935016324,1.0302633899486153,1.1255711838771723,1.8538065545064368,12.060907780589929,5.862587307901658,2.9178952391451043
SMNH16,1,2601061018,5.267969793907608,7.614352190648932,6.538687312379219,1.086946464473689,1.2174100652744806,2.281453636366387,10.465575542947875,7.322197067656509,1.5958532215655241
SOYH01,1,2512082315,1.6923506335212108,2.1739345270633477,2.5703289320022034,2.5391925528326436,2.166325063343134,1.1894414806365856,0.3331589859375872,0.4334804880802322,1.3065976375754595
SOYH02,1,2512082315,0.8696151276409919,1.0300169464772349,1.1863409687317008,1.6968028527728278,0.45684412661955864,0.5098622635125827,1.458889502943188,1.8626604071981046,1.7970033291217402
SOYH03,1,2512082315,1.7967027786015664,1.5633706653280661,2.666701834729784,1.5487712747688887,0.8589810147451227,0.6743150285545154,0.32177009627953546,0.49364129608348073,0.7107358373594015
SOYH04,1,2512082315,1.6989287436585172,1.9278415337287536,2.23967063059513,2.1268684681441217,1.1932645496008933,1.0005247454602282,0.8155602217819393,0.6057009527837975,0.7213022003824627
SOYH05,1,2512082315,1.7621843931282086,1.8966841974837383,2.0690164487027665,1.9375025181800933,1.5158088094516802,0.8352825351594333,0.7940886799770179,0.433969871300902,0.6168284141155176
SOYH06,1,2512082315,1.4877777020040621,1.8925446411513434,2.5914948971125527,2.2781018323223723,1.3443035794269949,0.4968899093698778,0.4069886139524881,0.5127604014131881,0.8578688544935761
SOYH08,1,2512082315,2.5113782779597025,2.504889097864756,2.580336548317966,2.6321415443745453,2.3562788355733506,1.6813491057936585,0.3640296149458673,0.35979448497599587,0.772452509199062
SOYH09,1,2512082315,1.1103194644231758,1.344435258157019,1.9239123189649865,1.9380768920931293,1.5805703422094046,0.6811355733235297,0.29107869770622974,0.40153295017235,0.36670640424894174
SRCH01,1,2512082315,1.3461668519626004,1.3328295309763223,2.6965716003151146,1.4993507611117312,1.3283507175332412,0.8985137546009374,0.2189183145911041,0.4651633958849932,3.70987772547337
SRCH02,1,2512082315,0.9427824953257662,1.4122927691229117,2.408088013628184,2.5380463920376153,2.200116440672578,1.2279448025577597,0.3024526252182627,0.2227105442902788,0.7495567840849582
SRCH03,1,2512082315,0.33924154996504247,0.44683307851324605,0.9225256947964096,1.795058730470261,1.3228833090654926,0.2202249278993465,0.48183604757655024,0.37558057204671835,0.4985051082627713
SRCH06,1,2512082315,1.3445652559676495,1.4825624914004067,1.478114145786856,1.898697264138433,1.6096222524995998,0.9331312465086627,0.6316992320378774,1.1230842169502542,1.00988694836232
SRCH07,1,2512082315,0.7214742541189343,0.97137168908215,1.278015808797997,2.407449641192902,1.857279226518358,1.0170099393770304,0.4640482886885185,0.67171298059383,1.3360826229793337
SRCH08,1,2512082315,1.157072628319666,1.5173727455839972,2.1234238102483087,2.2728662901610273,1.5400415022305511,1.436608032576836,0.6984849581902248,0.4348281499105923,1.7226698051921798
SRCH09,1,2512082315,0.4938486149533121,0.6782969191785688,1.0055078746941841,2.2608303063072053,1.2669467188955763,0.6379306592374938,0.4591504982716662,0.6833397316630043,1.7416018432124976
SRCH10,1,2512082315,1.3566655114440456,1.5908565686544631,2.4210243232237625,2.4927572109928025,2.1277164927319223,1.3268811957480848,1.1010151258921939,1.2041870412406457,0.7614530033305542
SZOH21,2,"2512082315,2601061018",1.2168257239538627,1.249815658020017,1.2037966935595592,1.1847190448875784,1.139797236794119,1.2898847488192482,1.819492118671102,5.182987622090789,3.650909594967095
SZOH22,2,"2512082315,2601061018",1.1585693003964126,1.1737465450311555,1.246124067593513,1.152853538890585,1.1456850091268038,1.173169990704106,1.596983845196255,1.8322800155405363,1.5636213577381501
SZOH25,1,2512082315,0.7488193184524794,0.690704978372754,1.1852850962738264,0.814317899219188,0.5047494412273406,0.4252490674522332,0.3236128813450818,0.4067280844193395,0.30481413481705544
SZOH26,2,"2512082315,2601061018",2.7064172723521644,2.6419865189375824,1.5862875831064907,1.5824730745486195,2.3202587527884564,3.3612190771435166,4.025454851079495,2.9017297263316997,2.933141531905073
SZOH28,1,2512082315,0.3883208153721513,0.360523591311532,0.7447950522898393,0.2982994348475442,0.30560169637583423,0.2967971986856553,0.24456703705079968,0.21885803164209455,0.31862360929744826
SZOH30,2,"2512082315,2601061018",2.0114219163244687,1.8675143641208656,1.8864200513969442,1.8356688535542722,1.8528094525204417,1.7726428661806004,1.734829398217017,3.9050258725594063,3.626030045874563
SZOH31,1,2512082315,2.050514228769423,2.274822013107767,2.4376220066542706,2.5642103265426703,2.3711802530059543,1.880667147344369,0.48078078922634754,0.48272110911470606,0.15031219908145055
SZOH32,2,"2512082315,2601061018",1.8874644423530096,1.9877043790969064,1.8351607319131498,1.804933505727142,1.72979451606427,1.6246461121180036,2.2631518652857627,1.8905424445526275,2.0731201603958684
SZOH34,2,"2512082315,2601061018",1.5556042203959835,1.4679604867185554,1.7696195482391248,1.7670545164710627,1.7121440035112805,1.736624633355446,3.9490059780313227,8.971672089298638,1.5678059920276595
SZOH35,1,2512082315,0.3989541706473141,0.5200588468382437,0.9876862332782476,2.1719549951887003,1.0666956529963891,0.18741733597414645,0.23586308855249505,0.6018087707329302,1.0174733203494957
SZOH36,2,"2512082315,2601061018",1.2373553305398397,1.0379477607942698,1.059087700127659,0.9896379285370438,0.994537874391174,1.0689776678798149,1.7138045491059268,2.1495540272379188,6.921691664039913
SZOH37,2,"2512082315,2601061018",1.6658002174087254,1.577354552919338,1.6568550298704703,1.730092385937555,1.6082706188843572,1.5994595987934441,2.727827785369427,7.019200870451072,5.781777983239023
SZOH38,1,2512082315,1.7825370309595008,1.8457620942379347,2.0722910046578416,2.448439773203737,1.9574087053019569,1.1165594600553446,1.15440541127984,0.5984024965696951,0.7747772976102254
SZOH40,1,2512082315,1.3627415137141956,1.792894737463775,1.9691630046515132,2.389332840507131,2.001449691700725,1.2456202072967737,0.43891243858620266,0.5890797593178118,0.6893344464754129
SZOH42,1,2512082315,0.8437457015848753,0.9197974882267292,1.2399892683452296,2.137312529368179,1.124022342930291,0.5042553585160761,0.3273043835335758,0.570951025209788,1.9400851442092903
SZOH53,2,"2512082315,2601061018",1.8581977363311886,1.8179348616943327,1.9049083254139356,1.8333372909935552,1.7776014932352435,1.7039450979560673,1.6664455441209793,1.7176424790993943,2.075360311523149
SZOH54,2,"2512082315,2601061018",1.1537556228404076,1.1011201685804703,1.1673435117455644,1.1671603954409517,1.179219329393804,1.52068732265615,1.4019326958256697,1.9615568359667572,4.365061368582477
TCGH06,1,2512082315,0.16307751852051364,0.13115122725431663,0.24921092885826535,0.10683747913631227,0.11652704681644796,0.17538350868263225,0.15007162319166012,0.0999717529004592,0.3150307421892067
TCGH07,1,2512082315,1.6131730000289475,1.4139411079773871,2.2225164050869073,2.578691195103003,2.393200856465262,1.8356982936227708,0.33536446682876986,0.2338429937551239,0.3427136222133642
TCGH08,1,2512082315,1.460329191437006,1.629495902293508,2.4922914851470384,2.4811762052175292,2.1301627436638935,1.371114909420164,0.6987613669359116,0.423883848336844,0.6743724590156328
TCGH09,1,2512082315,1.606365789438438,1.7940773503225809,2.1104934276427056,2.605905138227246,2.2730305381214575,1.327873283761988,1.2242526481534615,0.5128481625815627,0.5147258746646115
TCGH11,1,2512082315,0.7496235913593894,0.9203478488369727,1.6845863113997224,2.4789114801278167,2.104989405290071,1.1143947815559825,0.36825257406286954,0.24037458744692947,0.3488641585674171
TCGH12,1,2512082315,1.8976789027703111,1.9150012105107268,2.2267266750355463,2.4891175939787114,1.9165648922507592,1.1920567339881067,1.4182343415151955,0.592644157675202,0.8424252002133965
TCGH13,1,2512082315,0.4742015665723253,0.5134399154504257,1.264772561946088,2.59804596881356,2.441252791053117,1.6516739917226892,0.2847301483689686,0.22466780937803632,0.42926329130657803
TCGH14,1,2512082315,1.329840248812658,1.2955161486663238,2.1716837046820285,2.6103263744804925,2.471793438770419,2.236009246533846,1.1349858916093958,0.41821709203162616,0.1925464726044262
TCGH15,1,2512082315,1.0609354735001735,1.016692815530312,1.0325127091095523,1.5498035997003337,1.0214546369452844,1.2680704107980865,0.5890055858207073,0.25147091933276366,0.5404916194227096
TCGH16,2,"2512082315,2601061018",1.2680771202665733,1.226686285075949,1.606594909318651,1.7510260815043608,1.625471460944555,2.044877919946817,3.917497804912725,8.883251926975289,7.084410713080185
TCGH17,1,2512082315,2.2870676943973676,2.409842529009526,2.622825539554488,2.6055349436723483,2.5240811494793185,2.28429061494249,1.5056603412757215,1.2757423220770834,1.323069000951652
TCGH19,1,2512082315,0.7684293582511889,0.8808485412007185,1.58903703822672,2.4398413940929506,2.0755145204302665,0.950242280324289,0.662821450178525,0.30845119296534873,1.0934719084733464
TKCH01,1,2512082315,1.082221338043715,1.6708196286159043,2.1232177726503934,2.41481563055058,2.146090927606143,1.3736609216036593,1.352587886630711,0.8604232018332306,0.9011819278312007
TKCH02,1,2512082315,1.7680586025617966,1.7070937095503464,2.5262500882801873,2.5571177748663922,2.223170428140963,1.7125944684381702,0.9728289326492291,0.7356150989989357,0.9306609757217428
TKCH04,1,2512082315,0.9286428186691267,0.9073497223355227,1.207422493383377,2.3516400274241502,1.6684090097046251,0.9235725217963293,0.8189007826006798,0.6672611124240008,0.9599532840883258
TKCH05,1,2512082315,0.5296620835791774,0.6769008903960694,1.2369526659629264,2.5579288891567793,2.3318251165855477,1.499854592194359,0.7536632998184761,0.3483832180908485,0.9402502133065882
TKCH06,1,2512082315,1.0216590310567872,1.1395498448069576,1.6090983544520836,1.599994413103907,0.9200309745292821,1.009871559316085,1.4856329314218297,1.631502514104223,1.602231343257201
TKCH07,1,2512082315,0.4222500184331257,0.5787013724162288,1.2642830164546817,2.147537074838998,0.938271299776505,0.4082432056853448,0.45467626641874065,1.1067698688846794,4.219299520328767
TKCH08,1,2512082315,0.6542985543675385,0.6424853039183915,1.2296288502637467,2.5257107587870524,2.136178057314729,0.7274362734231282,0.6743576605907048,0.27381861402408203,1.136751490587769
TKCH10,1,2512082315,1.5241071210783916,1.7053608676089203,2.3552903180178872,2.580649810997229,2.519533595230526,2.3286011959697293,1.1679547943599273,0.7915260364880236,0.4897531350097244
TKSH02,1,2601061018,6.404553072621138,5.5288848285366745,3.7254571851985836,1.016434577452625,1.0758984148025026,1.3876826080375957,6.515621869644566,15.724801053895547,3.396277319399254
TKSH03,1,2601061018,2.4117118866235603,3.102383911924309,1.1855236644269047,1.0412603486176746,1.143287255455368,1.4314642571875815,3.065299679090444,9.489636700533808,5.385318028040711
TKSH04,1,2601061018,3.4552203597361606,3.144248860822077,1.885945000444485,1.056589254978596,1.1044883047417509,1.404737430642364,7.555704443285358,6.129301608054469,5.510445652541177
TKSH05,1,2601061018,4.017224345373574,3.0047085340766024,1.2793959596107753,1.0736359123545078,1.2094202634862892,2.0117635060648684,7.306341553126929,6.022432816087987,6.7509127243500595
TKSH06,1,2601061018,3.836746938879576,2.5831763704823314,2.1896772896136714,1.0612032182044637,1.1999884365566165,1.8879814448616847,6.545014072431739,3.7224562108307078,4.641571008881305
TKYH12,1,2512082315,0.5055914459796153,0.8839578546994681,2.1565906244278796,2.4485588569694325,1.9403478453003888,0.8804957876252846,0.33825509150996047,0.3843197040365315,0.6236504485385803
TKYH13,1,2512082315,2.0241584886596393,1.9644239204688776,2.5022541915136096,2.6443442959493515,2.5965629237997083,2.3201401631337624,1.5442823797561527,0.38818232585518725,0.48332937299451084
TTRH01,1,2601061018,3.382347661390467,3.4603845821394463,1.3351159263196757,1.087794753579019,1.2407270814998639,2.2043986667272972,2.8166095876481023,4.630493931737016,2.9921750494341426
TTRH02,1,2601061018,5.206736245373006,5.049458871044006,4.4071680790968655,1.0638096349454977,1.2251332711167382,2.5312630223494095,7.473305327269314,5.883045739446507,5.792730159159738
TTRH03,1,2601061018,6.353694513844949,8.460910784414878,4.8523335342492055,1.1254230443618733,2.1132527785467916,23.74782827435016,4.720968359732907,5.3637900324991605,2.2956202421923146
TTRH04,1,2601061018,3.9110606275069877,3.702513895621241,3.3883153217099142,1.29070724387061,2.8625681054721577,4.298855876570667,2.3471753410737217,5.394577463016191,1.1228140959715147
TTRH06,1,2601061018,12.98905523365119,7.180030152833599,2.3910618099453114,1.0529783199443623,1.154262499491538,1.4534591364082055,7.020186794953635,10.007043105473288,2.804397001895789
TYMH04,1,2512082315,2.7583688187627997,2.301179605501602,2.425040078527612,2.532600177776461,2.2862030325947074,1.798810329935938,2.2186237997850653,1.5472860779732602,0.8477383749285254
WKYH05,1,2601061018,1.252549012804758,1.1355631969785607,1.1697237624074814,1.027362940945743,1.0711742926808516,1.1042431995141762,1.9179573986176348,2.655885112991533,3.1207660796304553
WKYH06,1,2601061018,1.5569745571131797,1.3477679524427084,1.1200473938939768,1.0712902106611413,1.118548447671683,1.3195253633969433,2.1664420582470574,5.110432316881199,8.188914703974687
WKYH07,1,2601061018,1.8688451965345134,2.0394158277186865,1.2346544275057227,1.0572216130371201,1.1159438237865196,1.4855356243561975,8.333089215915788,6.236470218732739,6.877435196703818
WKYH10,1,2601061018,1.728672159962354,1.5897562632239133,1.468062601454557,1.0482706532122341,1.0881467796072664,1.1943424642864024,2.3561875967491,7.1564750423030405,5.081869497234393
YMGH03,1,2601061018,1.4564155740303266,1.5930589378640954,1.3526858684526142,1.0788717261465035,1.1266060428655487,1.352558554845115,2.0559042809075243,1.7920078727618152,2.43900571324205
YMGH04,1,2601061018,1.5395476997635775,1.4150527715032555,1.2047191819570817,1.0200932578571082,1.0482851223441412,1.122495296318607,2.0327948460686764,2.2762491225171115,3.4207530862562425
YMGH06,1,2601061018,1.591054552705517,1.2584625663308877,1.0727726711408083,1.0474080325934172,1.1555763345164383,1.6440456729078075,2.0753643495615903,1.3368742697097047,1.1267056395334805
YMGH07,1,2601061018,2.0075210984095113,1.6256535598272013,1.2194585057653544,1.032807901771724,1.1883181703000096,1.657293758854214,2.6734561129660337,4.837765559117861,5.957740362818111
YMGH08,1,2601061018,2.9014607175296336,2.3834949388152404,1.5435740140988499,1.066249860957028,1.2880178171909522,1.8750397906315717,5.522687875468236,7.4345966643766825,4.519835025087774
YMGH09,1,2601061018,3.045054422165277,3.7339255202999455,1.533615247548121,1.048339497591122,1.119839276386229,1.4484671327307366,4.4277846907128,12.947379047922919,4.413377351617065
YMGH10,1,2601061018,3.3800113849640914,3.717322873899006,1.3433379345232759,1.023139015589901,1.162150703341169,1.4139853253713777,2.7409231360782402,12.147063572132385,3.4226607240142246
YMGH11,1,2601061018,2.847515319403191,2.544761711205399,1.537823353734605,1.0775230766869301,1.2392333381371108,1.521675815973975,2.2824230009274444,3.8297843170306134,9.29818996556028
YMGH14,1,2601061018,4.115579755979019,5.018455905823309,2.220918035130169,1.1989122640385594,1.3549081471037283,1.8980750504657027,9.836050341686072,11.214455504441883,7.384142669123467
YMGH15,1,2601061018,1.6633029593043176,1.8055458833838687,1.2267763922205284,1.0333544709389415,1.0723440306172465,1.1828563102776342,1.8359474699667284,9.320298593926545,7.2685462898275865
YMGH16,1,2601061018,6.584642193868644,3.3919523799778846,1.6647347341777743,1.1065453616713916,1.1621306993733955,1.406420874646335,4.892811696111818,9.531447892798301,7.771559876708693
YMNH09,1,2512082315,1.7242658017255124,1.6105404532608354,2.144323167224625,1.95785418822621,1.7754201733762256,1.3211157737244914,0.6596489764545056,0.5010952206606315,0.3196035251370381
YMNH10,1,2512082315,2.2400503054331815,2.3063498051253393,2.522771330743552,2.6179374486118974,2.51482848847479,2.2093919111598,0.9927955610253546,0.5079575485757903,0.8166519419608207
YMNH11,2,"2512082315,2601061018",1.3834326650192936,1.2010184187278783,1.1077407358310374,1.1624143990914193,1.163770512581304,1.9949634732848935,8.39443910799253,8.544520177482086,13.680920050314507
YMNH12,2,"2512082315,2601061018",1.0664927104423418,1.1291441322403775,1.1777204431265245,1.1621806483361268,1.1686350814077358,1.312378541237896,1.8139044378851912,2.602222967403601,2.485043409731857
YMNH14,1,2512082315,1.386672366042222,1.4699159179202195,2.2018538854252303,2.492451561269228,2.1285669692002958,1.359730820573632,0.5643054993423051,0.19466363212065724,0.21854350247758497
YMTH02,1,2512082315,1.2820627113354068,1.4234145447811546,2.533122099091766,2.08105219032743,1.0730975926138555,1.1221205016164957,0.7475226018606848,0.8557049757714643,1.4452471952206452
YMTH03,1,2512082315,2.0067189410640633,2.1068384906856097,2.500469695539221,2.537114862162708,2.336697779470664,1.9920294302469892,0.8622359270268816,0.6077190853048033,0.6192143309339126
YMTH06,1,2512082315,0.5641796217039936,0.5548180565971027,1.4111081935858851,1.7806170810896416,1.0289374741573631,0.34333137569198163,0.2889407475356941,0.6425194208967853,0.5078022333072105
YMTH07,1,2512082315,1.248322670743811,1.6426360031282448,1.6788622247683902,2.3365944577103575,1.6340188282711576,1.3775215750297884,0.5172194029542941,1.8121333705022256,1.9896578100316549
YMTH08,1,2512082315,1.4531860385541309,1.6837294968202035,2.251060991719801,2.461395242584389,2.068480983576528,1.2714089652336398,1.1426248460875548,0.5294546005254642,0.9538813350127353
YMTH10,1,2512082315,1.170028426163987,1.251784743939697,2.0415634079374096,2.279517244499485,1.5977364860823913,0.736434299375554,0.7647230399186624,0.7678434352271573,0.9774745322709844
YMTH11,1,2512082315,1.761694179171147,1.8929231283648347,2.0382722237506288,2.445083391731589,2.1147098351553346,1.3785077517315956,0.9584020016136003,1.279274594192031,0.8394125210250788
YMTH12,1,2512082315,0.9527945188524332,1.106546612985899,1.4074377760464014,1.76592200667675,1.170189338257284,0.9646193184832479,1.1843882159525951,1.5911238458352317,1.5073486394231574
YMTH13,1,2512082315,2.3406820844034457,2.2612727381362685,2.3630672581515584,2.64143825127615,2.481050850007097,2.0945656673214503,1.1798606624209962,0.7969228566699793,0.27690809752952233
YMTH15,1,2512082315,0.6889479997636769,0.8954392151395842,1.6602410964401368,1.8633965439997955,1.195381963826044,0.36226442122034763,0.5686900012073333,0.4582509455770467,0.6965034670301442
