site_code,example_type,lon,lat,imt,iml_g,poe_50yr,station_multiplier,corrected_iml_g
MYZH15,q95,131.58929,32.3654,PGA,0.005,0.9139377,1.0,0.005
MYZH15,q95,131.58929,32.3654,PGA,0.0065272,0.9138072,1.0,0.0065272
MYZH15,q95,131.58929,32.3654,PGA,0.0085208,0.9134516,1.0,0.0085208
MYZH15,q95,131.58929,32.3654,PGA,0.0111234,0.9125583,1.0,0.0111234
MYZH15,q95,131.58929,32.3654,PGA,0.014521,0.9104769,1.0,0.014521
MYZH15,q95,131.58929,32.3654,PGA,0.0189562,0.9059644,1.0,0.0189562
MYZH15,q95,131.58929,32.3654,PGA,0.0247462,0.896859,1.0,0.0247462
MYZH15,q95,131.58929,32.3654,PGA,0.0323046,0.8798063,1.0,0.0323046
MYZH15,q95,131.58929,32.3654,PGA,0.0421716,0.850311,1.0,0.0421716
MYZH15,q95,131.58929,32.3654,PGA,0.0550525,0.803479,1.0,0.0550525
MYZH15,q95,131.58929,32.3654,PGA,0.0718676,0.7356317,1.0,0.0718676
MYZH15,q95,131.58929,32.3654,PGA,0.0938187,0.6464124,1.0,0.0938187
MYZH15,q95,131.58929,32.3654,PGA,0.1224745,0.5403138,1.0,0.1224745
MYZH15,q95,131.58929,32.3654,PGA,0.1598829,0.4264207,1.0,0.1598829
MYZH15,q95,131.58929,32.3654,PGA,0.2087172,0.3160222,1.0,0.2087172
MYZH15,q95,131.58929,32.3654,PGA,0.2724674,0.2191591,1.0,0.2724674
MYZH15,q95,131.58929,32.3654,PGA,0.3556893,0.141917,1.0,0.3556893
MYZH15,q95,131.58929,32.3654,PGA,0.4643304,0.08566715,1.0,0.4643304
MYZH15,q95,131.58929,32.3654,PGA,0.6061547,0.04810637,1.0,0.6061547
MYZH15,q95,131.58929,32.3654,PGA,0.7912974,0.02505854,1.0,0.7912974
MYZH15,q95,131.58929,32.3654,PGA,1.0329898,0.01206593,1.0,1.0329898
MYZH15,q95,131.58929,32.3654,PGA,1.3485043,0.005351603,1.0,1.3485043
MYZH15,q95,131.58929,32.3654,PGA,1.760389,0.002179638,1.0,1.760389
MYZH15,q95,131.58929,32.3654,PGA,2.298079,0.0008132011,1.0,2.298079
MYZH15,q95,131.58929,32.3654,PGA,3.0,0.0002773106,1.0,3.0
KOCH10,q05,133.4388,33.5313,PGA,0.005,0.9502304,1.0,0.005
KOCH10,q05,133.4388,33.5313,PGA,0.0065272,0.9477937,1.0,0.0065272
KOCH10,q05,133.4388,33.5313,PGA,0.0085208,0.9441997,1.0,0.0085208
KOCH10,q05,133.4388,33.5313,PGA,0.0111234,0.9393476,1.0,0.0111234
KOCH10,q05,133.4388,33.5313,PGA,0.014521,0.9332913,1.0,0.014521
KOCH10,q05,133.4388,33.5313,PGA,0.0189562,0.9262045,1.0,0.0189562
KOCH10,q05,133.4388,33.5313,PGA,0.0247462,0.9182861,1.0,0.0247462
KOCH10,q05,133.4388,33.5313,PGA,0.0323046,0.9096232,1.0,0.0323046
KOCH10,q05,133.4388,33.5313,PGA,0.0421716,0.8999938,1.0,0.0421716
KOCH10,q05,133.4388,33.5313,PGA,0.0550525,0.8885491,1.0,0.0550525
KOCH10,q05,133.4388,33.5313,PGA,0.0718676,0.8733464,1.0,0.0718676
KOCH10,q05,133.4388,33.5313,PGA,0.0938187,0.850899,1.0,0.0938187
KOCH10,q05,133.4388,33.5313,PGA,0.1224745,0.8161743,1.0,0.1224745
KOCH10,q05,133.4388,33.5313,PGA,0.1598829,0.7635643,1.0,0.1598829
KOCH10,q05,133.4388,33.5313,PGA,0.2087172,0.6890003,1.0,0.2087172
KOCH10,q05,133.4388,33.5313,PGA,0.2724674,0.5925549,1.0,0.2724674
KOCH10,q05,133.4388,33.5313,PGA,0.3556893,0.480093,1.0,0.3556893
KOCH10,q05,133.4388,33.5313,PGA,0.4643304,0.3625897,1.0,0.4643304
KOCH10,q05,133.4388,33.5313,PGA,0.6061547,0.2529415,1.0,0.6061547
KOCH10,q05,133.4388,33.5313,PGA,0.7912974,0.1617365,1.0,0.7912974
KOCH10,q05,133.4388,33.5313,PGA,1.0329898,0.09420028,1.0,1.0329898
KOCH10,q05,133.4388,33.5313,PGA,1.3485043,0.04972264,1.0,1.3485043
KOCH10,q05,133.4388,33.5313,PGA,1.760389,0.02368984,1.0,1.760389
KOCH10,q05,133.4388,33.5313,PGA,2.298079,0.01015538,1.0,2.298079
KOCH10,q05,133.4388,33.5313,PGA,3.0,0.003907382,1.0,3.0
KYTH07,maximum_negative,135.74609,34.8983,PGA,0.005,0.9532839,1.0,0.005
KYTH07,maximum_negative,135.74609,34.8983,PGA,0.0065272,0.9532392,1.0,0.0065272
KYTH07,maximum_negative,135.74609,34.8983,PGA,0.0085208,0.9531028,1.0,0.0085208
KYTH07,maximum_negative,135.74609,34.8983,PGA,0.0111234,0.9527221,1.0,0.0111234
KYTH07,maximum_negative,135.74609,34.8983,PGA,0.014521,0.9517508,1.0,0.014521
KYTH07,maximum_negative,135.74609,34.8983,PGA,0.0189562,0.9494753,1.0,0.0189562
KYTH07,maximum_negative,135.74609,34.8983,PGA,0.0247462,0.9445332,1.0,0.0247462
KYTH07,maximum_negative,135.74609,34.8983,PGA,0.0323046,0.9344314,1.0,0.0323046
KYTH07,maximum_negative,135.74609,34.8983,PGA,0.0421716,0.9147451,1.0,0.0421716
KYTH07,maximum_negative,135.74609,34.8983,PGA,0.0550525,0.8782594,1.0,0.0550525
KYTH07,maximum_negative,135.74609,34.8983,PGA,0.0718676,0.8154655,1.0,0.0718676
KYTH07,maximum_negative,135.74609,34.8983,PGA,0.0938187,0.7185254,1.0,0.0938187
KYTH07,maximum_negative,135.74609,34.8983,PGA,0.1224745,0.5882742,1.0,0.1224745
KYTH07,maximum_negative,135.74609,34.8983,PGA,0.1598829,0.4388326,1.0,0.1598829
KYTH07,maximum_negative,135.74609,34.8983,PGA,0.2087172,0.293729,1.0,0.2087172
KYTH07,maximum_negative,135.74609,34.8983,PGA,0.2724674,0.1746923,1.0,0.2724674
KYTH07,maximum_negative,135.74609,34.8983,PGA,0.3556893,0.09190468,1.0,0.3556893
KYTH07,maximum_negative,135.74609,34.8983,PGA,0.4643304,0.04276328,1.0,0.4643304
KYTH07,maximum_negative,135.74609,34.8983,PGA,0.6061547,0.01765659,1.0,0.6061547
KYTH07,maximum_negative,135.74609,34.8983,PGA,0.7912974,0.006511748,1.0,0.7912974
KYTH07,maximum_negative,135.74609,34.8983,PGA,1.0329898,0.00216642,1.0,1.0329898
KYTH07,maximum_negative,135.74609,34.8983,PGA,1.3485043,0.0006582737,1.0,1.3485043
KYTH07,maximum_negative,135.74609,34.8983,PGA,1.760389,0.000184834,1.0,1.760389
KYTH07,maximum_negative,135.74609,34.8983,PGA,2.298079,4.822016e-05,1.0,2.298079
KYTH07,maximum_negative,135.74609,34.8983,PGA,3.0,1.1608e-05,1.0,3.0
NIG024,maximum_positive,138.4442,37.1274,PGA,0.005,0.8604047,1.0,0.005
NIG024,maximum_positive,138.4442,37.1274,PGA,0.0065272,0.8514031,1.0,0.0065272
NIG024,maximum_positive,138.4442,37.1274,PGA,0.0085208,0.8347618,1.0,0.0085208
NIG024,maximum_positive,138.4442,37.1274,PGA,0.0111234,0.8064654,1.0,0.0111234
NIG024,maximum_positive,138.4442,37.1274,PGA,0.014521,0.7622628,1.0,0.014521
NIG024,maximum_positive,138.4442,37.1274,PGA,0.0189562,0.6989461,1.0,0.0189562
NIG024,maximum_positive,138.4442,37.1274,PGA,0.0247462,0.615981,1.0,0.0247462
NIG024,maximum_positive,138.4442,37.1274,PGA,0.0323046,0.516813,1.0,0.0323046
NIG024,maximum_positive,138.4442,37.1274,PGA,0.0421716,0.4089995,1.0,0.0421716
NIG024,maximum_positive,138.4442,37.1274,PGA,0.0550525,0.3026982,1.0,0.0550525
NIG024,maximum_positive,138.4442,37.1274,PGA,0.0718676,0.2079065,1.0,0.0718676
NIG024,maximum_positive,138.4442,37.1274,PGA,0.0938187,0.1316483,1.0,0.0938187
NIG024,maximum_positive,138.4442,37.1274,PGA,0.1224745,0.07642189,1.0,0.1224745
NIG024,maximum_positive,138.4442,37.1274,PGA,0.1598829,0.04048266,1.0,0.1598829
NIG024,maximum_positive,138.4442,37.1274,PGA,0.2087172,0.0194964,1.0,0.2087172
NIG024,maximum_positive,138.4442,37.1274,PGA,0.2724674,0.008511588,1.0,0.2724674
NIG024,maximum_positive,138.4442,37.1274,PGA,0.3556893,0.003361121,1.0,0.3556893
NIG024,maximum_positive,138.4442,37.1274,PGA,0.4643304,0.001198575,1.0,0.4643304
NIG024,maximum_positive,138.4442,37.1274,PGA,0.6061547,0.000385493,1.0,0.6061547
NIG024,maximum_positive,138.4442,37.1274,PGA,0.7912974,0.0001116544,1.0,0.7912974
NIG024,maximum_positive,138.4442,37.1274,PGA,1.0329898,2.901256e-05,1.0,1.0329898
NIG024,maximum_positive,138.4442,37.1274,PGA,1.3485043,6.690622e-06,1.0,1.3485043
NIG024,maximum_positive,138.4442,37.1274,PGA,1.760389,1.296401e-06,1.0,1.760389
NIG024,maximum_positive,138.4442,37.1274,PGA,2.298079,1.639128e-07,1.0,2.298079
NIG024,maximum_positive,138.4442,37.1274,PGA,3.0,0.0,1.0,3.0
FKS031,q50,140.8087,37.3363,PGA,0.005,0.4617474,1.0,0.005
FKS031,q50,140.8087,37.3363,PGA,0.0065272,0.4264406,1.0,0.0065272
FKS031,q50,140.8087,37.3363,PGA,0.0085208,0.378625,1.0,0.0085208
FKS031,q50,140.8087,37.3363,PGA,0.0111234,0.3200942,1.0,0.0111234
FKS031,q50,140.8087,37.3363,PGA,0.014521,0.2553706,1.0,0.014521
FKS031,q50,140.8087,37.3363,PGA,0.0189562,0.1907446,1.0,0.0189562
FKS031,q50,140.8087,37.3363,PGA,0.0247462,0.1324977,1.0,0.0247462
FKS031,q50,140.8087,37.3363,PGA,0.0323046,0.08512212,1.0,0.0323046
FKS031,q50,140.8087,37.3363,PGA,0.0421716,0.05035314,1.0,0.0421716
FKS031,q50,140.8087,37.3363,PGA,0.0550525,0.02733006,1.0,0.0550525
FKS031,q50,140.8087,37.3363,PGA,0.0718676,0.01357399,1.0,0.0718676
FKS031,q50,140.8087,37.3363,PGA,0.0938187,0.006156564,1.0,0.0938187
FKS031,q50,140.8087,37.3363,PGA,0.1224745,0.002546206,1.0,0.1224745
FKS031,q50,140.8087,37.3363,PGA,0.1598829,0.0009592324,1.0,0.1598829
FKS031,q50,140.8087,37.3363,PGA,0.2087172,0.0003289431,1.0,0.2087172
FKS031,q50,140.8087,37.3363,PGA,0.2724674,0.0001025945,1.0,0.2724674
FKS031,q50,140.8087,37.3363,PGA,0.3556893,2.907216e-05,1.0,0.3556893
FKS031,q50,140.8087,37.3363,PGA,0.4643304,7.405877e-06,1.0,0.4643304
FKS031,q50,140.8087,37.3363,PGA,0.6061547,1.639128e-06,1.0,0.6061547
FKS031,q50,140.8087,37.3363,PGA,0.7912974,2.682209e-07,1.0,0.7912974
FKS031,q50,140.8087,37.3363,PGA,1.0329898,2.980232e-08,1.0,1.0329898
FKS031,q50,140.8087,37.3363,PGA,1.3485043,0.0,1.0,1.3485043
FKS031,q50,140.8087,37.3363,PGA,1.760389,0.0,1.0,1.760389
FKS031,q50,140.8087,37.3363,PGA,2.298079,0.0,1.0,2.298079
FKS031,q50,140.8087,37.3363,PGA,3.0,0.0,1.0,3.0
MYZH15,q95,131.58929,32.3654,SA(0.3),0.005,0.913997,1.0,0.005
MYZH15,q95,131.58929,32.3654,SA(0.3),0.0067995,0.9139866,1.0,0.0067995
MYZH15,q95,131.58929,32.3654,SA(0.3),0.0092466,0.9139469,1.0,0.0092466
MYZH15,q95,131.58929,32.3654,SA(0.3),0.0125743,0.9138113,1.0,0.0125743
MYZH15,q95,131.58929,32.3654,SA(0.3),0.0170998,0.9133955,1.0,0.0170998
MYZH15,q95,131.58929,32.3654,SA(0.3),0.0232539,0.9122392,1.0,0.0232539
MYZH15,q95,131.58929,32.3654,SA(0.3),0.0316228,0.9093071,1.0,0.0316228
MYZH15,q95,131.58929,32.3654,SA(0.3),0.0430036,0.9025162,1.0,0.0430036
MYZH15,q95,131.58929,32.3654,SA(0.3),0.0584804,0.8881828,1.0,0.0584804
MYZH15,q95,131.58929,32.3654,SA(0.3),0.0795271,0.8607532,1.0,0.0795271
MYZH15,q95,131.58929,32.3654,SA(0.3),0.1081484,0.8134919,1.0,0.1081484
MYZH15,q95,131.58929,32.3654,SA(0.3),0.1470703,0.7407083,1.0,0.1470703
MYZH15,q95,131.58929,32.3654,SA(0.3),0.2,0.6411848,1.0,0.2
MYZH15,q95,131.58929,32.3654,SA(0.3),0.2719788,0.520965,1.0,0.2719788
MYZH15,q95,131.58929,32.3654,SA(0.3),0.3698622,0.3930449,1.0,0.3698622
MYZH15,q95,131.58929,32.3654,SA(0.3),0.5029734,0.2731794,1.0,0.5029734
MYZH15,q95,131.58929,32.3654,SA(0.3),0.6839904,0.1740398,1.0,0.6839904
MYZH15,q95,131.58929,32.3654,SA(0.3),0.9301543,0.1013481,1.0,0.9301543
MYZH15,q95,131.58929,32.3654,SA(0.3),1.2649111,0.0538504,1.0,1.2649111
MYZH15,q95,131.58929,32.3654,SA(0.3),1.7201447,0.02606367,1.0,1.7201447
MYZH15,q95,131.58929,32.3654,SA(0.3),2.3392142,0.01146613,1.0,2.3392142
MYZH15,q95,131.58929,32.3654,SA(0.3),3.1810829,0.004572734,1.0,3.1810829
MYZH15,q95,131.58929,32.3654,SA(0.3),4.325935,0.001648128,1.0,4.325935
MYZH15,q95,131.58929,32.3654,SA(0.3),5.8828122,0.0005349964,1.0,5.8828122
MYZH15,q95,131.58929,32.3654,SA(0.3),8.0,0.000155732,1.0,8.0
KOCH10,q05,133.4388,33.5313,SA(0.3),0.005,0.9525156,1.0,0.005
KOCH10,q05,133.4388,33.5313,SA(0.3),0.0067995,0.9515145,1.0,0.0067995
KOCH10,q05,133.4388,33.5313,SA(0.3),0.0092466,0.9496581,1.0,0.0092466
KOCH10,q05,133.4388,33.5313,SA(0.3),0.0125743,0.9465948,1.0,0.0125743
KOCH10,q05,133.4388,33.5313,SA(0.3),0.0170998,0.942058,1.0,0.0170998
KOCH10,q05,133.4388,33.5313,SA(0.3),0.0232539,0.9359571,1.0,0.0232539
KOCH10,q05,133.4388,33.5313,SA(0.3),0.0316228,0.9283861,1.0,0.0316228
KOCH10,q05,133.4388,33.5313,SA(0.3),0.0430036,0.9195158,1.0,0.0430036
KOCH10,q05,133.4388,33.5313,SA(0.3),0.0584804,0.9093459,1.0,0.0584804
KOCH10,q05,133.4388,33.5313,SA(0.3),0.0795271,0.8972598,1.0,0.0795271
KOCH10,q05,133.4388,33.5313,SA(0.3),0.1081484,0.8813071,1.0,0.1081484
KOCH10,q05,133.4388,33.5313,SA(0.3),0.1470703,0.8573505,1.0,0.1470703
KOCH10,q05,133.4388,33.5313,SA(0.3),0.2,0.8187426,1.0,0.2
KOCH10,q05,133.4388,33.5313,SA(0.3),0.2719788,0.7576492,1.0,0.2719788
KOCH10,q05,133.4388,33.5313,SA(0.3),0.3698622,0.6686256,1.0,0.3698622
KOCH10,q05,133.4388,33.5313,SA(0.3),0.5029734,0.5531921,1.0,0.5029734
KOCH10,q05,133.4388,33.5313,SA(0.3),0.6839904,0.4221826,1.0,0.6839904
KOCH10,q05,133.4388,33.5313,SA(0.3),0.9301543,0.2930607,1.0,0.9301543
KOCH10,q05,133.4388,33.5313,SA(0.3),1.2649111,0.1829543,1.0,1.2649111
KOCH10,q05,133.4388,33.5313,SA(0.3),1.7201447,0.1018454,1.0,1.7201447
KOCH10,q05,133.4388,33.5313,SA(0.3),2.3392142,0.0502453,1.0,2.3392142
KOCH10,q05,133.4388,33.5313,SA(0.3),3.1810829,0.02187839,1.0,3.1810829
KOCH10,q05,133.4388,33.5313,SA(0.3),4.325935,0.008386612,1.0,4.325935
KOCH10,q05,133.4388,33.5313,SA(0.3),5.8828122,0.002826005,1.0,5.8828122
KOCH10,q05,133.4388,33.5313,SA(0.3),8.0,0.0008364171,1.0,8.0
KYTH07,maximum_negative,135.74609,34.8983,SA(0.3),0.005,0.9533015,1.0,0.005
KYTH07,maximum_negative,135.74609,34.8983,SA(0.3),0.0067995,0.9532999,1.0,0.0067995
KYTH07,maximum_negative,135.74609,34.8983,SA(0.3),0.0092466,0.9532926,1.0,0.0092466
KYTH07,maximum_negative,135.74609,34.8983,SA(0.3),0.0125743,0.9532641,1.0,0.0125743
KYTH07,maximum_negative,135.74609,34.8983,SA(0.3),0.0170998,0.9531642,1.0,0.0170998
KYTH07,maximum_negative,135.74609,34.8983,SA(0.3),0.0232539,0.9528496,1.0,0.0232539
KYTH07,maximum_negative,135.74609,34.8983,SA(0.3),0.0316228,0.9519563,1.0,0.0316228
KYTH07,maximum_negative,135.74609,34.8983,SA(0.3),0.0430036,0.9496573,1.0,0.0430036
KYTH07,maximum_negative,135.74609,34.8983,SA(0.3),0.0584804,0.9442353,1.0,0.0584804
KYTH07,maximum_negative,135.74609,34.8983,SA(0.3),0.0795271,0.9323386,1.0,0.0795271
KYTH07,maximum_negative,135.74609,34.8983,SA(0.3),0.1081484,0.907757,1.0,0.1081484
KYTH07,maximum_negative,135.74609,34.8983,SA(0.3),0.1470703,0.8602602,1.0,0.1470703
KYTH07,maximum_negative,135.74609,34.8983,SA(0.3),0.2,0.7770558,1.0,0.2
KYTH07,maximum_negative,135.74609,34.8983,SA(0.3),0.2719788,0.6503491,1.0,0.2719788
KYTH07,maximum_negative,135.74609,34.8983,SA(0.3),0.3698622,0.4889205,1.0,0.3698622
KYTH07,maximum_negative,135.74609,34.8983,SA(0.3),0.5029734,0.3214455,1.0,0.5029734
KYTH07,maximum_negative,135.74609,34.8983,SA(0.3),0.6839904,0.1817502,1.0,0.6839904
KYTH07,maximum_negative,135.74609,34.8983,SA(0.3),0.9301543,0.08792353,1.0,0.9301543
KYTH07,maximum_negative,135.74609,34.8983,SA(0.3),1.2649111,0.03655021,1.0,1.2649111
KYTH07,maximum_negative,135.74609,34.8983,SA(0.3),1.7201447,0.01319332,1.0,1.7201447
KYTH07,maximum_negative,135.74609,34.8983,SA(0.3),2.3392142,0.004189283,1.0,2.3392142
KYTH07,maximum_negative,135.74609,34.8983,SA(0.3),3.1810829,0.001183912,1.0,3.1810829
KYTH07,maximum_negative,135.74609,34.8983,SA(0.3),4.325935,0.0002997369,1.0,4.325935
KYTH07,maximum_negative,135.74609,34.8983,SA(0.3),5.8828122,6.791949e-05,1.0,5.8828122
KYTH07,maximum_negative,135.74609,34.8983,SA(0.3),8.0,1.357496e-05,1.0,8.0
NIG024,maximum_positive,138.4442,37.1274,SA(0.3),0.005,0.8674526,1.0,0.005
NIG024,maximum_positive,138.4442,37.1274,SA(0.3),0.0067995,0.86586,1.0,0.0067995
NIG024,maximum_positive,138.4442,37.1274,SA(0.3),0.0092466,0.8619459,1.0,0.0092466
NIG024,maximum_positive,138.4442,37.1274,SA(0.3),0.0125743,0.8532791,1.0,0.0125743
NIG024,maximum_positive,138.4442,37.1274,SA(0.3),0.0170998,0.8359651,1.0,0.0170998
NIG024,maximum_positive,138.4442,37.1274,SA(0.3),0.0232539,0.8047487,1.0,0.0232539
NIG024,maximum_positive,138.4442,37.1274,SA(0.3),0.0316228,0.753996,1.0,0.0316228
NIG024,maximum_positive,138.4442,37.1274,SA(0.3),0.0430036,0.679732,1.0,0.0430036
NIG024,maximum_positive,138.4442,37.1274,SA(0.3),0.0584804,0.5822131,1.0,0.0584804
NIG024,maximum_positive,138.4442,37.1274,SA(0.3),0.0795271,0.4677148,1.0,0.0795271
NIG024,maximum_positive,138.4442,37.1274,SA(0.3),0.1081484,0.3480189,1.0,0.1081484
NIG024,maximum_positive,138.4442,37.1274,SA(0.3),0.1470703,0.2371057,1.0,0.1470703
NIG024,maximum_positive,138.4442,37.1274,SA(0.3),0.2,0.1464112,1.0,0.2
NIG024,maximum_positive,138.4442,37.1274,SA(0.3),0.2719788,0.08123428,1.0,0.2719788
NIG024,maximum_positive,138.4442,37.1274,SA(0.3),0.3698622,0.04021369,1.0,0.3698622
NIG024,maximum_positive,138.4442,37.1274,SA(0.3),0.5029734,0.01766476,1.0,0.5029734
NIG024,maximum_positive,138.4442,37.1274,SA(0.3),0.6839904,0.006858557,1.0,0.6839904
NIG024,maximum_positive,138.4442,37.1274,SA(0.3),0.9301543,0.002347723,1.0,0.9301543
NIG024,maximum_positive,138.4442,37.1274,SA(0.3),1.2649111,0.0007075518,1.0,1.2649111
NIG024,maximum_positive,138.4442,37.1274,SA(0.3),1.7201447,0.0001876056,1.0,1.7201447
NIG024,maximum_positive,138.4442,37.1274,SA(0.3),2.3392142,4.36753e-05,1.0,2.3392142
NIG024,maximum_positive,138.4442,37.1274,SA(0.3),3.1810829,8.836389e-06,1.0,3.1810829
NIG024,maximum_positive,138.4442,37.1274,SA(0.3),4.325935,1.430511e-06,1.0,4.325935
NIG024,maximum_positive,138.4442,37.1274,SA(0.3),5.8828122,1.639128e-07,1.0,5.8828122
NIG024,maximum_positive,138.4442,37.1274,SA(0.3),8.0,0.0,1.0,8.0
FKS031,q50,140.8087,37.3363,SA(0.3),0.005,0.5045803,1.0,0.005
FKS031,q50,140.8087,37.3363,SA(0.3),0.0067995,0.4928458,1.0,0.0067995
FKS031,q50,140.8087,37.3363,SA(0.3),0.0092466,0.471484,1.0,0.0092466
FKS031,q50,140.8087,37.3363,SA(0.3),0.0125743,0.4370238,1.0,0.0125743
FKS031,q50,140.8087,37.3363,SA(0.3),0.0170998,0.38773,1.0,0.0170998
FKS031,q50,140.8087,37.3363,SA(0.3),0.0232539,0.325176,1.0,0.0232539
FKS031,q50,140.8087,37.3363,SA(0.3),0.0316228,0.2547476,1.0,0.0316228
FKS031,q50,140.8087,37.3363,SA(0.3),0.0430036,0.1844267,1.0,0.0430036
FKS031,q50,140.8087,37.3363,SA(0.3),0.0584804,0.1222188,1.0,0.0584804
FKS031,q50,140.8087,37.3363,SA(0.3),0.0795271,0.07353394,1.0,0.0795271
FKS031,q50,140.8087,37.3363,SA(0.3),0.1081484,0.03988701,1.0,0.1081484
FKS031,q50,140.8087,37.3363,SA(0.3),0.1470703,0.01939178,1.0,0.1470703
FKS031,q50,140.8087,37.3363,SA(0.3),0.2,0.008409247,1.0,0.2
FKS031,q50,140.8087,37.3363,SA(0.3),0.2719788,0.003240466,1.0,0.2719788
FKS031,q50,140.8087,37.3363,SA(0.3),0.3698622,0.001106441,1.0,0.3698622
FKS031,q50,140.8087,37.3363,SA(0.3),0.5029734,0.0003341138,1.0,0.5029734
FKS031,q50,140.8087,37.3363,SA(0.3),0.6839904,8.907914e-05,1.0,0.6839904
FKS031,q50,140.8087,37.3363,SA(0.3),0.9301543,2.089143e-05,1.0,0.9301543
FKS031,q50,140.8087,37.3363,SA(0.3),1.2649111,4.246831e-06,1.0,1.2649111
FKS031,q50,140.8087,37.3363,SA(0.3),1.7201447,6.705523e-07,1.0,1.7201447
FKS031,q50,140.8087,37.3363,SA(0.3),2.3392142,7.45058e-08,1.0,2.3392142
FKS031,q50,140.8087,37.3363,SA(0.3),3.1810829,0.0,1.0,3.1810829
FKS031,q50,140.8087,37.3363,SA(0.3),4.325935,0.0,1.0,4.325935
FKS031,q50,140.8087,37.3363,SA(0.3),5.8828122,0.0,1.0,5.8828122
FKS031,q50,140.8087,37.3363,SA(0.3),8.0,0.0,1.0,8.0
MYZH15,q95,131.58929,32.3654,SA(1.0),0.005,0.9139695,1.0,0.005
MYZH15,q95,131.58929,32.3654,SA(1.0),0.0065272,0.9138975,1.0,0.0065272
MYZH15,q95,131.58929,32.3654,SA(1.0),0.0085208,0.9136831,1.0,0.0085208
MYZH15,q95,131.58929,32.3654,SA(1.0),0.0111234,0.913096,1.0,0.0111234
MYZH15,q95,131.58929,32.3654,SA(1.0),0.014521,0.9116158,1.0,0.014521
MYZH15,q95,131.58929,32.3654,SA(1.0),0.0189562,0.9081807,1.0,0.0189562
MYZH15,q95,131.58929,32.3654,SA(1.0),0.0247462,0.9008523,1.0,0.0247462
MYZH15,q95,131.58929,32.3654,SA(1.0),0.0323046,0.8865128,1.0,0.0323046
MYZH15,q95,131.58929,32.3654,SA(1.0),0.0421716,0.8608483,1.0,0.0421716
MYZH15,q95,131.58929,32.3654,SA(1.0),0.0550525,0.8189539,1.0,0.0550525
MYZH15,q95,131.58929,32.3654,SA(1.0),0.0718676,0.7567495,1.0,0.0718676
MYZH15,q95,131.58929,32.3654,SA(1.0),0.0938187,0.6729332,1.0,0.0938187
MYZH15,q95,131.58929,32.3654,SA(1.0),0.1224745,0.5706199,1.0,0.1224745
MYZH15,q95,131.58929,32.3654,SA(1.0),0.1598829,0.4575917,1.0,0.1598829
MYZH15,q95,131.58929,32.3654,SA(1.0),0.2087172,0.3446202,1.0,0.2087172
MYZH15,q95,131.58929,32.3654,SA(1.0),0.2724674,0.2424145,1.0,0.2724674
MYZH15,q95,131.58929,32.3654,SA(1.0),0.3556893,0.1586253,1.0,0.3556893
MYZH15,q95,131.58929,32.3654,SA(1.0),0.4643304,0.09627829,1.0,0.4643304
MYZH15,q95,131.58929,32.3654,SA(1.0),0.6061547,0.05409072,1.0,0.6061547
MYZH15,q95,131.58929,32.3654,SA(1.0),0.7912974,0.02808237,1.0,0.7912974
MYZH15,q95,131.58929,32.3654,SA(1.0),1.0329898,0.01345181,1.0,1.0329898
MYZH15,q95,131.58929,32.3654,SA(1.0),1.3485043,0.005935058,1.0,1.3485043
MYZH15,q95,131.58929,32.3654,SA(1.0),1.760389,0.002407357,1.0,1.760389
MYZH15,q95,131.58929,32.3654,SA(1.0),2.298079,0.000895828,1.0,2.298079
MYZH15,q95,131.58929,32.3654,SA(1.0),3.0,0.000305146,1.0,3.0
KOCH10,q05,133.4388,33.5313,SA(1.0),0.005,0.9515602,1.0,0.005
KOCH10,q05,133.4388,33.5313,SA(1.0),0.0065272,0.9499003,1.0,0.0065272
KOCH10,q05,133.4388,33.5313,SA(1.0),0.0085208,0.9471875,1.0,0.0085208
KOCH10,q05,133.4388,33.5313,SA(1.0),0.0111234,0.9431252,1.0,0.0111234
KOCH10,q05,133.4388,33.5313,SA(1.0),0.014521,0.9374942,1.0,0.014521
KOCH10,q05,133.4388,33.5313,SA(1.0),0.0189562,0.9301335,1.0,0.0189562
KOCH10,q05,133.4388,33.5313,SA(1.0),0.0247462,0.9207593,1.0,0.0247462
KOCH10,q05,133.4388,33.5313,SA(1.0),0.0323046,0.9085549,1.0,0.0323046
KOCH10,q05,133.4388,33.5313,SA(1.0),0.0421716,0.8915884,1.0,0.0421716
KOCH10,q05,133.4388,33.5313,SA(1.0),0.0550525,0.8663434,1.0,0.0550525
KOCH10,q05,133.4388,33.5313,SA(1.0),0.0718676,0.8278669,1.0,0.0718676
KOCH10,q05,133.4388,33.5313,SA(1.0),0.0938187,0.7709753,1.0,0.0938187
KOCH10,q05,133.4388,33.5313,SA(1.0),0.1224745,0.6924459,1.0,0.1224745
KOCH10,q05,133.4388,33.5313,SA(1.0),0.1598829,0.5933564,1.0,0.1598829
KOCH10,q05,133.4388,33.5313,SA(1.0),0.2087172,0.480225,1.0,0.2087172
KOCH10,q05,133.4388,33.5313,SA(1.0),0.2724674,0.363906,1.0,0.2724674
KOCH10,q05,133.4388,33.5313,SA(1.0),0.3556893,0.2563993,1.0,0.3556893
KOCH10,q05,133.4388,33.5313,SA(1.0),0.4643304,0.1670942,1.0,0.4643304
KOCH10,q05,133.4388,33.5313,SA(1.0),0.6061547,0.1003553,1.0,0.6061547
KOCH10,q05,133.4388,33.5313,SA(1.0),0.7912974,0.05541319,1.0,0.7912974
KOCH10,q05,133.4388,33.5313,SA(1.0),1.0329898,0.0280882,1.0,1.0329898
KOCH10,q05,133.4388,33.5313,SA(1.0),1.3485043,0.01305689,1.0,1.3485043
KOCH10,q05,133.4388,33.5313,SA(1.0),1.760389,0.005561754,1.0,1.760389
KOCH10,q05,133.4388,33.5313,SA(1.0),2.298079,0.002169073,1.0,2.298079
KOCH10,q05,133.4388,33.5313,SA(1.0),3.0,0.0007736981,1.0,3.0
KYTH07,maximum_negative,135.74609,34.8983,SA(1.0),0.005,0.9533012,1.0,0.005
KYTH07,maximum_negative,135.74609,34.8983,SA(1.0),0.0065272,0.9532984,1.0,0.0065272
KYTH07,maximum_negative,135.74609,34.8983,SA(1.0),0.0085208,0.9532872,1.0,0.0085208
KYTH07,maximum_negative,135.74609,34.8983,SA(1.0),0.0111234,0.9532474,1.0,0.0111234
KYTH07,maximum_negative,135.74609,34.8983,SA(1.0),0.014521,0.9531198,1.0,0.014521
KYTH07,maximum_negative,135.74609,34.8983,SA(1.0),0.0189562,0.9527491,1.0,0.0189562
KYTH07,maximum_negative,135.74609,34.8983,SA(1.0),0.0247462,0.9517708,1.0,0.0247462
KYTH07,maximum_negative,135.74609,34.8983,SA(1.0),0.0323046,0.94941,1.0,0.0323046
KYTH07,maximum_negative,135.74609,34.8983,SA(1.0),0.0421716,0.9441463,1.0,0.0421716
KYTH07,maximum_negative,135.74609,34.8983,SA(1.0),0.0550525,0.9331819,1.0,0.0550525
KYTH07,maximum_negative,135.74609,34.8983,SA(1.0),0.0718676,0.9117146,1.0,0.0718676
KYTH07,maximum_negative,135.74609,34.8983,SA(1.0),0.0938187,0.8724756,1.0,0.0938187
KYTH07,maximum_negative,135.74609,34.8983,SA(1.0),0.1224745,0.8068648,1.0,0.1224745
KYTH07,maximum_negative,135.74609,34.8983,SA(1.0),0.1598829,0.7090279,1.0,0.1598829
KYTH07,maximum_negative,135.74609,34.8983,SA(1.0),0.2087172,0.5816218,1.0,0.2087172
KYTH07,maximum_negative,135.74609,34.8983,SA(1.0),0.2724674,0.438493,1.0,0.2724674
KYTH07,maximum_negative,135.74609,34.8983,SA(1.0),0.3556893,0.3003287,1.0,0.3556893
KYTH07,maximum_negative,135.74609,34.8983,SA(1.0),0.4643304,0.1855081,1.0,0.4643304
KYTH07,maximum_negative,135.74609,34.8983,SA(1.0),0.6061547,0.1029304,1.0,0.6061547
KYTH07,maximum_negative,135.74609,34.8983,SA(1.0),0.7912974,0.05120492,1.0,0.7912974
KYTH07,maximum_negative,135.74609,34.8983,SA(1.0),1.0329898,0.02281502,1.0,1.0329898
KYTH07,maximum_negative,135.74609,34.8983,SA(1.0),1.3485043,0.00909704,1.0,1.3485043
KYTH07,maximum_negative,135.74609,34.8983,SA(1.0),1.760389,0.003243029,1.0,1.760389
KYTH07,maximum_negative,135.74609,34.8983,SA(1.0),2.298079,0.00103268,1.0,2.298079
KYTH07,maximum_negative,135.74609,34.8983,SA(1.0),3.0,0.0002934486,1.0,3.0
NIG024,maximum_positive,138.4442,37.1274,SA(1.0),0.005,0.8655542,1.0,0.005
NIG024,maximum_positive,138.4442,37.1274,SA(1.0),0.0065272,0.8618382,1.0,0.0065272
NIG024,maximum_positive,138.4442,37.1274,SA(1.0),0.0085208,0.8542245,1.0,0.0085208
NIG024,maximum_positive,138.4442,37.1274,SA(1.0),0.0111234,0.8398773,1.0,0.0111234
NIG024,maximum_positive,138.4442,37.1274,SA(1.0),0.014521,0.8150231,1.0,0.014521
NIG024,maximum_positive,138.4442,37.1274,SA(1.0),0.0189562,0.7754794,1.0,0.0189562
NIG024,maximum_positive,138.4442,37.1274,SA(1.0),0.0247462,0.717776,1.0,0.0247462
NIG024,maximum_positive,138.4442,37.1274,SA(1.0),0.0323046,0.6406817,1.0,0.0323046
NIG024,maximum_positive,138.4442,37.1274,SA(1.0),0.0421716,0.5465575,1.0,0.0421716
NIG024,maximum_positive,138.4442,37.1274,SA(1.0),0.0550525,0.4417594,1.0,0.0550525
NIG024,maximum_positive,138.4442,37.1274,SA(1.0),0.0718676,0.3355683,1.0,0.0718676
NIG024,maximum_positive,138.4442,37.1274,SA(1.0),0.0938187,0.2378353,1.0,0.0938187
NIG024,maximum_positive,138.4442,37.1274,SA(1.0),0.1224745,0.1562892,1.0,0.1224745
NIG024,maximum_positive,138.4442,37.1274,SA(1.0),0.1598829,0.09471008,1.0,0.1598829
NIG024,maximum_positive,138.4442,37.1274,SA(1.0),0.2087172,0.05268805,1.0,0.2087172
NIG024,maximum_positive,138.4442,37.1274,SA(1.0),0.2724674,0.02680734,1.0,0.2724674
NIG024,maximum_positive,138.4442,37.1274,SA(1.0),0.3556893,0.01243684,1.0,0.3556893
NIG024,maximum_positive,138.4442,37.1274,SA(1.0),0.4643304,0.005248606,1.0,0.4643304
NIG024,maximum_positive,138.4442,37.1274,SA(1.0),0.6061547,0.00201124,1.0,0.6061547
NIG024,maximum_positive,138.4442,37.1274,SA(1.0),0.7912974,0.0006988347,1.0,0.7912974
NIG024,maximum_positive,138.4442,37.1274,SA(1.0),1.0329898,0.0002199113,1.0,1.0329898
NIG024,maximum_positive,138.4442,37.1274,SA(1.0),1.3485043,6.256998e-05,1.0,1.3485043
NIG024,maximum_positive,138.4442,37.1274,SA(1.0),1.760389,1.601875e-05,1.0,1.760389
NIG024,maximum_positive,138.4442,37.1274,SA(1.0),2.298079,3.561378e-06,1.0,2.298079
NIG024,maximum_positive,138.4442,37.1274,SA(1.0),3.0,6.407499e-07,1.0,3.0
FKS031,q50,140.8087,37.3363,SA(1.0),0.005,0.4971657,1.0,0.005
FKS031,q50,140.8087,37.3363,SA(1.0),0.0065272,0.4814924,1.0,0.0065272
FKS031,q50,140.8087,37.3363,SA(1.0),0.0085208,0.4563395,1.0,0.0085208
FKS031,q50,140.8087,37.3363,SA(1.0),0.0111234,0.4196929,1.0,0.0111234
FKS031,q50,140.8087,37.3363,SA(1.0),0.014521,0.3712226,1.0,0.014521
FKS031,q50,140.8087,37.3363,SA(1.0),0.0189562,0.3130269,1.0,0.0189562
FKS031,q50,140.8087,37.3363,SA(1.0),0.0247462,0.2496032,1.0,0.0247462
FKS031,q50,140.8087,37.3363,SA(1.0),0.0323046,0.1868645,1.0,0.0323046
FKS031,q50,140.8087,37.3363,SA(1.0),0.0421716,0.1305392,1.0,0.0421716
FKS031,q50,140.8087,37.3363,SA(1.0),0.0550525,0.08465138,1.0,0.0550525
FKS031,q50,140.8087,37.3363,SA(1.0),0.0718676,0.05073424,1.0,0.0718676
FKS031,q50,140.8087,37.3363,SA(1.0),0.0938187,0.02799775,1.0,0.0938187
FKS031,q50,140.8087,37.3363,SA(1.0),0.1224745,0.0141809,1.0,0.1224745
FKS031,q50,140.8087,37.3363,SA(1.0),0.1598829,0.006573796,1.0,0.1598829
FKS031,q50,140.8087,37.3363,SA(1.0),0.2087172,0.002782091,1.0,0.2087172
FKS031,q50,140.8087,37.3363,SA(1.0),0.2724674,0.001072437,1.0,0.2724674
FKS031,q50,140.8087,37.3363,SA(1.0),0.3556893,0.0003757626,1.0,0.3556893
FKS031,q50,140.8087,37.3363,SA(1.0),0.4643304,0.0001193583,1.0,0.4643304
FKS031,q50,140.8087,37.3363,SA(1.0),0.6061547,3.430247e-05,1.0,0.6061547
FKS031,q50,140.8087,37.3363,SA(1.0),0.7912974,8.836389e-06,1.0,0.7912974
FKS031,q50,140.8087,37.3363,SA(1.0),1.0329898,1.981854e-06,1.0,1.0329898
FKS031,q50,140.8087,37.3363,SA(1.0),1.3485043,3.72529e-07,1.0,1.3485043
FKS031,q50,140.8087,37.3363,SA(1.0),1.760389,4.470348e-08,1.0,1.760389
FKS031,q50,140.8087,37.3363,SA(1.0),2.298079,0.0,1.0,2.298079
FKS031,q50,140.8087,37.3363,SA(1.0),3.0,0.0,1.0,3.0
MYZH15,q95,131.58929,32.3654,SA(2.0),0.005,0.9132348,1.0,0.005
MYZH15,q95,131.58929,32.3654,SA(2.0),0.0065272,0.9119053,1.0,0.0065272
MYZH15,q95,131.58929,32.3654,SA(2.0),0.0085208,0.9087239,1.0,0.0085208
MYZH15,q95,131.58929,32.3654,SA(2.0),0.0111234,0.9017652,1.0,0.0111234
MYZH15,q95,131.58929,32.3654,SA(2.0),0.014521,0.8878753,1.0,0.014521
MYZH15,q95,131.58929,32.3654,SA(2.0),0.0189562,0.8626223,1.0,0.0189562
MYZH15,q95,131.58929,32.3654,SA(2.0),0.0247462,0.8208905,1.0,0.0247462
MYZH15,q95,131.58929,32.3654,SA(2.0),0.0323046,0.7583394,1.0,0.0323046
MYZH15,q95,131.58929,32.3654,SA(2.0),0.0421716,0.6734682,1.0,0.0421716
MYZH15,q95,131.58929,32.3654,SA(2.0),0.0550525,0.5694022,1.0,0.0550525
MYZH15,q95,131.58929,32.3654,SA(2.0),0.0718676,0.4542327,1.0,0.0718676
MYZH15,q95,131.58929,32.3654,SA(2.0),0.0938187,0.3392776,1.0,0.0938187
MYZH15,q95,131.58929,32.3654,SA(2.0),0.1224745,0.2358076,1.0,0.1224745
MYZH15,q95,131.58929,32.3654,SA(2.0),0.1598829,0.1517878,1.0,0.1598829
MYZH15,q95,131.58929,32.3654,SA(2.0),0.2087172,0.0901801,1.0,0.2087172
MYZH15,q95,131.58929,32.3654,SA(2.0),0.2724674,0.04933383,1.0,0.2724674
MYZH15,q95,131.58929,32.3654,SA(2.0),0.3556893,0.02480949,1.0,0.3556893
MYZH15,q95,131.58929,32.3654,SA(2.0),0.4643304,0.01145485,1.0,0.4643304
MYZH15,q95,131.58929,32.3654,SA(2.0),0.6061547,0.004850492,1.0,0.6061547
MYZH15,q95,131.58929,32.3654,SA(2.0),0.7912974,0.001881585,1.0,0.7912974
MYZH15,q95,131.58929,32.3654,SA(2.0),1.0329898,0.0006677955,1.0,1.0329898
MYZH15,q95,131.58929,32.3654,SA(2.0),1.3485043,0.0002164692,1.0,1.3485043
MYZH15,q95,131.58929,32.3654,SA(2.0),1.760389,6.392598e-05,1.0,1.760389
MYZH15,q95,131.58929,32.3654,SA(2.0),2.298079,1.707673e-05,1.0,2.298079
MYZH15,q95,131.58929,32.3654,SA(2.0),3.0,4.023314e-06,1.0,3.0
KOCH10,q05,133.4388,33.5313,SA(2.0),0.005,0.9477966,1.0,0.005
KOCH10,q05,133.4388,33.5313,SA(2.0),0.0065272,0.9437387,1.0,0.0065272
KOCH10,q05,133.4388,33.5313,SA(2.0),0.0085208,0.9377828,1.0,0.0085208
KOCH10,q05,133.4388,33.5313,SA(2.0),0.0111234,0.9294243,1.0,0.0111234
KOCH10,q05,133.4388,33.5313,SA(2.0),0.014521,0.9177266,1.0,0.014521
KOCH10,q05,133.4388,33.5313,SA(2.0),0.0189562,0.9007004,1.0,0.0189562
KOCH10,q05,133.4388,33.5313,SA(2.0),0.0247462,0.8747056,1.0,0.0247462
KOCH10,q05,133.4388,33.5313,SA(2.0),0.0323046,0.8345393,1.0,0.0323046
KOCH10,q05,133.4388,33.5313,SA(2.0),0.0421716,0.7748001,1.0,0.0421716
KOCH10,q05,133.4388,33.5313,SA(2.0),0.0550525,0.6923724,1.0,0.0550525
KOCH10,q05,133.4388,33.5313,SA(2.0),0.0718676,0.5889094,1.0,0.0718676
KOCH10,q05,133.4388,33.5313,SA(2.0),0.0938187,0.4718169,1.0,0.0938187
KOCH10,q05,133.4388,33.5313,SA(2.0),0.1224745,0.3528001,1.0,0.1224745
KOCH10,q05,133.4388,33.5313,SA(2.0),0.1598829,0.2443457,1.0,0.1598829
KOCH10,q05,133.4388,33.5313,SA(2.0),0.2087172,0.1558054,1.0,0.2087172
KOCH10,q05,133.4388,33.5313,SA(2.0),0.2724674,0.0910472,1.0,0.2724674
KOCH10,q05,133.4388,33.5313,SA(2.0),0.3556893,0.04859222,1.0,0.3556893
KOCH10,q05,133.4388,33.5313,SA(2.0),0.4643304,0.02362463,1.0,0.4643304
KOCH10,q05,133.4388,33.5313,SA(2.0),0.6061547,0.0104423,1.0,0.6061547
KOCH10,q05,133.4388,33.5313,SA(2.0),0.7912974,0.004189387,1.0,0.7912974
KOCH10,q05,133.4388,33.5313,SA(2.0),1.0329898,0.001523301,1.0,1.0329898
KOCH10,q05,133.4388,33.5313,SA(2.0),1.3485043,0.0005012751,1.0,1.3485043
KOCH10,q05,133.4388,33.5313,SA(2.0),1.760389,0.0001490265,1.0,1.760389
KOCH10,q05,133.4388,33.5313,SA(2.0),2.298079,3.987551e-05,1.0,2.298079
KOCH10,q05,133.4388,33.5313,SA(2.0),3.0,9.49204e-06,1.0,3.0
KYTH07,maximum_negative,135.74609,34.8983,SA(2.0),0.005,0.9531834,1.0,0.005
KYTH07,maximum_negative,135.74609,34.8983,SA(2.0),0.0065272,0.9529459,1.0,0.0065272
KYTH07,maximum_negative,135.74609,34.8983,SA(2.0),0.0085208,0.9523211,1.0,0.0085208
KYTH07,maximum_negative,135.74609,34.8983,SA(2.0),0.0111234,0.9508095,1.0,0.0111234
KYTH07,maximum_negative,135.74609,34.8983,SA(2.0),0.014521,0.9474245,1.0,0.014521
KYTH07,maximum_negative,135.74609,34.8983,SA(2.0),0.0189562,0.9403515,1.0,0.0189562
KYTH07,maximum_negative,135.74609,34.8983,SA(2.0),0.0247462,0.9264765,1.0,0.0247462
KYTH07,maximum_negative,135.74609,34.8983,SA(2.0),0.0323046,0.9009278,1.0,0.0323046
KYTH07,maximum_negative,135.74609,34.8983,SA(2.0),0.0421716,0.8571569,1.0,0.0421716
KYTH07,maximum_negative,135.74609,34.8983,SA(2.0),0.0550525,0.7884426,1.0,0.0550525
KYTH07,maximum_negative,135.74609,34.8983,SA(2.0),0.0718676,0.6912497,1.0,0.0718676
KYTH07,maximum_negative,135.74609,34.8983,SA(2.0),0.0938187,0.5691397,1.0,0.0938187
KYTH07,maximum_negative,135.74609,34.8983,SA(2.0),0.1224745,0.4342046,1.0,0.1224745
KYTH07,maximum_negative,135.74609,34.8983,SA(2.0),0.1598829,0.303734,1.0,0.1598829
KYTH07,maximum_negative,135.74609,34.8983,SA(2.0),0.2087172,0.1934494,1.0,0.2087172
KYTH07,maximum_negative,135.74609,34.8983,SA(2.0),0.2724674,0.1117504,1.0,0.2724674
KYTH07,maximum_negative,135.74609,34.8983,SA(2.0),0.3556893,0.0584583,1.0,0.3556893
KYTH07,maximum_negative,135.74609,34.8983,SA(2.0),0.4643304,0.02768064,1.0,0.4643304
KYTH07,maximum_negative,135.74609,34.8983,SA(2.0),0.6061547,0.01186398,1.0,0.6061547
KYTH07,maximum_negative,135.74609,34.8983,SA(2.0),0.7912974,0.004602835,1.0,0.7912974
KYTH07,maximum_negative,135.74609,34.8983,SA(2.0),1.0329898,0.001616552,1.0,1.0329898
KYTH07,maximum_negative,135.74609,34.8983,SA(2.0),1.3485043,0.0005140007,1.0,1.3485043
KYTH07,maximum_negative,135.74609,34.8983,SA(2.0),1.760389,0.0001478791,1.0,1.760389
KYTH07,maximum_negative,135.74609,34.8983,SA(2.0),2.298079,3.835559e-05,1.0,2.298079
KYTH07,maximum_negative,135.74609,34.8983,SA(2.0),3.0,8.806586e-06,1.0,3.0
NIG024,maximum_positive,138.4442,37.1274,SA(2.0),0.005,0.8507979,1.0,0.005
NIG024,maximum_positive,138.4442,37.1274,SA(2.0),0.0065272,0.8331872,1.0,0.0065272
NIG024,maximum_positive,138.4442,37.1274,SA(2.0),0.0085208,0.8031754,1.0,0.0085208
NIG024,maximum_positive,138.4442,37.1274,SA(2.0),0.0111234,0.7564275,1.0,0.0111234
NIG024,maximum_positive,138.4442,37.1274,SA(2.0),0.014521,0.689947,1.0,0.014521
NIG024,maximum_positive,138.4442,37.1274,SA(2.0),0.0189562,0.6037697,1.0,0.0189562
NIG024,maximum_positive,138.4442,37.1274,SA(2.0),0.0247462,0.5021372,1.0,0.0247462
NIG024,maximum_positive,138.4442,37.1274,SA(2.0),0.0323046,0.3933199,1.0,0.0323046
NIG024,maximum_positive,138.4442,37.1274,SA(2.0),0.0421716,0.2877744,1.0,0.0421716
NIG024,maximum_positive,138.4442,37.1274,SA(2.0),0.0550525,0.1952358,1.0,0.0550525
NIG024,maximum_positive,138.4442,37.1274,SA(2.0),0.0718676,0.1220441,1.0,0.0718676
NIG024,maximum_positive,138.4442,37.1274,SA(2.0),0.0938187,0.0699183,1.0,0.0938187
NIG024,maximum_positive,138.4442,37.1274,SA(2.0),0.1224745,0.03654575,1.0,0.1224745
NIG024,maximum_positive,138.4442,37.1274,SA(2.0),0.1598829,0.01736453,1.0,0.1598829
NIG024,maximum_positive,138.4442,37.1274,SA(2.0),0.2087172,0.007478118,1.0,0.2087172
NIG024,maximum_positive,138.4442,37.1274,SA(2.0),0.2724674,0.002912253,1.0,0.2724674
NIG024,maximum_positive,138.4442,37.1274,SA(2.0),0.3556893,0.001023769,1.0,0.3556893
NIG024,maximum_positive,138.4442,37.1274,SA(2.0),0.4643304,0.0003244281,1.0,0.4643304
NIG024,maximum_positive,138.4442,37.1274,SA(2.0),0.6061547,9.252131e-05,1.0,0.6061547
NIG024,maximum_positive,138.4442,37.1274,SA(2.0),0.7912974,2.361834e-05,1.0,0.7912974
NIG024,maximum_positive,138.4442,37.1274,SA(2.0),1.0329898,5.319715e-06,1.0,1.0329898
NIG024,maximum_positive,138.4442,37.1274,SA(2.0),1.3485043,9.685755e-07,1.0,1.3485043
NIG024,maximum_positive,138.4442,37.1274,SA(2.0),1.760389,1.192093e-07,1.0,1.760389
NIG024,maximum_positive,138.4442,37.1274,SA(2.0),2.298079,0.0,1.0,2.298079
NIG024,maximum_positive,138.4442,37.1274,SA(2.0),3.0,0.0,1.0,3.0
FKS031,q50,140.8087,37.3363,SA(2.0),0.005,0.4616111,1.0,0.005
FKS031,q50,140.8087,37.3363,SA(2.0),0.0065272,0.4263488,1.0,0.0065272
FKS031,q50,140.8087,37.3363,SA(2.0),0.0085208,0.3786859,1.0,0.0085208
FKS031,q50,140.8087,37.3363,SA(2.0),0.0111234,0.32037,1.0,0.0111234
FKS031,q50,140.8087,37.3363,SA(2.0),0.014521,0.2558144,1.0,0.014521
FKS031,q50,140.8087,37.3363,SA(2.0),0.0189562,0.191205,1.0,0.0189562
FKS031,q50,140.8087,37.3363,SA(2.0),0.0247462,0.1327997,1.0,0.0247462
FKS031,q50,140.8087,37.3363,SA(2.0),0.0323046,0.08516639,1.0,0.0323046
FKS031,q50,140.8087,37.3363,SA(2.0),0.0421716,0.05016018,1.0,0.0421716
FKS031,q50,140.8087,37.3363,SA(2.0),0.0550525,0.0270066,1.0,0.0550525
FKS031,q50,140.8087,37.3363,SA(2.0),0.0718676,0.01324056,1.0,0.0718676
FKS031,q50,140.8087,37.3363,SA(2.0),0.0938187,0.005891636,1.0,0.0938187
FKS031,q50,140.8087,37.3363,SA(2.0),0.1224745,0.002372697,1.0,0.1224745
FKS031,q50,140.8087,37.3363,SA(2.0),0.1598829,0.0008627474,1.0,0.1598829
FKS031,q50,140.8087,37.3363,SA(2.0),0.2087172,0.0002826452,1.0,0.2087172
FKS031,q50,140.8087,37.3363,SA(2.0),0.2724674,8.322299e-05,1.0,0.2724674
FKS031,q50,140.8087,37.3363,SA(2.0),0.3556893,2.193451e-05,1.0,0.3556893
FKS031,q50,140.8087,37.3363,SA(2.0),0.4643304,5.096197e-06,1.0,0.4643304
FKS031,q50,140.8087,37.3363,SA(2.0),0.6061547,9.983778e-07,1.0,0.6061547
FKS031,q50,140.8087,37.3363,SA(2.0),0.7912974,1.341105e-07,1.0,0.7912974
FKS031,q50,140.8087,37.3363,SA(2.0),1.0329898,0.0,1.0,1.0329898
FKS031,q50,140.8087,37.3363,SA(2.0),1.3485043,0.0,1.0,1.3485043
FKS031,q50,140.8087,37.3363,SA(2.0),1.760389,0.0,1.0,1.760389
FKS031,q50,140.8087,37.3363,SA(2.0),2.298079,0.0,1.0,2.298079
FKS031,q50,140.8087,37.3363,SA(2.0),3.0,0.0,1.0,3.0
MYZH15,q95,131.58929,32.3654,SA(3.0),0.005,0.9080042,0.8618777993250186,0.004309388996625093
MYZH15,q95,131.58929,32.3654,SA(3.0),0.0064178,0.9008594,0.8618777993250186,0.005531359340508105
MYZH15,q95,131.58929,32.3654,SA(3.0),0.0082377,0.8872656,0.8618777993250186,0.007099890747499706
MYZH15,q95,131.58929,32.3654,SA(3.0),0.0105737,0.8634781,0.8618777993250186,0.009113237286722949
MYZH15,q95,131.58929,32.3654,SA(3.0),0.0135721,0.8252409,0.8618777993250186,0.011697491680219085
MYZH15,q95,131.58929,32.3654,SA(3.0),0.0174207,0.7688555,0.8618777993250186,0.015014514578701352
MYZH15,q95,131.58929,32.3654,SA(3.0),0.0223607,0.6926824,0.8618777993250186,0.019272190907366944
MYZH15,q95,131.58929,32.3654,SA(3.0),0.0287015,0.5985318,0.8618777993250186,0.024737185657327024
MYZH15,q95,131.58929,32.3654,SA(3.0),0.0368403,0.4921838,0.8618777993250186,0.03175183669047348
MYZH15,q95,131.58929,32.3654,SA(3.0),0.0472871,0.3825049,0.8618777993250186,0.04075570168446209
MYZH15,q95,131.58929,32.3654,SA(3.0),0.0606962,0.2792901,0.8618777993250186,0.05231270728339119
MYZH15,q95,131.58929,32.3654,SA(3.0),0.0779078,0.1906804,0.8618777993250186,0.06714700321425368
MYZH15,q95,131.58929,32.3654,SA(3.0),0.1,0.121275,0.8618777993250186,0.08618777993250187
MYZH15,q95,131.58929,32.3654,SA(3.0),0.1283569,0.07165235,0.8618777993250186,0.11062796250018148
MYZH15,q95,131.58929,32.3654,SA(3.0),0.1647549,0.03924431,0.8618777993250186,0.14199859064001352
MYZH15,q95,131.58929,32.3654,SA(3.0),0.2114743,0.01989417,0.8618777993250186,0.1822650042977988
MYZH15,q95,131.58929,32.3654,SA(3.0),0.2714418,0.009322435,0.8618777993250186,0.23394966122882185
MYZH15,q95,131.58929,32.3654,SA(3.0),0.3484142,0.00403367,0.8618777993250186,0.3002904639495869
MYZH15,q95,131.58929,32.3654,SA(3.0),0.4472136,0.001609743,0.8618777993250186,0.38544347339621915
MYZH15,q95,131.58929,32.3654,SA(3.0),0.5740294,0.0005917847,0.8618777993250186,0.4947431960198609
MYZH15,q95,131.58929,32.3654,SA(3.0),0.7368063,0.0002001077,0.8618777993250186,0.6350369923728095
MYZH15,q95,131.58929,32.3654,SA(3.0),0.9457416,6.209314e-05,0.8618777993250186,0.815113688938122
MYZH15,q95,131.58929,32.3654,SA(3.0),1.2139245,1.753867e-05,0.8618777993250186,1.0462545766067237
MYZH15,q95,131.58929,32.3654,SA(3.0),1.5581556,4.440546e-06,0.8618777993250186,1.342939719533954
MYZH15,q95,131.58929,32.3654,SA(3.0),2.0,9.983778e-07,0.8618777993250186,1.7237555986500372
KOCH10,q05,133.4388,33.5313,SA(3.0),0.005,0.9379571,0.4136267082260136,0.002068133541130068
KOCH10,q05,133.4388,33.5313,SA(3.0),0.0064178,0.9297971,0.4136267082260136,0.0026545734880529105
KOCH10,q05,133.4388,33.5313,SA(3.0),0.0082377,0.9182553,0.4136267082260136,0.0034073327343534326
KOCH10,q05,133.4388,33.5313,SA(3.0),0.0105737,0.9014258,0.4136267082260136,0.0043735647247694
KOCH10,q05,133.4388,33.5313,SA(3.0),0.0135721,0.8760512,0.4136267082260136,0.005613783046714279
KOCH10,q05,133.4388,33.5313,SA(3.0),0.0174207,0.8376169,0.4136267082260136,0.007205666795992915
KOCH10,q05,133.4388,33.5313,SA(3.0),0.0223607,0.7814175,0.4136267082260136,0.009248982734629423
KOCH10,q05,133.4388,33.5313,SA(3.0),0.0287015,0.7045162,0.4136267082260136,0.011871706966148931
KOCH10,q05,133.4388,33.5313,SA(3.0),0.0368403,0.6078056,0.4136267082260136,0.015238132019058808
KOCH10,q05,133.4388,33.5313,SA(3.0),0.0472871,0.4970252,0.4136267082260136,0.01955920751455433
KOCH10,q05,133.4388,33.5313,SA(3.0),0.0606962,0.3819412,0.4136267082260136,0.025105569407827766
KOCH10,q05,133.4388,33.5313,SA(3.0),0.0779078,0.2737706,0.4136267082260136,0.03222474685913062
KOCH10,q05,133.4388,33.5313,SA(3.0),0.1,0.1819161,0.4136267082260136,0.041362670822601366
KOCH10,q05,133.4388,33.5313,SA(3.0),0.1283569,0.1115125,0.4136267082260136,0.053091842025095606
KOCH10,q05,133.4388,33.5313,SA(3.0),0.1647549,0.06282356,0.4136267082260136,0.06814702695110605
KOCH10,q05,133.4388,33.5313,SA(3.0),0.2114743,0.03243993,0.4136267082260136,0.08747141858340048
KOCH10,q05,133.4388,33.5313,SA(3.0),0.2714418,0.01532319,0.4136267082260136,0.11227557820894395
KOCH10,q05,133.4388,33.5313,SA(3.0),0.3484142,0.006612122,0.4136267082260136,0.14411341864519994
KOCH10,q05,133.4388,33.5313,SA(3.0),0.4472136,0.002604023,0.4136267082260136,0.18497948924190516
KOCH10,q05,133.4388,33.5313,SA(3.0),0.5740294,0.0009352565,0.4136267082260136,0.23743389114695365
KOCH10,q05,133.4388,33.5313,SA(3.0),0.7368063,0.0003060848,0.4136267082260136,0.30476276446918865
KOCH10,q05,133.4388,33.5313,SA(3.0),0.9457416,9.11504e-05,0.4136267082260136,0.39118398484040323
KOCH10,q05,133.4388,33.5313,SA(3.0),1.2139245,2.457201e-05,0.4136267082260136,0.5021115949699095
KOCH10,q05,133.4388,33.5313,SA(3.0),1.5581556,5.915761e-06,0.4136267082260136,0.6444947717319292
KOCH10,q05,133.4388,33.5313,SA(3.0),2.0,1.162291e-06,0.4136267082260136,0.8272534164520272
KYTH07,maximum_negative,135.74609,34.8983,SA(3.0),0.005,0.9522839,0.1625466584912934,0.0008127332924564671
KYTH07,maximum_negative,135.74609,34.8983,SA(3.0),0.0064178,0.9508656,0.1625466584912934,0.0010431919448654228
KYTH07,maximum_negative,135.74609,34.8983,SA(3.0),0.0082377,0.9478371,0.1625466584912934,0.0013390106086537277
KYTH07,maximum_negative,135.74609,34.8983,SA(3.0),0.0105737,0.9417391,0.1625466584912934,0.001718719602889389
KYTH07,maximum_negative,135.74609,34.8983,SA(3.0),0.0135721,0.9300973,0.1625466584912934,0.0022060995037096833
KYTH07,maximum_negative,135.74609,34.8983,SA(3.0),0.0174207,0.9090341,0.1625466584912934,0.002831676573579275
KYTH07,maximum_negative,135.74609,34.8983,SA(3.0),0.0223607,0.8732089,0.1625466584912934,0.0036346570665262644
KYTH07,maximum_negative,135.74609,34.8983,SA(3.0),0.0287015,0.8166982,0.1625466584912934,0.004665332918687858
KYTH07,maximum_negative,135.74609,34.8983,SA(3.0),0.0368403,0.7352413,0.1625466584912934,0.0059882676628167965
KYTH07,maximum_negative,135.74609,34.8983,SA(3.0),0.0472871,0.6292964,0.1625466584912934,0.00768636009474364
KYTH07,maximum_negative,135.74609,34.8983,SA(3.0),0.0606962,0.5060821,0.1625466584912934,0.009865964493119243
KYTH07,maximum_negative,135.74609,34.8983,SA(3.0),0.0779078,0.378629,0.1625466584912934,0.012663652560407988
KYTH07,maximum_negative,135.74609,34.8983,SA(3.0),0.1,0.2616044,0.1625466584912934,0.01625466584912934
KYTH07,maximum_negative,135.74609,34.8983,SA(3.0),0.1283569,0.1661469,0.1625466584912934,0.020863985189301097
KYTH07,maximum_negative,135.74609,34.8983,SA(3.0),0.1647549,0.09676126,0.1625466584912934,0.026780358465067197
KYTH07,maximum_negative,135.74609,34.8983,SA(3.0),0.2114743,0.05162448,0.1625466584912934,0.034374440821785326
KYTH07,maximum_negative,135.74609,34.8983,SA(3.0),0.2714418,0.02522588,0.1625466584912934,0.044121957564861966
KYTH07,maximum_negative,135.74609,34.8983,SA(3.0),0.3484142,0.01128903,0.1625466584912934,0.0566335639809172
KYTH07,maximum_negative,135.74609,34.8983,SA(3.0),0.4472136,0.004626721,0.1625466584912934,0.07269307631186189
KYTH07,maximum_negative,135.74609,34.8983,SA(3.0),0.5740294,0.001736581,0.1625466584912934,0.09330656084576207
KYTH07,maximum_negative,135.74609,34.8983,SA(3.0),0.7368063,0.0005969107,0.1625466584912934,0.11976540202033348
KYTH07,maximum_negative,135.74609,34.8983,SA(3.0),0.9457416,0.0001878291,0.1625466584912934,0.1537271368762094
KYTH07,maximum_negative,135.74609,34.8983,SA(3.0),1.2139245,5.397201e-05,0.1625466584912934,0.1973193711357141
KYTH07,maximum_negative,135.74609,34.8983,SA(3.0),1.5581556,1.40518e-05,0.1625466584912934,0.2532729861894964
KYTH07,maximum_negative,135.74609,34.8983,SA(3.0),2.0,3.173947e-06,0.1625466584912934,0.3250933169825868
NIG024,maximum_positive,138.4442,37.1274,SA(3.0),0.005,0.8029007,1.5497838737197396,0.007748919368598698
NIG024,maximum_positive,138.4442,37.1274,SA(3.0),0.0064178,0.7592843,1.5497838737197396,0.009946202944758545
NIG024,maximum_positive,138.4442,37.1274,SA(3.0),0.0082377,0.6983366,1.5497838737197396,0.0127666546165411
NIG024,maximum_positive,138.4442,37.1274,SA(3.0),0.0105737,0.619859,1.5497838737197396,0.01638694974555041
NIG024,maximum_positive,138.4442,37.1274,SA(3.0),0.0135721,0.5268529,1.5497838737197396,0.02103382171251168
NIG024,maximum_positive,138.4442,37.1274,SA(3.0),0.0174207,0.4255539,1.5497838737197396,0.02699831992890947
NIG024,maximum_positive,138.4442,37.1274,SA(3.0),0.0223607,0.3243345,1.5497838737197396,0.034654252265084985
NIG024,maximum_positive,138.4442,37.1274,SA(3.0),0.0287015,0.2317258,1.5497838737197396,0.04448112185156711
NIG024,maximum_positive,138.4442,37.1274,SA(3.0),0.0368403,0.1542967,1.5497838737197396,0.05709450284299732
NIG024,maximum_positive,138.4442,37.1274,SA(3.0),0.0472871,0.09525551,1.5497838737197396,0.0732847850149727
NIG024,maximum_positive,138.4442,37.1274,SA(3.0),0.0606962,0.05427551,1.5497838737197396,0.09406599195606806
NIG024,maximum_positive,138.4442,37.1274,SA(3.0),0.0779078,0.02843072,1.5497838737197396,0.12074025207698273
NIG024,maximum_positive,138.4442,37.1274,SA(3.0),0.1,0.01364492,1.5497838737197396,0.15497838737197397
NIG024,maximum_positive,138.4442,37.1274,SA(3.0),0.1283569,0.005982712,1.5497838737197396,0.19892545370065723
NIG024,maximum_positive,138.4442,37.1274,SA(3.0),0.1647549,0.002390653,1.5497838737197396,0.25533448713630835
NIG024,maximum_positive,138.4442,37.1274,SA(3.0),0.2114743,0.0008688122,1.5497838737197396,0.3277394598461703
NIG024,maximum_positive,138.4442,37.1274,SA(3.0),0.2714418,0.0002866238,1.5497838737197396,0.4206761242934588
NIG024,maximum_positive,138.4442,37.1274,SA(3.0),0.3484142,8.565187e-05,1.5497838737197396,0.5399667085349641
NIG024,maximum_positive,138.4442,37.1274,SA(3.0),0.4472136,2.30521e-05,1.5497838737197396,0.6930844253881501
NIG024,maximum_positive,138.4442,37.1274,SA(3.0),0.5740294,5.51343e-06,1.5497838737197396,0.889621507161018
NIG024,maximum_positive,138.4442,37.1274,SA(3.0),0.7368063,1.102686e-06,1.5497838737197396,1.1418905217951085
NIG024,maximum_positive,138.4442,37.1274,SA(3.0),0.9457416,1.490116e-07,1.5497838737197396,1.4656950803859043
NIG024,maximum_positive,138.4442,37.1274,SA(3.0),1.2139245,0.0,1.5497838737197396,1.881320614013298
NIG024,maximum_positive,138.4442,37.1274,SA(3.0),1.5581556,0.0,1.5497838737197396,2.4148044216261053
NIG024,maximum_positive,138.4442,37.1274,SA(3.0),2.0,0.0,1.5497838737197396,3.099567747439479
FKS031,q50,140.8087,37.3363,SA(3.0),0.005,0.390604,0.6190550085197961,0.0030952750425989805
FKS031,q50,140.8087,37.3363,SA(3.0),0.0064178,0.3380327,0.6190550085197961,0.003972971233678348
FKS031,q50,140.8087,37.3363,SA(3.0),0.0082377,0.2786313,0.6190550085197961,0.005099589443683525
FKS031,q50,140.8087,37.3363,SA(3.0),0.0105737,0.2171997,0.6190550085197961,0.006545701943585768
FKS031,q50,140.8087,37.3363,SA(3.0),0.0135721,0.1590905,0.6190550085197961,0.008401876481131524
FKS031,q50,140.8087,37.3363,SA(3.0),0.0174207,0.1088642,0.6190550085197961,0.010784371586920813
FKS031,q50,140.8087,37.3363,SA(3.0),0.0223607,0.06924264,0.6190550085197961,0.013842503329008606
FKS031,q50,140.8087,37.3363,SA(3.0),0.0287015,0.04075432,0.6190550085197961,0.01776780732703093
FKS031,q50,140.8087,37.3363,SA(3.0),0.0368403,0.02211028,0.6190550085197961,0.022806172230371843
FKS031,q50,140.8087,37.3363,SA(3.0),0.0472871,0.01101963,0.6190550085197961,0.02927331609337645
FKS031,q50,140.8087,37.3363,SA(3.0),0.0606962,0.005030587,0.6190550085197961,0.03757428660811925
FKS031,q50,140.8087,37.3363,SA(3.0),0.0779078,0.002098173,0.6190550085197961,0.048229213792758574
FKS031,q50,140.8087,37.3363,SA(3.0),0.1,0.0007977486,0.6190550085197961,0.061905500851979614
FKS031,q50,140.8087,37.3363,SA(3.0),0.1283569,0.0002759397,0.6190550085197961,0.07945998182307462
FKS031,q50,140.8087,37.3363,SA(3.0),0.1647549,8.665025e-05,0.6190550085197961,0.10199234602317817
FKS031,q50,140.8087,37.3363,SA(3.0),0.2114743,2.460182e-05,0.6190550085197961,0.13091422458821791
FKS031,q50,140.8087,37.3363,SA(3.0),0.2714418,6.243587e-06,0.6190550085197961,0.1680374058116288
FKS031,q50,140.8087,37.3363,SA(3.0),0.3484142,1.385808e-06,0.6190550085197961,0.21568755554941796
FKS031,q50,140.8087,37.3363,SA(3.0),0.4472136,2.384186e-07,0.6190550085197961,0.2768498189581687
FKS031,q50,140.8087,37.3363,SA(3.0),0.5740294,1.490116e-08,0.6190550085197961,0.35535577510761346
FKS031,q50,140.8087,37.3363,SA(3.0),0.7368063,0.0,0.6190550085197961,0.4561236303239395
FKS031,q50,140.8087,37.3363,SA(3.0),0.9457416,0.0,0.6190550085197961,0.5854660742455255
FKS031,q50,140.8087,37.3363,SA(3.0),1.2139245,0.0,0.6190550085197961,0.7514860416898893
FKS031,q50,140.8087,37.3363,SA(3.0),1.5581556,0.0,0.6190550085197961,0.964584028233168
FKS031,q50,140.8087,37.3363,SA(3.0),2.0,0.0,0.6190550085197961,1.2381100170395922
MYZH15,q95,131.58929,32.3654,SA(5.0),0.005,0.86996,1.0,0.005
MYZH15,q95,131.58929,32.3654,SA(5.0),0.0062351,0.8388647,1.0,0.0062351
MYZH15,q95,131.58929,32.3654,SA(5.0),0.0077754,0.7935593,1.0,0.0077754
MYZH15,q95,131.58929,32.3654,SA(5.0),0.0096961,0.7322448,1.0,0.0096961
MYZH15,q95,131.58929,32.3654,SA(5.0),0.0120914,0.6551656,1.0,0.0120914
MYZH15,q95,131.58929,32.3654,SA(5.0),0.0150783,0.5651555,1.0,0.0150783
MYZH15,q95,131.58929,32.3654,SA(5.0),0.018803,0.4675126,1.0,0.018803
MYZH15,q95,131.58929,32.3654,SA(5.0),0.0234479,0.3691112,1.0,0.0234479
MYZH15,q95,131.58929,32.3654,SA(5.0),0.0292402,0.2769848,1.0,0.0292402
MYZH15,q95,131.58929,32.3654,SA(5.0),0.0364633,0.196855,1.0,0.0364633
MYZH15,q95,131.58929,32.3654,SA(5.0),0.0454708,0.1321054,1.0,0.0454708
MYZH15,q95,131.58929,32.3654,SA(5.0),0.0567034,0.08349688,1.0,0.0567034
MYZH15,q95,131.58929,32.3654,SA(5.0),0.0707107,0.04959577,1.0,0.0707107
MYZH15,q95,131.58929,32.3654,SA(5.0),0.0881782,0.02763169,1.0,0.0881782
MYZH15,q95,131.58929,32.3654,SA(5.0),0.1099607,0.01441425,1.0,0.1099607
MYZH15,q95,131.58929,32.3654,SA(5.0),0.1371241,0.007028639,1.0,0.1371241
MYZH15,q95,131.58929,32.3654,SA(5.0),0.1709976,0.003198251,1.0,0.1709976
MYZH15,q95,131.58929,32.3654,SA(5.0),0.2132388,0.001355752,1.0,0.2132388
MYZH15,q95,131.58929,32.3654,SA(5.0),0.2659148,0.0005344003,1.0,0.2659148
MYZH15,q95,131.58929,32.3654,SA(5.0),0.3316032,0.0001954436,1.0,0.3316032
MYZH15,q95,131.58929,32.3654,SA(5.0),0.4135186,6.617606e-05,1.0,0.4135186
MYZH15,q95,131.58929,32.3654,SA(5.0),0.5156693,2.05934e-05,1.0,0.5156693
MYZH15,q95,131.58929,32.3654,SA(5.0),0.6430541,5.856156e-06,1.0,0.6430541
MYZH15,q95,131.58929,32.3654,SA(5.0),0.8019065,1.475215e-06,1.0,0.8019065
MYZH15,q95,131.58929,32.3654,SA(5.0),1.0,3.427267e-07,1.0,1.0
KOCH10,q05,133.4388,33.5313,SA(5.0),0.005,0.912731,1.0,0.005
KOCH10,q05,133.4388,33.5313,SA(5.0),0.0062351,0.8949438,1.0,0.0062351
KOCH10,q05,133.4388,33.5313,SA(5.0),0.0077754,0.8689722,1.0,0.0077754
KOCH10,q05,133.4388,33.5313,SA(5.0),0.0096961,0.8311954,1.0,0.0096961
KOCH10,q05,133.4388,33.5313,SA(5.0),0.0120914,0.778075,1.0,0.0120914
KOCH10,q05,133.4388,33.5313,SA(5.0),0.0150783,0.7074878,1.0,0.0150783
KOCH10,q05,133.4388,33.5313,SA(5.0),0.018803,0.6200587,1.0,0.018803
KOCH10,q05,133.4388,33.5313,SA(5.0),0.0234479,0.5198655,1.0,0.0234479
KOCH10,q05,133.4388,33.5313,SA(5.0),0.0292402,0.4140485,1.0,0.0292402
KOCH10,q05,133.4388,33.5313,SA(5.0),0.0364633,0.3112999,1.0,0.0364633
KOCH10,q05,133.4388,33.5313,SA(5.0),0.0454708,0.2197271,1.0,0.0454708
KOCH10,q05,133.4388,33.5313,SA(5.0),0.0567034,0.1449191,1.0,0.0567034
KOCH10,q05,133.4388,33.5313,SA(5.0),0.0707107,0.08896096,1.0,0.0707107
KOCH10,q05,133.4388,33.5313,SA(5.0),0.0881782,0.05066445,1.0,0.0881782
KOCH10,q05,133.4388,33.5313,SA(5.0),0.1099607,0.0266991,1.0,0.1099607
KOCH10,q05,133.4388,33.5313,SA(5.0),0.1371241,0.01299144,1.0,0.1371241
KOCH10,q05,133.4388,33.5313,SA(5.0),0.1709976,0.00582701,1.0,0.1709976
KOCH10,q05,133.4388,33.5313,SA(5.0),0.2132388,0.002405852,1.0,0.2132388
KOCH10,q05,133.4388,33.5313,SA(5.0),0.2659148,0.0009133071,1.0,0.2659148
KOCH10,q05,133.4388,33.5313,SA(5.0),0.3316032,0.0003184527,1.0,0.3316032
KOCH10,q05,133.4388,33.5313,SA(5.0),0.4135186,0.0001018345,1.0,0.4135186
KOCH10,q05,133.4388,33.5313,SA(5.0),0.5156693,2.974272e-05,1.0,0.5156693
KOCH10,q05,133.4388,33.5313,SA(5.0),0.6430541,7.852912e-06,1.0,0.6430541
KOCH10,q05,133.4388,33.5313,SA(5.0),0.8019065,1.773238e-06,1.0,0.8019065
KOCH10,q05,133.4388,33.5313,SA(5.0),1.0,2.384186e-07,1.0,1.0
KYTH07,maximum_negative,135.74609,34.8983,SA(5.0),0.005,0.9406582,1.0,0.005
KYTH07,maximum_negative,135.74609,34.8983,SA(5.0),0.0062351,0.9292355,1.0,0.0062351
KYTH07,maximum_negative,135.74609,34.8983,SA(5.0),0.0077754,0.9095277,1.0,0.0077754
KYTH07,maximum_negative,135.74609,34.8983,SA(5.0),0.0096961,0.8774279,1.0,0.0096961
KYTH07,maximum_negative,135.74609,34.8983,SA(5.0),0.0120914,0.8286043,1.0,0.0120914
KYTH07,maximum_negative,135.74609,34.8983,SA(5.0),0.0150783,0.7599602,1.0,0.0150783
KYTH07,maximum_negative,135.74609,34.8983,SA(5.0),0.018803,0.6713889,1.0,0.018803
KYTH07,maximum_negative,135.74609,34.8983,SA(5.0),0.0234479,0.5669053,1.0,0.0234479
KYTH07,maximum_negative,135.74609,34.8983,SA(5.0),0.0292402,0.4543597,1.0,0.0292402
KYTH07,maximum_negative,135.74609,34.8983,SA(5.0),0.0364633,0.3436501,1.0,0.0364633
KYTH07,maximum_negative,135.74609,34.8983,SA(5.0),0.0454708,0.244138,1.0,0.0454708
KYTH07,maximum_negative,135.74609,34.8983,SA(5.0),0.0567034,0.1623413,1.0,0.0567034
KYTH07,maximum_negative,135.74609,34.8983,SA(5.0),0.0707107,0.1007936,1.0,0.0707107
KYTH07,maximum_negative,135.74609,34.8983,SA(5.0),0.0881782,0.05833893,1.0,0.0881782
KYTH07,maximum_negative,135.74609,34.8983,SA(5.0),0.1099607,0.03144561,1.0,0.1099607
KYTH07,maximum_negative,135.74609,34.8983,SA(5.0),0.1371241,0.01577252,1.0,0.1371241
KYTH07,maximum_negative,135.74609,34.8983,SA(5.0),0.1709976,0.007356197,1.0,0.1709976
KYTH07,maximum_negative,135.74609,34.8983,SA(5.0),0.2132388,0.003187537,1.0,0.2132388
KYTH07,maximum_negative,135.74609,34.8983,SA(5.0),0.2659148,0.001281992,1.0,0.2659148
KYTH07,maximum_negative,135.74609,34.8983,SA(5.0),0.3316032,0.0004780293,1.0,0.3316032
KYTH07,maximum_negative,135.74609,34.8983,SA(5.0),0.4135186,0.0001650006,1.0,0.4135186
KYTH07,maximum_negative,135.74609,34.8983,SA(5.0),0.5156693,5.254149e-05,1.0,0.5156693
KYTH07,maximum_negative,135.74609,34.8983,SA(5.0),0.6430541,1.533329e-05,1.0,0.6430541
KYTH07,maximum_negative,135.74609,34.8983,SA(5.0),0.8019065,4.008412e-06,1.0,0.8019065
KYTH07,maximum_negative,135.74609,34.8983,SA(5.0),1.0,8.940697e-07,1.0,1.0
NIG024,maximum_positive,138.4442,37.1274,SA(5.0),0.005,0.6559411,1.0,0.005
NIG024,maximum_positive,138.4442,37.1274,SA(5.0),0.0062351,0.5762962,1.0,0.0062351
NIG024,maximum_positive,138.4442,37.1274,SA(5.0),0.0077754,0.4869756,1.0,0.0077754
NIG024,maximum_positive,138.4442,37.1274,SA(5.0),0.0096961,0.393708,1.0,0.0096961
NIG024,maximum_positive,138.4442,37.1274,SA(5.0),0.0120914,0.3030767,1.0,0.0120914
NIG024,maximum_positive,138.4442,37.1274,SA(5.0),0.0150783,0.2211758,1.0,0.0150783
NIG024,maximum_positive,138.4442,37.1274,SA(5.0),0.018803,0.152407,1.0,0.018803
NIG024,maximum_positive,138.4442,37.1274,SA(5.0),0.0234479,0.09880857,1.0,0.0234479
NIG024,maximum_positive,138.4442,37.1274,SA(5.0),0.0292402,0.0600749,1.0,0.0292402
NIG024,maximum_positive,138.4442,37.1274,SA(5.0),0.0364633,0.03415176,1.0,0.0364633
NIG024,maximum_positive,138.4442,37.1274,SA(5.0),0.0454708,0.0181042,1.0,0.0454708
NIG024,maximum_positive,138.4442,37.1274,SA(5.0),0.0567034,0.008927137,1.0,0.0567034
NIG024,maximum_positive,138.4442,37.1274,SA(5.0),0.0707107,0.004085213,1.0,0.0707107
NIG024,maximum_positive,138.4442,37.1274,SA(5.0),0.0881782,0.001731277,1.0,0.0881782
NIG024,maximum_positive,138.4442,37.1274,SA(5.0),0.1099607,0.000678122,1.0,0.1099607
NIG024,maximum_positive,138.4442,37.1274,SA(5.0),0.1371241,0.0002449751,1.0,0.1371241
NIG024,maximum_positive,138.4442,37.1274,SA(5.0),0.1709976,8.143485e-05,1.0,0.1709976
NIG024,maximum_positive,138.4442,37.1274,SA(5.0),0.2132388,2.478063e-05,1.0,0.2132388
NIG024,maximum_positive,138.4442,37.1274,SA(5.0),0.2659148,6.824732e-06,1.0,0.2659148
NIG024,maximum_positive,138.4442,37.1274,SA(5.0),0.3316032,1.66893e-06,1.0,0.3316032
NIG024,maximum_positive,138.4442,37.1274,SA(5.0),0.4135186,3.427267e-07,1.0,0.4135186
NIG024,maximum_positive,138.4442,37.1274,SA(5.0),0.5156693,4.470348e-08,1.0,0.5156693
NIG024,maximum_positive,138.4442,37.1274,SA(5.0),0.6430541,0.0,1.0,0.6430541
NIG024,maximum_positive,138.4442,37.1274,SA(5.0),0.8019065,0.0,1.0,0.8019065
NIG024,maximum_positive,138.4442,37.1274,SA(5.0),1.0,0.0,1.0,1.0
FKS031,q50,140.8087,37.3363,SA(5.0),0.005,0.2606892,1.0,0.005
FKS031,q50,140.8087,37.3363,SA(5.0),0.0062351,0.2039788,1.0,0.0062351
FKS031,q50,140.8087,37.3363,SA(5.0),0.0077754,0.1512522,1.0,0.0077754
FKS031,q50,140.8087,37.3363,SA(5.0),0.0096961,0.105866,1.0,0.0096961
FKS031,q50,140.8087,37.3363,SA(5.0),0.0120914,0.06970306,1.0,0.0120914
FKS031,q50,140.8087,37.3363,SA(5.0),0.0150783,0.04304054,1.0,0.0150783
FKS031,q50,140.8087,37.3363,SA(5.0),0.018803,0.0248588,1.0,0.018803
FKS031,q50,140.8087,37.3363,SA(5.0),0.0234479,0.01339795,1.0,0.0234479
FKS031,q50,140.8087,37.3363,SA(5.0),0.0292402,0.006724179,1.0,0.0292402
FKS031,q50,140.8087,37.3363,SA(5.0),0.0364633,0.003136605,1.0,0.0364633
FKS031,q50,140.8087,37.3363,SA(5.0),0.0454708,0.00135754,1.0,0.0454708
FKS031,q50,140.8087,37.3363,SA(5.0),0.0567034,0.0005442798,1.0,0.0567034
FKS031,q50,140.8087,37.3363,SA(5.0),0.0707107,0.0002018213,1.0,0.0707107
FKS031,q50,140.8087,37.3363,SA(5.0),0.0881782,6.906688e-05,1.0,0.0881782
FKS031,q50,140.8087,37.3363,SA(5.0),0.1099607,2.17557e-05,1.0,0.1099607
FKS031,q50,140.8087,37.3363,SA(5.0),0.1371241,6.258488e-06,1.0,0.1371241
FKS031,q50,140.8087,37.3363,SA(5.0),0.1709976,1.594424e-06,1.0,0.1709976
FKS031,q50,140.8087,37.3363,SA(5.0),0.2132388,3.278255e-07,1.0,0.2132388
FKS031,q50,140.8087,37.3363,SA(5.0),0.2659148,5.960464e-08,1.0,0.2659148
FKS031,q50,140.8087,37.3363,SA(5.0),0.3316032,0.0,1.0,0.3316032
FKS031,q50,140.8087,37.3363,SA(5.0),0.4135186,0.0,1.0,0.4135186
FKS031,q50,140.8087,37.3363,SA(5.0),0.5156693,0.0,1.0,0.5156693
FKS031,q50,140.8087,37.3363,SA(5.0),0.6430541,0.0,1.0,0.6430541
FKS031,q50,140.8087,37.3363,SA(5.0),0.8019065,0.0,1.0,0.8019065
FKS031,q50,140.8087,37.3363,SA(5.0),1.0,0.0,1.0,1.0
